Valid chains: [
  'BTC',  'LTC',
  'BCH',  'XMR',
  'ETH',  'RINKEBY',
  'ARBI', 'BERA'
]
Enabled chains: [ 'BERA' ]
{ nodesToInit: [ 'BERA' ] }
Initializing BERA wrapper...
Starting pending transaction processor for BERA
Starting confirmed transaction processor for BERA
Healthcheck server listening on port: 3003
BATCH STARTED -- 3 requests
initalizing BERA hooks...
BERA: Initializing 4 hooks
BERA: initialized default housing with 41 contracts
BERA: initialized BGT Station
QUICKNODE_BERA not configured
BERA token manager initialized
BERA: initialized Kodiak DEX
BERA: initialized Infrared
initalized BERA hooks!
Skipping updateAccountNonces for BERA debugging
(node:64704) [MONGODB DRIVER] Warning: cursor.count is deprecated and will be removed in the next major version, please use `collection.estimatedDocumentCount` or `collection.countDocuments` instead 
(Use `node --trace-warnings ...` to show where the warning was created)
Creating block JSON for BERA block 15528900 (0x684e174b09897fb215e9e8f0a9793b24035c9eb403129a6828ffd45f846e19d0)...
Searching for 12 transactions in transactions_BERA...
Created block json containing 12 txFull items.
[TxProcessor] broadcasting block 15528900 (0x684e174b09897fb215e9e8f0a9793b24035c9eb403129a6828ffd45f846e19d0)
BATCH COMPLETED
BATCH STARTED -- 9 requests
Skipping updateAccountNonces for BERA debugging
BATCH COMPLETED
BATCH STARTED -- 6 requests
Skipping updateAccountNonces for BERA debugging
Creating block JSON for BERA block 15528901 (0x50f8f61e8a014bae3ba7f3181bac07b028711a2acf5fdf218f97275f6bb39c51)...
Searching for 6 transactions in transactions_BERA...
Created block json containing 6 txFull items.
[TxProcessor] broadcasting block 15528901 (0x50f8f61e8a014bae3ba7f3181bac07b028711a2acf5fdf218f97275f6bb39c51)
BATCH COMPLETED
BATCH STARTED -- 2 requests
Skipping updateAccountNonces for BERA debugging
Creating block JSON for BERA block 15528902 (0xac3a25367021cee83ac4a3707e7f3d95e98541a896fcc7028e51954300cebfb8)...
Searching for 17 transactions in transactions_BERA...
Created block json containing 11 txFull items.
[TxProcessor] broadcasting block 15528902 (0xac3a25367021cee83ac4a3707e7f3d95e98541a896fcc7028e51954300cebfb8)
BATCH COMPLETED
BATCH STARTED -- 13 requests
Skipping updateAccountNonces for BERA debugging
BATCH COMPLETED
BATCH STARTED -- 9 requests
Skipping updateAccountNonces for BERA debugging
Creating block JSON for BERA block 15528903 (0x4f986b57a6d1e60f1a60b2cd3fa0e4a7931c1272ae24bc2a24777440b3d48ae6)...
Searching for 7 transactions in transactions_BERA...
Created block json containing 7 txFull items.
[TxProcessor] broadcasting block 15528903 (0x4f986b57a6d1e60f1a60b2cd3fa0e4a7931c1272ae24bc2a24777440b3d48ae6)
BATCH COMPLETED
BATCH STARTED -- 3 requests
Skipping updateAccountNonces for BERA debugging
Creating block JSON for BERA block 15528904 (0x3ec2dc2fa67a50bf9cdcb96940b2d42fb4db0db3a2be28ed10559af5db0a405e)...
Searching for 9 transactions in transactions_BERA...
Created block json containing 9 txFull items.
[TxProcessor] broadcasting block 15528904 (0x3ec2dc2fa67a50bf9cdcb96940b2d42fb4db0db3a2be28ed10559af5db0a405e)
BATCH COMPLETED
BATCH STARTED -- 6 requests
Skipping updateAccountNonces for BERA debugging
BATCH COMPLETED
BATCH STARTED -- 5 requests
Skipping updateAccountNonces for BERA debugging
Creating block JSON for BERA block 15528905 (0x785ec3498774358826e7b39291130d3d7c2910897d1f3d5268b1214e9bf9045b)...
Searching for 5 transactions in transactions_BERA...
Created block json containing 5 txFull items.
[TxProcessor] broadcasting block 15528905 (0x785ec3498774358826e7b39291130d3d7c2910897d1f3d5268b1214e9bf9045b)
BATCH COMPLETED
BATCH STARTED -- 2 requests
Skipping updateAccountNonces for BERA debugging
Creating block JSON for BERA block 15528906 (0x7b5b4aa026a5e0a5c52a6a288d4c181f392408da79b12a0448f5f1e19c6c7463)...
Searching for 16 transactions in transactions_BERA...
Created block json containing 10 txFull items.
[TxProcessor] broadcasting block 15528906 (0x7b5b4aa026a5e0a5c52a6a288d4c181f392408da79b12a0448f5f1e19c6c7463)
BATCH COMPLETED
BATCH STARTED -- 13 requests
Skipping updateAccountNonces for BERA debugging
BATCH COMPLETED
BATCH STARTED -- 1 requests
Skipping updateAccountNonces for BERA debugging
BATCH COMPLETED
BATCH STARTED -- 3 requests
Skipping updateAccountNonces for BERA debugging
Creating block JSON for BERA block 15528907 (0x73508b7e13c3192c11a79568d5ad07244edf9e21d2e4807ec10ebbf32caa0223)...
Searching for 12 transactions in transactions_BERA...
Created block json containing 12 txFull items.
[TxProcessor] broadcasting block 15528907 (0x73508b7e13c3192c11a79568d5ad07244edf9e21d2e4807ec10ebbf32caa0223)
BATCH COMPLETED
BATCH STARTED -- 9 requests
Skipping updateAccountNonces for BERA debugging
BATCH COMPLETED
BATCH STARTED -- 2 requests
Skipping updateAccountNonces for BERA debugging
Creating block JSON for BERA block 15528908 (0x3f9eacfcf8dcc32fba1f5639e931bdf10ffceedbb8d384d2df3312d30663649c)...
Searching for 7 transactions in transactions_BERA...
Created block json containing 7 txFull items.
[TxProcessor] broadcasting block 15528908 (0x3f9eacfcf8dcc32fba1f5639e931bdf10ffceedbb8d384d2df3312d30663649c)
BATCH COMPLETED
BATCH STARTED -- 5 requests
Skipping updateAccountNonces for BERA debugging
BATCH COMPLETED
BATCH STARTED -- 3 requests
Skipping updateAccountNonces for BERA debugging
Creating block JSON for BERA block 15528909 (0xe98bf002de1c2ef17afe81bcdd67b5cd0d8f26e4cd3f3c1a78eb7c4bc4ab2e40)...
Searching for 6 transactions in transactions_BERA...
Created block json containing 6 txFull items.
[TxProcessor] broadcasting block 15528909 (0xe98bf002de1c2ef17afe81bcdd67b5cd0d8f26e4cd3f3c1a78eb7c4bc4ab2e40)
BATCH COMPLETED
BATCH STARTED -- 3 requests
Skipping updateAccountNonces for BERA debugging
BATCH COMPLETED
BATCH STARTED -- 1 requests
Skipping updateAccountNonces for BERA debugging
Creating block JSON for BERA block 15528910 (0x2336ea79b0f6eb297d8b371d23fa8f8e03704902b9a2a96b1cd772621766a1bc)...
Searching for 13 transactions in transactions_BERA...
Created block json containing 8 txFull items.
[TxProcessor] broadcasting block 15528910 (0x2336ea79b0f6eb297d8b371d23fa8f8e03704902b9a2a96b1cd772621766a1bc)
BATCH COMPLETED
BATCH STARTED -- 12 requests
Skipping updateAccountNonces for BERA debugging
BATCH COMPLETED
BATCH STARTED -- 3 requests
Skipping updateAccountNonces for BERA debugging
Creating block JSON for BERA block 15528911 (0xf7aba7c4e3aabacca56c2a0f0c62c95b76b3e80a03d037c36e17b472e508e7a5)...
Searching for 12 transactions in transactions_BERA...
Created block json containing 12 txFull items.
[TxProcessor] broadcasting block 15528911 (0xf7aba7c4e3aabacca56c2a0f0c62c95b76b3e80a03d037c36e17b472e508e7a5)
BATCH COMPLETED
BATCH STARTED -- 9 requests
Skipping updateAccountNonces for BERA debugging
BATCH COMPLETED
BATCH STARTED -- 3 requests
Skipping updateAccountNonces for BERA debugging
Creating block JSON for BERA block 15528912 (0xe3cf029be1a74fc73e74a25df98e4b4032665d9fbc8ef6c054ea11d9e230b344)...
Searching for 7 transactions in transactions_BERA...
Created block json containing 7 txFull items.
[TxProcessor] broadcasting block 15528912 (0xe3cf029be1a74fc73e74a25df98e4b4032665d9fbc8ef6c054ea11d9e230b344)
BATCH COMPLETED
BATCH STARTED -- 4 requests
Skipping updateAccountNonces for BERA debugging
BATCH COMPLETED
BATCH STARTED -- 3 requests
Skipping updateAccountNonces for BERA debugging
Creating block JSON for BERA block 15528913 (0x4598681270d72beb0c39a9f480a7a1a1bf44c6f2937bdfef6f0661c804d23cf8)...
Searching for 8 transactions in transactions_BERA...
Created block json containing 8 txFull items.
[TxProcessor] broadcasting block 15528913 (0x4598681270d72beb0c39a9f480a7a1a1bf44c6f2937bdfef6f0661c804d23cf8)
BATCH COMPLETED
BATCH STARTED -- 5 requests
Skipping updateAccountNonces for BERA debugging
BATCH COMPLETED
BATCH STARTED -- 3 requests
Skipping updateAccountNonces for BERA debugging
Creating block JSON for BERA block 15528914 (0x0b89f4f09d2a765ea14c4c012180162e9de8816264ce1b6c22d54691f812fb1e)...
Searching for 8 transactions in transactions_BERA...
Created block json containing 8 txFull items.
[TxProcessor] broadcasting block 15528914 (0x0b89f4f09d2a765ea14c4c012180162e9de8816264ce1b6c22d54691f812fb1e)
BATCH COMPLETED
BATCH STARTED -- 5 requests
Skipping updateAccountNonces for BERA debugging
BATCH COMPLETED
BATCH STARTED -- 3 requests
Skipping updateAccountNonces for BERA debugging
Creating block JSON for BERA block 15528915 (0x41da94b9a4614eb82613c59461f4e57b8497107fdc9d8b040619cf3654304c0a)...
Searching for 7 transactions in transactions_BERA...
Created block json containing 7 txFull items.
[TxProcessor] broadcasting block 15528915 (0x41da94b9a4614eb82613c59461f4e57b8497107fdc9d8b040619cf3654304c0a)
BATCH COMPLETED
BATCH STARTED -- 4 requests
Skipping updateAccountNonces for BERA debugging
BATCH COMPLETED
BATCH STARTED -- 1 requests
Skipping updateAccountNonces for BERA debugging
Creating block JSON for BERA block 15528916 (0xa0f36b2975c1d341300b2168c19f57e1b1fac2a0852f2bff07aee6d53ea6f2db)...
Searching for 8 transactions in transactions_BERA...
Created block json containing 8 txFull items.
[TxProcessor] broadcasting block 15528916 (0xa0f36b2975c1d341300b2168c19f57e1b1fac2a0852f2bff07aee6d53ea6f2db)
BATCH COMPLETED
BATCH STARTED -- 7 requests
Skipping updateAccountNonces for BERA debugging
BATCH COMPLETED
BATCH STARTED -- 1 requests
Skipping updateAccountNonces for BERA debugging
Creating block JSON for BERA block 15528917 (0x71e9905fe4fc26184babc6b90f279e04da7e4f8a2451f4d07035788cd17cf748)...
Searching for 7 transactions in transactions_BERA...
Created block json containing 7 txFull items.
[TxProcessor] broadcasting block 15528917 (0x71e9905fe4fc26184babc6b90f279e04da7e4f8a2451f4d07035788cd17cf748)
BATCH COMPLETED
BATCH STARTED -- 6 requests
Skipping updateAccountNonces for BERA debugging
BATCH COMPLETED
BATCH STARTED -- 3 requests
Skipping updateAccountNonces for BERA debugging
Creating block JSON for BERA block 15528918 (0x84df40158a5958bb6ca3ce9fa65c9fff896625b6b75550f4201f0f16626a306d)...
Searching for 10 transactions in transactions_BERA...
Created block json containing 10 txFull items.
[TxProcessor] broadcasting block 15528918 (0x84df40158a5958bb6ca3ce9fa65c9fff896625b6b75550f4201f0f16626a306d)
BATCH COMPLETED
BATCH STARTED -- 7 requests
Skipping updateAccountNonces for BERA debugging
BATCH COMPLETED
BATCH STARTED -- 4 requests
Skipping updateAccountNonces for BERA debugging
Creating block JSON for BERA block 15528919 (0x2cf43115ed9e34c7b0bb71f1f99bff2db6354a6f7884827d9390b31a2447cb4c)...
Searching for 9 transactions in transactions_BERA...
Created block json containing 9 txFull items.
[TxProcessor] broadcasting block 15528919 (0x2cf43115ed9e34c7b0bb71f1f99bff2db6354a6f7884827d9390b31a2447cb4c)
BATCH COMPLETED
BATCH STARTED -- 5 requests
Skipping updateAccountNonces for BERA debugging
BATCH COMPLETED
BATCH STARTED -- 3 requests
Skipping updateAccountNonces for BERA debugging
Creating block JSON for BERA block 15528920 (0xf9f9edddaa67c32d195e875e91a629b6077dd2177893de113131613c780b9d48)...
Searching for 9 transactions in transactions_BERA...
Created block json containing 9 txFull items.
[TxProcessor] broadcasting block 15528920 (0xf9f9edddaa67c32d195e875e91a629b6077dd2177893de113131613c780b9d48)
BATCH COMPLETED
BATCH STARTED -- 6 requests
Skipping updateAccountNonces for BERA debugging
BATCH COMPLETED
BATCH STARTED -- 1 requests
Skipping updateAccountNonces for BERA debugging
Creating block JSON for BERA block 15528921 (0x8c0faf37c03e66fcb28fde9364aa003e009741882f83ba7417c6940491eb1381)...
Searching for 10 transactions in transactions_BERA...
Created block json containing 8 txFull items.
[TxProcessor] broadcasting block 15528921 (0x8c0faf37c03e66fcb28fde9364aa003e009741882f83ba7417c6940491eb1381)
BATCH COMPLETED
BATCH STARTED -- 9 requests
Skipping updateAccountNonces for BERA debugging
BATCH COMPLETED
BATCH STARTED -- 4 requests
Skipping updateAccountNonces for BERA debugging
Creating block JSON for BERA block 15528922 (0x32a127dd3ff67ea5f78508a510a39414e2d74fea3cca831a80036bdd1bc57e0d)...
Searching for 14 transactions in transactions_BERA...
Created block json containing 14 txFull items.
[TxProcessor] broadcasting block 15528922 (0x32a127dd3ff67ea5f78508a510a39414e2d74fea3cca831a80036bdd1bc57e0d)
BATCH COMPLETED
BATCH STARTED -- 10 requests
Skipping updateAccountNonces for BERA debugging
BATCH COMPLETED
BATCH STARTED -- 5 requests
Skipping updateAccountNonces for BERA debugging
Creating block JSON for BERA block 15528923 (0x07fa8d99296a0bb2d3ef2a51d9b1bb1aaa8608af3a18cfe2b1e76d3ce3ef8733)...
Searching for 13 transactions in transactions_BERA...
Created block json containing 13 txFull items.
[TxProcessor] broadcasting block 15528923 (0x07fa8d99296a0bb2d3ef2a51d9b1bb1aaa8608af3a18cfe2b1e76d3ce3ef8733)
BATCH COMPLETED
BATCH STARTED -- 8 requests
Skipping updateAccountNonces for BERA debugging
BATCH COMPLETED
BATCH STARTED -- 4 requests
Skipping updateAccountNonces for BERA debugging
Creating block JSON for BERA block 15528924 (0xfd135eefe577d94abb3f0a0f81a1be87d046844272db2e03de80b17fc1908929)...
Searching for 4 transactions in transactions_BERA...
Created block json containing 4 txFull items.
[TxProcessor] broadcasting block 15528924 (0xfd135eefe577d94abb3f0a0f81a1be87d046844272db2e03de80b17fc1908929)
BATCH COMPLETED
BATCH STARTED -- 1 requests
Skipping updateAccountNonces for BERA debugging
Creating block JSON for BERA block 15528925 (0xb58b09d6dce62a8b6cbf06212b40b2befed2f96975f8cfbe7ed3cf59069aed9a)...
Searching for 9 transactions in transactions_BERA...
Created block json containing 9 txFull items.
[TxProcessor] broadcasting block 15528925 (0xb58b09d6dce62a8b6cbf06212b40b2befed2f96975f8cfbe7ed3cf59069aed9a)
BATCH COMPLETED
BATCH STARTED -- 8 requests
Skipping updateAccountNonces for BERA debugging
BATCH COMPLETED
BATCH STARTED -- 3 requests
Skipping updateAccountNonces for BERA debugging
Creating block JSON for BERA block 15528926 (0xcbb2bfba2e262950f09df07892cb7f8e5872b2cc79bb96d003d8f92d50f84489)...
Searching for 10 transactions in transactions_BERA...
Created block json containing 10 txFull items.
[TxProcessor] broadcasting block 15528926 (0xcbb2bfba2e262950f09df07892cb7f8e5872b2cc79bb96d003d8f92d50f84489)
BATCH COMPLETED
BATCH STARTED -- 7 requests
Skipping updateAccountNonces for BERA debugging
BATCH COMPLETED
BATCH STARTED -- 3 requests
Skipping updateAccountNonces for BERA debugging
Creating block JSON for BERA block 15528927 (0xe8f5cedbb4326b22ce133e1d571c6b98dbf741b5b636dd3f7cf2c4f9cca32f03)...
Searching for 9 transactions in transactions_BERA...
Created block json containing 9 txFull items.
[TxProcessor] broadcasting block 15528927 (0xe8f5cedbb4326b22ce133e1d571c6b98dbf741b5b636dd3f7cf2c4f9cca32f03)
BATCH COMPLETED
BATCH STARTED -- 6 requests
Skipping updateAccountNonces for BERA debugging
BATCH COMPLETED
BATCH STARTED -- 5 requests
Skipping updateAccountNonces for BERA debugging
Creating block JSON for BERA block 15528928 (0xd4e29a01650ee1786cfa9000e42e3bb9011deeee78980ac87400841212fa8fc7)...
Searching for 7 transactions in transactions_BERA...
Created block json containing 7 txFull items.
[TxProcessor] broadcasting block 15528928 (0xd4e29a01650ee1786cfa9000e42e3bb9011deeee78980ac87400841212fa8fc7)
BATCH COMPLETED
BATCH STARTED -- 2 requests
Skipping updateAccountNonces for BERA debugging
BATCH COMPLETED
BATCH STARTED -- 6 requests
Skipping updateAccountNonces for BERA debugging
Creating block JSON for BERA block 15528929 (0x42644ac946a3257d8cb2513dfaa07f7141c02f15893e4bbd53ece43b1226aa26)...
Searching for 13 transactions in transactions_BERA...
Created block json containing 13 txFull items.
[TxProcessor] broadcasting block 15528929 (0x42644ac946a3257d8cb2513dfaa07f7141c02f15893e4bbd53ece43b1226aa26)
BATCH COMPLETED
BATCH STARTED -- 14 requests
Skipping updateAccountNonces for BERA debugging
Creating block JSON for BERA block 15528930 (0x44c0e0e1ce2182d768565ad66debd8431f91de22a6f369e2e76473dabe760f3b)...
Searching for 7 transactions in transactions_BERA...
Created block json containing 7 txFull items.
[TxProcessor] broadcasting block 15528930 (0x44c0e0e1ce2182d768565ad66debd8431f91de22a6f369e2e76473dabe760f3b)
BATCH COMPLETED
BATCH STARTED -- 4 requests
Skipping updateAccountNonces for BERA debugging
Creating block JSON for BERA block 15528931 (0x092282172ea6b3cbe62c643e7ccb857f0082ef5c3214751b4099d3dbb1860039)...
Searching for 5 transactions in transactions_BERA...
Created block json containing 5 txFull items.
[TxProcessor] broadcasting block 15528931 (0x092282172ea6b3cbe62c643e7ccb857f0082ef5c3214751b4099d3dbb1860039)
BATCH COMPLETED
BATCH STARTED -- 1 requests
Skipping updateAccountNonces for BERA debugging
BATCH COMPLETED
BATCH STARTED -- 1 requests
Skipping updateAccountNonces for BERA debugging
Creating block JSON for BERA block 15528932 (0x565266e3ba1a3f527d438256f0bde7b045a9d5003ec9a063ea24864738ec631f)...
Searching for 6 transactions in transactions_BERA...
Created block json containing 6 txFull items.
[TxProcessor] broadcasting block 15528932 (0x565266e3ba1a3f527d438256f0bde7b045a9d5003ec9a063ea24864738ec631f)
BATCH COMPLETED
BATCH STARTED -- 5 requests
Skipping updateAccountNonces for BERA debugging
BATCH COMPLETED
BATCH STARTED -- 1 requests
Skipping updateAccountNonces for BERA debugging
Creating block JSON for BERA block 15528933 (0x300ed89a347e597f14d0f213afb409f984d16390c7b788c0b2364985fbd65988)...
Searching for 11 transactions in transactions_BERA...
Created block json containing 11 txFull items.
[TxProcessor] broadcasting block 15528933 (0x300ed89a347e597f14d0f213afb409f984d16390c7b788c0b2364985fbd65988)
BATCH COMPLETED
BATCH STARTED -- 10 requests
Skipping updateAccountNonces for BERA debugging
BATCH COMPLETED
BATCH STARTED -- 14 requests
Skipping updateAccountNonces for BERA debugging
Creating block JSON for BERA block 15528934 (0x83b21b460106c7ff8d3c9aa5b620a066f351380af2ed9c4efae42345d980a51a)...
Searching for 14 transactions in transactions_BERA...
Created block json containing 14 txFull items.
[TxProcessor] broadcasting block 15528934 (0x83b21b460106c7ff8d3c9aa5b620a066f351380af2ed9c4efae42345d980a51a)
BATCH COMPLETED
BATCH STARTED -- 5 requests
Skipping updateAccountNonces for BERA debugging
Creating block JSON for BERA block 15528935 (0xd1f24b30aed70cd15ea950156e3d9abce9d657bb32b7d4d85c223f6b15b7b25a)...
Searching for 7 transactions in transactions_BERA...
Created block json containing 7 txFull items.
[TxProcessor] broadcasting block 15528935 (0xd1f24b30aed70cd15ea950156e3d9abce9d657bb32b7d4d85c223f6b15b7b25a)
BATCH COMPLETED
BATCH STARTED -- 2 requests
Skipping updateAccountNonces for BERA debugging
BATCH COMPLETED
BATCH STARTED -- 1 requests
Skipping updateAccountNonces for BERA debugging
Creating block JSON for BERA block 15528936 (0x0514415ebb8288ba6ee4a0271e91d1e029f5a0cacf418f8f2c2cfee09be47c98)...
Searching for 6 transactions in transactions_BERA...
Created block json containing 6 txFull items.
[TxProcessor] broadcasting block 15528936 (0x0514415ebb8288ba6ee4a0271e91d1e029f5a0cacf418f8f2c2cfee09be47c98)
BATCH COMPLETED
BATCH STARTED -- 5 requests
Skipping updateAccountNonces for BERA debugging
BATCH COMPLETED
BATCH STARTED -- 1 requests
Skipping updateAccountNonces for BERA debugging
Creating block JSON for BERA block 15528937 (0xd2fa8c68ce8383f77b71cb3ae1970f33be2582c9b52697177083aa4586889459)...
Searching for 10 transactions in transactions_BERA...
Created block json containing 10 txFull items.
[TxProcessor] broadcasting block 15528937 (0xd2fa8c68ce8383f77b71cb3ae1970f33be2582c9b52697177083aa4586889459)
BATCH COMPLETED
BATCH STARTED -- 9 requests
Skipping updateAccountNonces for BERA debugging
BATCH COMPLETED
BATCH STARTED -- 5 requests
Skipping updateAccountNonces for BERA debugging
Creating block JSON for BERA block 15528938 (0x6539d820ac14eb9ec3b72c7550c562776de59cea392267c775cd7e0811765ae3)...
Searching for 13 transactions in transactions_BERA...
Created block json containing 13 txFull items.
[TxProcessor] broadcasting block 15528938 (0x6539d820ac14eb9ec3b72c7550c562776de59cea392267c775cd7e0811765ae3)
BATCH COMPLETED
BATCH STARTED -- 8 requests
Skipping updateAccountNonces for BERA debugging
BATCH COMPLETED
BATCH STARTED -- 7 requests
Skipping updateAccountNonces for BERA debugging
Creating block JSON for BERA block 15528939 (0xcb198d7858b6f5c228cd8aa2f4333eb83420bd58a69cfb9f9907a496696b730e)...
Searching for 7 transactions in transactions_BERA...
Created block json containing 7 txFull items.
[TxProcessor] broadcasting block 15528939 (0xcb198d7858b6f5c228cd8aa2f4333eb83420bd58a69cfb9f9907a496696b730e)
BATCH COMPLETED
BATCH STARTED -- 1 requests
Skipping updateAccountNonces for BERA debugging
Creating block JSON for BERA block 15528940 (0xed768cbcab9a92460a4c893ced92213323a48233d58c868711688db8a9a7af55)...
Searching for 12 transactions in transactions_BERA...
Created block json containing 12 txFull items.
[TxProcessor] broadcasting block 15528940 (0xed768cbcab9a92460a4c893ced92213323a48233d58c868711688db8a9a7af55)
BATCH COMPLETED
BATCH STARTED -- 11 requests
Skipping updateAccountNonces for BERA debugging
BATCH COMPLETED
BATCH STARTED -- 3 requests
Skipping updateAccountNonces for BERA debugging
Creating block JSON for BERA block 15528941 (0x1cce6eeb82266046c695178954e0854853790e56fd6e2535f4ab38583fd0e3fa)...
Searching for 10 transactions in transactions_BERA...
Created block json containing 10 txFull items.
[TxProcessor] broadcasting block 15528941 (0x1cce6eeb82266046c695178954e0854853790e56fd6e2535f4ab38583fd0e3fa)
BATCH COMPLETED
BATCH STARTED -- 7 requests
Skipping updateAccountNonces for BERA debugging
BATCH COMPLETED
BATCH STARTED -- 6 requests
Skipping updateAccountNonces for BERA debugging
Creating block JSON for BERA block 15528942 (0x08db84588085d8885015729958aa8b339b9fd83fae9656cdc499c4a6097db503)...
Searching for 6 transactions in transactions_BERA...
Created block json containing 6 txFull items.
[TxProcessor] broadcasting block 15528942 (0x08db84588085d8885015729958aa8b339b9fd83fae9656cdc499c4a6097db503)
BATCH COMPLETED
BATCH STARTED -- 2 requests
Skipping updateAccountNonces for BERA debugging
Creating block JSON for BERA block 15528943 (0xb1b781b32e7323f0f7e198c62838c5e71c87608578bced20cb0fe168040a9de9)...
Searching for 6 transactions in transactions_BERA...
Created block json containing 6 txFull items.
[TxProcessor] broadcasting block 15528943 (0xb1b781b32e7323f0f7e198c62838c5e71c87608578bced20cb0fe168040a9de9)
BATCH COMPLETED
BATCH STARTED -- 4 requests
Skipping updateAccountNonces for BERA debugging
BATCH COMPLETED
BATCH STARTED -- 1 requests
Skipping updateAccountNonces for BERA debugging
Creating block JSON for BERA block 15528944 (0xd6a0ca2811ede6903a53b3c897290c1d9a30c24bec4857f6aa9f520cc3a487c8)...
Searching for 9 transactions in transactions_BERA...
Created block json containing 9 txFull items.
[TxProcessor] broadcasting block 15528944 (0xd6a0ca2811ede6903a53b3c897290c1d9a30c24bec4857f6aa9f520cc3a487c8)
BATCH COMPLETED
BATCH STARTED -- 8 requests
Skipping updateAccountNonces for BERA debugging
BATCH COMPLETED
BATCH STARTED -- 6 requests
Skipping updateAccountNonces for BERA debugging
Creating block JSON for BERA block 15528945 (0x4bbe62120a3d2ab5372e042e98085d2caf35c871bef6de5a3b49eed0ac8d68fe)...
Searching for 12 transactions in transactions_BERA...
Created block json containing 12 txFull items.
[TxProcessor] broadcasting block 15528945 (0x4bbe62120a3d2ab5372e042e98085d2caf35c871bef6de5a3b49eed0ac8d68fe)
BATCH COMPLETED
BATCH STARTED -- 6 requests
Skipping updateAccountNonces for BERA debugging
BATCH COMPLETED
BATCH STARTED -- 3 requests
Skipping updateAccountNonces for BERA debugging
Creating block JSON for BERA block 15528946 (0xc5e8cfe840adea0ea79fb4fc15eaf644aa1618e496c1969b1eefb154f0957f21)...
Searching for 8 transactions in transactions_BERA...
Created block json containing 8 txFull items.
[TxProcessor] broadcasting block 15528946 (0xc5e8cfe840adea0ea79fb4fc15eaf644aa1618e496c1969b1eefb154f0957f21)
BATCH COMPLETED
BATCH STARTED -- 5 requests
Skipping updateAccountNonces for BERA debugging
BATCH COMPLETED
BATCH STARTED -- 1 requests
Skipping updateAccountNonces for BERA debugging
Creating block JSON for BERA block 15528947 (0xe23e1f970e906cf099aa6ff7e648b6c70e1805690b90288f525b4194bf2c43f6)...
Searching for 9 transactions in transactions_BERA...
Created block json containing 9 txFull items.
[TxProcessor] broadcasting block 15528947 (0xe23e1f970e906cf099aa6ff7e648b6c70e1805690b90288f525b4194bf2c43f6)
BATCH COMPLETED
BATCH STARTED -- 8 requests
Skipping updateAccountNonces for BERA debugging
BATCH COMPLETED
BATCH STARTED -- 2 requests
Skipping updateAccountNonces for BERA debugging
Creating block JSON for BERA block 15528948 (0x2ba33407459156be1b483f196c205aef009fc1e6f7edb6cadf0901f48b31db92)...
Searching for 12 transactions in transactions_BERA...
Created block json containing 12 txFull items.
[TxProcessor] broadcasting block 15528948 (0x2ba33407459156be1b483f196c205aef009fc1e6f7edb6cadf0901f48b31db92)
BATCH COMPLETED
BATCH STARTED -- 10 requests
Skipping updateAccountNonces for BERA debugging
BATCH COMPLETED
BATCH STARTED -- 7 requests
Skipping updateAccountNonces for BERA debugging
Creating block JSON for BERA block 15528949 (0x64ac9466fafe7a6fd6db0c38fe629db83a09125ba60996254206b4960e90235c)...
Searching for 7 transactions in transactions_BERA...
Created block json containing 7 txFull items.
[TxProcessor] broadcasting block 15528949 (0x64ac9466fafe7a6fd6db0c38fe629db83a09125ba60996254206b4960e90235c)
BATCH COMPLETED
BATCH STARTED -- 1 requests
Skipping updateAccountNonces for BERA debugging
Creating block JSON for BERA block 15528950 (0xbb04541dab6a247d1bb4bac125e7a2c19c12a115b33d6d063c8eead1c0b0e994)...
Searching for 6 transactions in transactions_BERA...
Created block json containing 6 txFull items.
[TxProcessor] broadcasting block 15528950 (0xbb04541dab6a247d1bb4bac125e7a2c19c12a115b33d6d063c8eead1c0b0e994)
BATCH COMPLETED
BATCH STARTED -- 5 requests
Skipping updateAccountNonces for BERA debugging
BATCH COMPLETED
BATCH STARTED -- 1 requests
Skipping updateAccountNonces for BERA debugging
Creating block JSON for BERA block 15528951 (0x49ad389d37baa6e08c493916271273086d325231598429148adee09f71e1c267)...
Searching for 12 transactions in transactions_BERA...
Created block json containing 12 txFull items.
[TxProcessor] broadcasting block 15528951 (0x49ad389d37baa6e08c493916271273086d325231598429148adee09f71e1c267)
BATCH COMPLETED
BATCH STARTED -- 11 requests
Skipping updateAccountNonces for BERA debugging
BATCH COMPLETED
BATCH STARTED -- 7 requests
Skipping updateAccountNonces for BERA debugging
Creating block JSON for BERA block 15528952 (0x62af09734c0e5933fe2f7ebc346776e35ada157f5225136e7cd2315465abb24f)...
Searching for 7 transactions in transactions_BERA...
Created block json containing 7 txFull items.
[TxProcessor] broadcasting block 15528952 (0x62af09734c0e5933fe2f7ebc346776e35ada157f5225136e7cd2315465abb24f)
BATCH COMPLETED
BATCH STARTED -- 2 requests
Skipping updateAccountNonces for BERA debugging
Creating block JSON for BERA block 15528953 (0x13163ba4e7eace2b4932e17cd957b20c53cbaeb80a20fc192473c905cf4d3b2b)...
Searching for 9 transactions in transactions_BERA...
Created block json containing 9 txFull items.
[TxProcessor] broadcasting block 15528953 (0x13163ba4e7eace2b4932e17cd957b20c53cbaeb80a20fc192473c905cf4d3b2b)
BATCH COMPLETED
BATCH STARTED -- 7 requests
Skipping updateAccountNonces for BERA debugging
BATCH COMPLETED
BATCH STARTED -- 4 requests
Skipping updateAccountNonces for BERA debugging
Creating block JSON for BERA block 15528954 (0x8ecc875abc21bf6340fd154e9944d424498026ef57fa5ac55bd2bf3e5e306849)...
Searching for 10 transactions in transactions_BERA...
Created block json containing 10 txFull items.
[TxProcessor] broadcasting block 15528954 (0x8ecc875abc21bf6340fd154e9944d424498026ef57fa5ac55bd2bf3e5e306849)
BATCH COMPLETED
BATCH STARTED -- 6 requests
Skipping updateAccountNonces for BERA debugging
BATCH COMPLETED
BATCH STARTED -- 12 requests
Skipping updateAccountNonces for BERA debugging
Creating block JSON for BERA block 15528955 (0x166fe806a19f9b134511b169d9c7bb6dac68211b37f2458fea3621ded4e65251)...
Searching for 12 transactions in transactions_BERA...
Created block json containing 12 txFull items.
[TxProcessor] broadcasting block 15528955 (0x166fe806a19f9b134511b169d9c7bb6dac68211b37f2458fea3621ded4e65251)
BATCH COMPLETED
BATCH STARTED -- 12 requests
Skipping updateAccountNonces for BERA debugging
Creating block JSON for BERA block 15528956 (0x50f9e1f0b4e4e48683fba786bfe629e73a8252d7e9ccd5e21cd87a03b7ff9971)...
Searching for 13 transactions in transactions_BERA...
Created block json containing 13 txFull items.
[TxProcessor] broadcasting block 15528956 (0x50f9e1f0b4e4e48683fba786bfe629e73a8252d7e9ccd5e21cd87a03b7ff9971)
BATCH COMPLETED
BATCH STARTED -- 7 requests
Skipping updateAccountNonces for BERA debugging
Creating block JSON for BERA block 15528957 (0x48358d485d8c766157b4602f2fca55176421fad8323c7e550440d09be82fdde0)...
Searching for 6 transactions in transactions_BERA...
Created block json containing 6 txFull items.
[TxProcessor] broadcasting block 15528957 (0x48358d485d8c766157b4602f2fca55176421fad8323c7e550440d09be82fdde0)
BATCH COMPLETED
BATCH STARTED -- 4 requests
Skipping updateAccountNonces for BERA debugging
Creating block JSON for BERA block 15528958 (0x76f60308a868ff862b63b4e783aa876bbe9127d427fae3e2576807e3a55502b7)...
Searching for 8 transactions in transactions_BERA...
Created block json containing 8 txFull items.
[TxProcessor] broadcasting block 15528958 (0x76f60308a868ff862b63b4e783aa876bbe9127d427fae3e2576807e3a55502b7)
BATCH COMPLETED
BATCH STARTED -- 4 requests
Skipping updateAccountNonces for BERA debugging
BATCH COMPLETED
BATCH STARTED -- 2 requests
Skipping updateAccountNonces for BERA debugging
Creating block JSON for BERA block 15528959 (0xb4f3f1fb66282926f98d38bc5d145185aec1f802a0b0026046b0b106ed17b744)...
Searching for 10 transactions in transactions_BERA...
Created block json containing 10 txFull items.
[TxProcessor] broadcasting block 15528959 (0xb4f3f1fb66282926f98d38bc5d145185aec1f802a0b0026046b0b106ed17b744)
BATCH COMPLETED
BATCH STARTED -- 8 requests
Skipping updateAccountNonces for BERA debugging
BATCH COMPLETED
BATCH STARTED -- 7 requests
Skipping updateAccountNonces for BERA debugging
Creating block JSON for BERA block 15528960 (0x8a2a8b38eb321e642dcd236b7d1545825acff74c55c16c2e2794decab6889bb1)...
Searching for 7 transactions in transactions_BERA...
Created block json containing 7 txFull items.
[TxProcessor] broadcasting block 15528960 (0x8a2a8b38eb321e642dcd236b7d1545825acff74c55c16c2e2794decab6889bb1)
BATCH COMPLETED
BATCH STARTED -- 1 requests
Skipping updateAccountNonces for BERA debugging
Creating block JSON for BERA block 15528961 (0xbef7291363360b1f2d3181c884506741cf2d2f5dedd011607dd2a5d2f593b194)...
Searching for 8 transactions in transactions_BERA...
Created block json containing 8 txFull items.
[TxProcessor] broadcasting block 15528961 (0xbef7291363360b1f2d3181c884506741cf2d2f5dedd011607dd2a5d2f593b194)
BATCH COMPLETED
BATCH STARTED -- 7 requests
Skipping updateAccountNonces for BERA debugging
BATCH COMPLETED
BATCH STARTED -- 1 requests
Skipping updateAccountNonces for BERA debugging
Creating block JSON for BERA block 15528962 (0x4aefb0106e8fb1d42cdb6a756d005d9df5038cb62c86e23275960bff0d118e7a)...
Searching for 11 transactions in transactions_BERA...
Created block json containing 11 txFull items.
[TxProcessor] broadcasting block 15528962 (0x4aefb0106e8fb1d42cdb6a756d005d9df5038cb62c86e23275960bff0d118e7a)
BATCH COMPLETED
BATCH STARTED -- 10 requests
Skipping updateAccountNonces for BERA debugging
BATCH COMPLETED
BATCH STARTED -- 12 requests
Skipping updateAccountNonces for BERA debugging
Creating block JSON for BERA block 15528963 (0xf0c26b18fdf078ef165fb6b6de225e928394d44b24b2f54d36864e03a75c5e51)...
Searching for 12 transactions in transactions_BERA...
Created block json containing 12 txFull items.
[TxProcessor] broadcasting block 15528963 (0xf0c26b18fdf078ef165fb6b6de225e928394d44b24b2f54d36864e03a75c5e51)
BATCH COMPLETED
BATCH STARTED -- 5 requests
Skipping updateAccountNonces for BERA debugging
Creating block JSON for BERA block 15528964 (0x6bdcb5d3034b68fc67d05cc48ace8d34db22193d68f4b2a112f74deb60b55f81)...
Searching for 5 transactions in transactions_BERA...
Created block json containing 5 txFull items.
[TxProcessor] broadcasting block 15528964 (0x6bdcb5d3034b68fc67d05cc48ace8d34db22193d68f4b2a112f74deb60b55f81)
BATCH COMPLETED
BATCH STARTED -- 1 requests
Skipping updateAccountNonces for BERA debugging
Creating block JSON for BERA block 15528965 (0x3431cbf2f04101100bd61d443f8443de62cffc89abd972fde20c547545618fbf)...
Searching for 9 transactions in transactions_BERA...
Created block json containing 9 txFull items.
[TxProcessor] broadcasting block 15528965 (0x3431cbf2f04101100bd61d443f8443de62cffc89abd972fde20c547545618fbf)
BATCH COMPLETED
BATCH STARTED -- 8 requests
Skipping updateAccountNonces for BERA debugging
BATCH COMPLETED
BATCH STARTED -- 1 requests
Skipping updateAccountNonces for BERA debugging
Creating block JSON for BERA block 15528966 (0x6b1dc17e9250ba259e8d2929910968d228b313a934e12d748196749fd69d5784)...
Searching for 5 transactions in transactions_BERA...
Created block json containing 5 txFull items.
[TxProcessor] broadcasting block 15528966 (0x6b1dc17e9250ba259e8d2929910968d228b313a934e12d748196749fd69d5784)
BATCH COMPLETED
BATCH STARTED -- 4 requests
Skipping updateAccountNonces for BERA debugging
BATCH COMPLETED
BATCH STARTED -- 5 requests
Skipping updateAccountNonces for BERA debugging
Creating block JSON for BERA block 15528967 (0x40e39a7bebc685337d4f62be1d4ac776923a5d9a7a3c9d46d07882726f9ac64f)...
Searching for 8 transactions in transactions_BERA...
Created block json containing 8 txFull items.
[TxProcessor] broadcasting block 15528967 (0x40e39a7bebc685337d4f62be1d4ac776923a5d9a7a3c9d46d07882726f9ac64f)
BATCH COMPLETED
BATCH STARTED -- 3 requests
Skipping updateAccountNonces for BERA debugging
BATCH COMPLETED
BATCH STARTED -- 2 requests
Skipping updateAccountNonces for BERA debugging
Creating block JSON for BERA block 15528968 (0x0312d504b74a1796b14c7445960c844ca36bebf09862e4f48e4f8a3c55459600)...
Searching for 6 transactions in transactions_BERA...
Created block json containing 6 txFull items.
[TxProcessor] broadcasting block 15528968 (0x0312d504b74a1796b14c7445960c844ca36bebf09862e4f48e4f8a3c55459600)
BATCH COMPLETED
BATCH STARTED -- 4 requests
Skipping updateAccountNonces for BERA debugging
BATCH COMPLETED
BATCH STARTED -- 2 requests
Skipping updateAccountNonces for BERA debugging
Creating block JSON for BERA block 15528969 (0x4c4e2643a4676dd67308f8413edade09220370cc96aac6ae8aa7564ea76959d0)...
Searching for 8 transactions in transactions_BERA...
Created block json containing 8 txFull items.
[TxProcessor] broadcasting block 15528969 (0x4c4e2643a4676dd67308f8413edade09220370cc96aac6ae8aa7564ea76959d0)
BATCH COMPLETED
BATCH STARTED -- 6 requests
Skipping updateAccountNonces for BERA debugging
BATCH COMPLETED
BATCH STARTED -- 4 requests
Skipping updateAccountNonces for BERA debugging
Creating block JSON for BERA block 15528970 (0x25480645afe70da55c330c233dccd62e8444c3312e974fae12142f1c88e4e02f)...
Searching for 7 transactions in transactions_BERA...
Created block json containing 7 txFull items.
[TxProcessor] broadcasting block 15528970 (0x25480645afe70da55c330c233dccd62e8444c3312e974fae12142f1c88e4e02f)
BATCH COMPLETED
BATCH STARTED -- 3 requests
Skipping updateAccountNonces for BERA debugging
BATCH COMPLETED
BATCH STARTED -- 4 requests
Skipping updateAccountNonces for BERA debugging
Creating block JSON for BERA block 15528971 (0x6b7e0bb38ce8ffaf70dc6b83d907c594b62eed6f626e29dfd2e98997572063ec)...
Searching for 8 transactions in transactions_BERA...
Created block json containing 8 txFull items.
[TxProcessor] broadcasting block 15528971 (0x6b7e0bb38ce8ffaf70dc6b83d907c594b62eed6f626e29dfd2e98997572063ec)
BATCH COMPLETED
BATCH STARTED -- 4 requests
Skipping updateAccountNonces for BERA debugging
BATCH COMPLETED
BATCH STARTED -- 4 requests
Skipping updateAccountNonces for BERA debugging
Creating block JSON for BERA block 15528972 (0xf07ec7234bcbe674f1e0595ca7bc3eaa3fad07f13f679973763b3ff15f5ce644)...
Searching for 5 transactions in transactions_BERA...
Created block json containing 5 txFull items.
[TxProcessor] broadcasting block 15528972 (0xf07ec7234bcbe674f1e0595ca7bc3eaa3fad07f13f679973763b3ff15f5ce644)
BATCH COMPLETED
BATCH STARTED -- 1 requests
Skipping updateAccountNonces for BERA debugging
BATCH COMPLETED
BATCH STARTED -- 3 requests
Skipping updateAccountNonces for BERA debugging
Creating block JSON for BERA block 15528973 (0x334e5a5aaaded24ef544e2c61ef4782edc8531a22632aae13da7124d298942a3)...
Searching for 11 transactions in transactions_BERA...
Created block json containing 11 txFull items.
[TxProcessor] broadcasting block 15528973 (0x334e5a5aaaded24ef544e2c61ef4782edc8531a22632aae13da7124d298942a3)
BATCH COMPLETED
BATCH STARTED -- 8 requests
Skipping updateAccountNonces for BERA debugging
BATCH COMPLETED
BATCH STARTED -- 2 requests
Skipping updateAccountNonces for BERA debugging
Creating block JSON for BERA block 15528974 (0xa5697fac23cfc4bf6d000732c5bcedfa37ccb6c59895edb75195dd2fa34576d2)...
Searching for 10 transactions in transactions_BERA...
Created block json containing 10 txFull items.
[TxProcessor] broadcasting block 15528974 (0xa5697fac23cfc4bf6d000732c5bcedfa37ccb6c59895edb75195dd2fa34576d2)
BATCH COMPLETED
BATCH STARTED -- 8 requests
Skipping updateAccountNonces for BERA debugging
BATCH COMPLETED
BATCH STARTED -- 1 requests
Skipping updateAccountNonces for BERA debugging
Creating block JSON for BERA block 15528975 (0xd9c6b476e45c21796430d77d1e2dd81962590bf1f4e01874f4907c1abe6c5419)...
Searching for 10 transactions in transactions_BERA...
Created block json containing 9 txFull items.
[TxProcessor] broadcasting block 15528975 (0xd9c6b476e45c21796430d77d1e2dd81962590bf1f4e01874f4907c1abe6c5419)
BATCH COMPLETED
BATCH STARTED -- 9 requests
Skipping updateAccountNonces for BERA debugging
BATCH COMPLETED
BATCH STARTED -- 3 requests
Skipping updateAccountNonces for BERA debugging
Creating block JSON for BERA block 15528976 (0x5863915734d902d53a6b80dfbbdf24ecacc949bbbe606f4bcebe90e485a8d738)...
Searching for 12 transactions in transactions_BERA...
Created block json containing 12 txFull items.
[TxProcessor] broadcasting block 15528976 (0x5863915734d902d53a6b80dfbbdf24ecacc949bbbe606f4bcebe90e485a8d738)
BATCH COMPLETED
BATCH STARTED -- 9 requests
Skipping updateAccountNonces for BERA debugging
BATCH COMPLETED
BATCH STARTED -- 3 requests
Skipping updateAccountNonces for BERA debugging
Creating block JSON for BERA block 15528977 (0xcc981ea4956ddf89f3f74aa5a82cbf75209a77b5ddd2bd7b49fde1bdc31ad0fa)...
Searching for 5 transactions in transactions_BERA...
Created block json containing 5 txFull items.
[TxProcessor] broadcasting block 15528977 (0xcc981ea4956ddf89f3f74aa5a82cbf75209a77b5ddd2bd7b49fde1bdc31ad0fa)
BATCH COMPLETED
BATCH STARTED -- 2 requests
Skipping updateAccountNonces for BERA debugging
BATCH COMPLETED
BATCH STARTED -- 1 requests
Skipping updateAccountNonces for BERA debugging
Creating block JSON for BERA block 15528978 (0x38a60900e5fae9ad20426a11265d66dc52a10788f715057c23d68abfe78eadda)...
Searching for 7 transactions in transactions_BERA...
Created block json containing 7 txFull items.
[TxProcessor] broadcasting block 15528978 (0x38a60900e5fae9ad20426a11265d66dc52a10788f715057c23d68abfe78eadda)
BATCH COMPLETED
BATCH STARTED -- 6 requests
Skipping updateAccountNonces for BERA debugging
BATCH COMPLETED
BATCH STARTED -- 5 requests
Skipping updateAccountNonces for BERA debugging
Creating block JSON for BERA block 15528979 (0xf6ce7e2c7ffda98590b1844521d18cd7f19235fb9677402badc6ca73fc4f1818)...
Searching for 8 transactions in transactions_BERA...
Created block json containing 8 txFull items.
[TxProcessor] broadcasting block 15528979 (0xf6ce7e2c7ffda98590b1844521d18cd7f19235fb9677402badc6ca73fc4f1818)
BATCH COMPLETED
BATCH STARTED -- 3 requests
Skipping updateAccountNonces for BERA debugging
BATCH COMPLETED
BATCH STARTED -- 3 requests
Skipping updateAccountNonces for BERA debugging
Creating block JSON for BERA block 15528980 (0xf7a57fc64d5abd1e7c4acac536d3a0b57cab0bae861a151140e09092d59926b3)...
Searching for 11 transactions in transactions_BERA...
Created block json containing 11 txFull items.
[TxProcessor] broadcasting block 15528980 (0xf7a57fc64d5abd1e7c4acac536d3a0b57cab0bae861a151140e09092d59926b3)
BATCH COMPLETED
BATCH STARTED -- 8 requests
Skipping updateAccountNonces for BERA debugging
BATCH COMPLETED
BATCH STARTED -- 1 requests
Skipping updateAccountNonces for BERA debugging
Creating block JSON for BERA block 15528981 (0xb1ca9e53a6106aab0f088ba622b20348dcbec97098d345da81be307c3cb2634e)...
Searching for 9 transactions in transactions_BERA...
Created block json containing 9 txFull items.
[TxProcessor] broadcasting block 15528981 (0xb1ca9e53a6106aab0f088ba622b20348dcbec97098d345da81be307c3cb2634e)
BATCH COMPLETED
BATCH STARTED -- 8 requests
Skipping updateAccountNonces for BERA debugging
BATCH COMPLETED
BATCH STARTED -- 2 requests
Skipping updateAccountNonces for BERA debugging
Creating block JSON for BERA block 15528982 (0x3d7bb5f7a407a1a234abb1d57ec976b33b363b0992a886b4162355528a5fee14)...
Searching for 6 transactions in transactions_BERA...
Created block json containing 6 txFull items.
[TxProcessor] broadcasting block 15528982 (0x3d7bb5f7a407a1a234abb1d57ec976b33b363b0992a886b4162355528a5fee14)
BATCH COMPLETED
BATCH STARTED -- 4 requests
Skipping updateAccountNonces for BERA debugging
BATCH COMPLETED
BATCH STARTED -- 4 requests
Skipping updateAccountNonces for BERA debugging
Creating block JSON for BERA block 15528983 (0xea7628434985848b4c8f5f16253a0f5be3a075db825efea1d52c38cc7aed37d9)...
Searching for 8 transactions in transactions_BERA...
Created block json containing 8 txFull items.
[TxProcessor] broadcasting block 15528983 (0xea7628434985848b4c8f5f16253a0f5be3a075db825efea1d52c38cc7aed37d9)
BATCH COMPLETED
BATCH STARTED -- 4 requests
Skipping updateAccountNonces for BERA debugging
BATCH COMPLETED
BATCH STARTED -- 1 requests
Skipping updateAccountNonces for BERA debugging
Creating block JSON for BERA block 15528984 (0x45908a261a3315c6941251bd3519e81fb92653b1b6c5ade83ce09a68774a7dd9)...
Searching for 10 transactions in transactions_BERA...
Created block json containing 10 txFull items.
[TxProcessor] broadcasting block 15528984 (0x45908a261a3315c6941251bd3519e81fb92653b1b6c5ade83ce09a68774a7dd9)
BATCH COMPLETED
BATCH STARTED -- 9 requests
Skipping updateAccountNonces for BERA debugging
BATCH COMPLETED
BATCH STARTED -- 8 requests
Skipping updateAccountNonces for BERA debugging
Creating block JSON for BERA block 15528985 (0xddf4f2ac12185d43c428dc486207ef9e49aba5650e32b344cb5744fe2eae1ce9)...
Searching for 9 transactions in transactions_BERA...
Created block json containing 9 txFull items.
[TxProcessor] broadcasting block 15528985 (0xddf4f2ac12185d43c428dc486207ef9e49aba5650e32b344cb5744fe2eae1ce9)
BATCH COMPLETED
BATCH STARTED -- 1 requests
Skipping updateAccountNonces for BERA debugging
BATCH COMPLETED
BATCH STARTED -- 1 requests
Skipping updateAccountNonces for BERA debugging
Creating block JSON for BERA block 15528986 (0xe96efc3a2a675d534952df7a0554f77e07ca4a539882efe8823a0a7c6851ffc6)...
Searching for 12 transactions in transactions_BERA...
Created block json containing 10 txFull items.
[TxProcessor] broadcasting block 15528986 (0xe96efc3a2a675d534952df7a0554f77e07ca4a539882efe8823a0a7c6851ffc6)
BATCH COMPLETED
BATCH STARTED -- 11 requests
Skipping updateAccountNonces for BERA debugging
BATCH COMPLETED
BATCH STARTED -- 3 requests
Skipping updateAccountNonces for BERA debugging
Creating block JSON for BERA block 15528987 (0xe9182a6a14ac127e949a236d0d462b3b0bfa4dbd70207154a3c79c0a7e38a047)...
Searching for 8 transactions in transactions_BERA...
Created block json containing 8 txFull items.
[TxProcessor] broadcasting block 15528987 (0xe9182a6a14ac127e949a236d0d462b3b0bfa4dbd70207154a3c79c0a7e38a047)
BATCH COMPLETED
BATCH STARTED -- 5 requests
Skipping updateAccountNonces for BERA debugging
BATCH COMPLETED
BATCH STARTED -- 3 requests
Skipping updateAccountNonces for BERA debugging
Creating block JSON for BERA block 15528988 (0x6f0061995510f4470cdf71f82d9815090531e2ecbcc6d3ae62e61228fef9db82)...
Searching for 7 transactions in transactions_BERA...
Created block json containing 7 txFull items.
[TxProcessor] broadcasting block 15528988 (0x6f0061995510f4470cdf71f82d9815090531e2ecbcc6d3ae62e61228fef9db82)
BATCH COMPLETED
BATCH STARTED -- 4 requests
Skipping updateAccountNonces for BERA debugging
BATCH COMPLETED
BATCH STARTED -- 2 requests
Skipping updateAccountNonces for BERA debugging
Creating block JSON for BERA block 15528989 (0x0765f778f378d387a264d3e9604892f4a0413d0ab1bffb324a6d0e5ddc957486)...
Searching for 3 transactions in transactions_BERA...
Created block json containing 3 txFull items.
[TxProcessor] broadcasting block 15528989 (0x0765f778f378d387a264d3e9604892f4a0413d0ab1bffb324a6d0e5ddc957486)
BATCH COMPLETED
BATCH STARTED -- 1 requests
Skipping updateAccountNonces for BERA debugging
BATCH COMPLETED
BATCH STARTED -- 1 requests
Skipping updateAccountNonces for BERA debugging
Creating block JSON for BERA block 15528990 (0xe8396bb1dbf43f291892168a8a63e5f50a5d87b7d1c30229e815c98de6ae2d71)...
Searching for 11 transactions in transactions_BERA...
Created block json containing 8 txFull items.
[TxProcessor] broadcasting block 15528990 (0xe8396bb1dbf43f291892168a8a63e5f50a5d87b7d1c30229e815c98de6ae2d71)
BATCH COMPLETED
BATCH STARTED -- 10 requests
Skipping updateAccountNonces for BERA debugging
BATCH COMPLETED
BATCH STARTED -- 2 requests
Skipping updateAccountNonces for BERA debugging
Creating block JSON for BERA block 15528991 (0xab3efc70257dd90a5e9cf1ecdc8b8c29e5895e3ce0ed640c5d0a4427058f0e4d)...
Searching for 14 transactions in transactions_BERA...
Created block json containing 10 txFull items.
[TxProcessor] broadcasting block 15528991 (0xab3efc70257dd90a5e9cf1ecdc8b8c29e5895e3ce0ed640c5d0a4427058f0e4d)
BATCH COMPLETED
BATCH STARTED -- 12 requests
Skipping updateAccountNonces for BERA debugging
BATCH COMPLETED
BATCH STARTED -- 1 requests
Skipping updateAccountNonces for BERA debugging
Creating block JSON for BERA block 15528992 (0x94db355f763d36f327dcb471929e8f2849aad1c9a22742172114bd444cac323e)...
Searching for 12 transactions in transactions_BERA...
Created block json containing 8 txFull items.
[TxProcessor] broadcasting block 15528992 (0x94db355f763d36f327dcb471929e8f2849aad1c9a22742172114bd444cac323e)
BATCH COMPLETED
BATCH STARTED -- 11 requests
Skipping updateAccountNonces for BERA debugging
BATCH COMPLETED
BATCH STARTED -- 3 requests
Skipping updateAccountNonces for BERA debugging
Creating block JSON for BERA block 15528993 (0x4e50f0781ffff6cdd8ce6bd74636028ce204ff880707b4af8c9d78e5f46311e9)...
Searching for 11 transactions in transactions_BERA...
Created block json containing 11 txFull items.
[TxProcessor] broadcasting block 15528993 (0x4e50f0781ffff6cdd8ce6bd74636028ce204ff880707b4af8c9d78e5f46311e9)
BATCH COMPLETED
BATCH STARTED -- 8 requests
Skipping updateAccountNonces for BERA debugging
BATCH COMPLETED
BATCH STARTED -- 3 requests
Skipping updateAccountNonces for BERA debugging
Creating block JSON for BERA block 15528994 (0x6a1b28f2fd36a49c6b002e7385cb100c26ada3efc714bc932ad43e5a3446d67c)...
Searching for 18 transactions in transactions_BERA...
Created block json containing 11 txFull items.
[TxProcessor] broadcasting block 15528994 (0x6a1b28f2fd36a49c6b002e7385cb100c26ada3efc714bc932ad43e5a3446d67c)
BATCH COMPLETED
BATCH STARTED -- 12 requests
Skipping updateAccountNonces for BERA debugging
BATCH COMPLETED
BATCH STARTED -- 3 requests
Skipping updateAccountNonces for BERA debugging
BATCH COMPLETED
BATCH STARTED -- 2 requests
Skipping updateAccountNonces for BERA debugging
Creating block JSON for BERA block 15528995 (0xfa709f971a53cd0f40fe1f7465038d0c6e8843c24e914c788952c9a043a6d965)...
Searching for 9 transactions in transactions_BERA...
Created block json containing 9 txFull items.
[TxProcessor] broadcasting block 15528995 (0xfa709f971a53cd0f40fe1f7465038d0c6e8843c24e914c788952c9a043a6d965)
BATCH COMPLETED
BATCH STARTED -- 7 requests
Skipping updateAccountNonces for BERA debugging
BATCH COMPLETED
BATCH STARTED -- 4 requests
Skipping updateAccountNonces for BERA debugging
Creating block JSON for BERA block 15528996 (0xddb33e0afb35a30a4e89867dc9aa39373cfea2cbef61ae18471c308cd202f396)...
Searching for 10 transactions in transactions_BERA...
Created block json containing 10 txFull items.
[TxProcessor] broadcasting block 15528996 (0xddb33e0afb35a30a4e89867dc9aa39373cfea2cbef61ae18471c308cd202f396)
BATCH COMPLETED
BATCH STARTED -- 6 requests
Skipping updateAccountNonces for BERA debugging
BATCH COMPLETED
BATCH STARTED -- 1 requests
Skipping updateAccountNonces for BERA debugging
Creating block JSON for BERA block 15528997 (0x62e50b45c29f83a4819921f4b157a3ea730f7e4c29fa46846eba2ba1ccec43fa)...
Searching for 9 transactions in transactions_BERA...
Created block json containing 8 txFull items.
[TxProcessor] broadcasting block 15528997 (0x62e50b45c29f83a4819921f4b157a3ea730f7e4c29fa46846eba2ba1ccec43fa)
BATCH COMPLETED
BATCH STARTED -- 8 requests
Skipping updateAccountNonces for BERA debugging
BATCH COMPLETED
BATCH STARTED -- 3 requests
Skipping updateAccountNonces for BERA debugging
Creating block JSON for BERA block 15528998 (0xf2d2b3143ed503f7d55a00035dc40692ffe1cbd9c23625fd5e0cc82348a3943c)...
Searching for 8 transactions in transactions_BERA...
Created block json containing 8 txFull items.
[TxProcessor] broadcasting block 15528998 (0xf2d2b3143ed503f7d55a00035dc40692ffe1cbd9c23625fd5e0cc82348a3943c)
BATCH COMPLETED
BATCH STARTED -- 5 requests
Skipping updateAccountNonces for BERA debugging
BATCH COMPLETED
BATCH STARTED -- 2 requests
Skipping updateAccountNonces for BERA debugging
Creating block JSON for BERA block 15528999 (0x80ad98f1f6110f85f15cb5531255557a4c298f7e2ead6cb9086a9e3480806d13)...
Searching for 10 transactions in transactions_BERA...
Created block json containing 10 txFull items.
[TxProcessor] broadcasting block 15528999 (0x80ad98f1f6110f85f15cb5531255557a4c298f7e2ead6cb9086a9e3480806d13)
BATCH COMPLETED
BATCH STARTED -- 8 requests
Skipping updateAccountNonces for BERA debugging
BATCH COMPLETED
BATCH STARTED -- 5 requests
Skipping updateAccountNonces for BERA debugging
Creating block JSON for BERA block 15529000 (0xa8d7d48b63155d74ab83a9fc3e86efa5cdc47df29a17f069afe6c5081d702163)...
Searching for 8 transactions in transactions_BERA...
Created block json containing 8 txFull items.
[TxProcessor] broadcasting block 15529000 (0xa8d7d48b63155d74ab83a9fc3e86efa5cdc47df29a17f069afe6c5081d702163)
BATCH COMPLETED
BATCH STARTED -- 3 requests
Skipping updateAccountNonces for BERA debugging
BATCH COMPLETED
BATCH STARTED -- 1 requests
Skipping updateAccountNonces for BERA debugging
Creating block JSON for BERA block 15529001 (0x616c7c6a99bbbf6f28b6fbbf6ec9d57ae2b63ebb45db8f6038c384009a347a75)...
Searching for 5 transactions in transactions_BERA...
Created block json containing 5 txFull items.
[TxProcessor] broadcasting block 15529001 (0x616c7c6a99bbbf6f28b6fbbf6ec9d57ae2b63ebb45db8f6038c384009a347a75)
BATCH COMPLETED
BATCH STARTED -- 4 requests
Skipping updateAccountNonces for BERA debugging
BATCH COMPLETED
BATCH STARTED -- 3 requests
Skipping updateAccountNonces for BERA debugging
Creating block JSON for BERA block 15529002 (0xbb7a80a9fd86468011fe4b2478bb5646ac426a232dd5ded94e13cda4b831b6b8)...
Searching for 13 transactions in transactions_BERA...
Created block json containing 12 txFull items.
[TxProcessor] broadcasting block 15529002 (0xbb7a80a9fd86468011fe4b2478bb5646ac426a232dd5ded94e13cda4b831b6b8)
BATCH COMPLETED
BATCH STARTED -- 10 requests
Skipping updateAccountNonces for BERA debugging
BATCH COMPLETED
BATCH STARTED -- 4 requests
Skipping updateAccountNonces for BERA debugging
Creating block JSON for BERA block 15529003 (0x310ee56eee3bf5f0a54d39a861bbfe1159d6424057dcfc6b50e0e0b3aacac1de)...
Searching for 14 transactions in transactions_BERA...
Created block json containing 13 txFull items.
[TxProcessor] broadcasting block 15529003 (0x310ee56eee3bf5f0a54d39a861bbfe1159d6424057dcfc6b50e0e0b3aacac1de)
BATCH COMPLETED
BATCH STARTED -- 10 requests
Skipping updateAccountNonces for BERA debugging
BATCH COMPLETED
BATCH STARTED -- 3 requests
Skipping updateAccountNonces for BERA debugging
Creating block JSON for BERA block 15529004 (0x827b36e9fa6323f24824a7747d75275a3f4c8caa31fa87112c1546939b145f91)...
Searching for 9 transactions in transactions_BERA...
Created block json containing 9 txFull items.
[TxProcessor] broadcasting block 15529004 (0x827b36e9fa6323f24824a7747d75275a3f4c8caa31fa87112c1546939b145f91)
BATCH COMPLETED
BATCH STARTED -- 6 requests
Skipping updateAccountNonces for BERA debugging
BATCH COMPLETED
BATCH STARTED -- 1 requests
Skipping updateAccountNonces for BERA debugging
Creating block JSON for BERA block 15529005 (0x03977c465ee0a96e3abe62e9aacc673f36b900af7f4a799690311a2754d1118e)...
Searching for 9 transactions in transactions_BERA...
Created block json containing 7 txFull items.
[TxProcessor] broadcasting block 15529005 (0x03977c465ee0a96e3abe62e9aacc673f36b900af7f4a799690311a2754d1118e)
BATCH COMPLETED
BATCH STARTED -- 8 requests
Skipping updateAccountNonces for BERA debugging
BATCH COMPLETED
BATCH STARTED -- 1 requests
Skipping updateAccountNonces for BERA debugging
Creating block JSON for BERA block 15529006 (0x85d1ea455d0c35eba6cebb9deea2ae2a85ee1e2337ed4646c81ac817ef8a2586)...
Searching for 9 transactions in transactions_BERA...
Created block json containing 7 txFull items.
[TxProcessor] broadcasting block 15529006 (0x85d1ea455d0c35eba6cebb9deea2ae2a85ee1e2337ed4646c81ac817ef8a2586)
BATCH COMPLETED
BATCH STARTED -- 8 requests
Skipping updateAccountNonces for BERA debugging
BATCH COMPLETED
BATCH STARTED -- 3 requests
Skipping updateAccountNonces for BERA debugging
Creating block JSON for BERA block 15529007 (0x143bfe0be406a8d1d9eb306da69c03c65f926bb290dae4879c995db9133929a3)...
Searching for 10 transactions in transactions_BERA...
Created block json containing 10 txFull items.
[TxProcessor] broadcasting block 15529007 (0x143bfe0be406a8d1d9eb306da69c03c65f926bb290dae4879c995db9133929a3)
BATCH COMPLETED
BATCH STARTED -- 7 requests
Skipping updateAccountNonces for BERA debugging
BATCH COMPLETED
BATCH STARTED -- 6 requests
Skipping updateAccountNonces for BERA debugging
Creating block JSON for BERA block 15529008 (0x97fa547c08c49977cd2e1ca214afbd932cd3958334ab585f97ab495db4dab5a6)...
Searching for 8 transactions in transactions_BERA...
Created block json containing 8 txFull items.
[TxProcessor] broadcasting block 15529008 (0x97fa547c08c49977cd2e1ca214afbd932cd3958334ab585f97ab495db4dab5a6)
BATCH COMPLETED
BATCH STARTED -- 2 requests
Skipping updateAccountNonces for BERA debugging
BATCH COMPLETED
BATCH STARTED -- 4 requests
Skipping updateAccountNonces for BERA debugging
Creating block JSON for BERA block 15529009 (0x04c4ae4fdb02462c0c1f54ecea112cba73bc7f28356e83259e2b4da181ba205c)...
Searching for 8 transactions in transactions_BERA...
Created block json containing 8 txFull items.
[TxProcessor] broadcasting block 15529009 (0x04c4ae4fdb02462c0c1f54ecea112cba73bc7f28356e83259e2b4da181ba205c)
BATCH COMPLETED
BATCH STARTED -- 4 requests
Skipping updateAccountNonces for BERA debugging
BATCH COMPLETED
BATCH STARTED -- 4 requests
Skipping updateAccountNonces for BERA debugging
Creating block JSON for BERA block 15529010 (0x69dce856f61afdde57d167d6c1fb1d1a573d83b43e6d90df59d3a9a2a9fa0128)...
Searching for 8 transactions in transactions_BERA...
Created block json containing 8 txFull items.
[TxProcessor] broadcasting block 15529010 (0x69dce856f61afdde57d167d6c1fb1d1a573d83b43e6d90df59d3a9a2a9fa0128)
BATCH COMPLETED
BATCH STARTED -- 4 requests
Skipping updateAccountNonces for BERA debugging
BATCH COMPLETED
BATCH STARTED -- 1 requests
Skipping updateAccountNonces for BERA debugging
Creating block JSON for BERA block 15529011 (0x579b46a5c04218ef75573c9c9ef9c4858f7be7f2641dc2ecdd41ab0a3fda17ef)...
Searching for 13 transactions in transactions_BERA...
Created block json containing 9 txFull items.
[TxProcessor] broadcasting block 15529011 (0x579b46a5c04218ef75573c9c9ef9c4858f7be7f2641dc2ecdd41ab0a3fda17ef)
BATCH COMPLETED
BATCH STARTED -- 12 requests
Skipping updateAccountNonces for BERA debugging
BATCH COMPLETED
BATCH STARTED -- 4 requests
Skipping updateAccountNonces for BERA debugging
Creating block JSON for BERA block 15529012 (0x8be35d272edadc0d2c2dc7842652c972f4b2b513003f59701148185ca2d52751)...
Searching for 8 transactions in transactions_BERA...
Created block json containing 8 txFull items.
[TxProcessor] broadcasting block 15529012 (0x8be35d272edadc0d2c2dc7842652c972f4b2b513003f59701148185ca2d52751)
BATCH COMPLETED
BATCH STARTED -- 4 requests
Skipping updateAccountNonces for BERA debugging
BATCH COMPLETED
BATCH STARTED -- 3 requests
Skipping updateAccountNonces for BERA debugging
Creating block JSON for BERA block 15529013 (0xf27a740604ab66e6c02da1449923fc3dd6148cee13f10c2ba8264bf021cc9660)...
Searching for 13 transactions in transactions_BERA...
Created block json containing 12 txFull items.
[TxProcessor] broadcasting block 15529013 (0xf27a740604ab66e6c02da1449923fc3dd6148cee13f10c2ba8264bf021cc9660)
BATCH COMPLETED
BATCH STARTED -- 10 requests
Skipping updateAccountNonces for BERA debugging
BATCH COMPLETED
BATCH STARTED -- 4 requests
Skipping updateAccountNonces for BERA debugging
Creating block JSON for BERA block 15529014 (0x63c0d3e84b9a8bc494bff14ff69df2a85756b49110c187a261d58d4009e30d7c)...
Searching for 10 transactions in transactions_BERA...
Created block json containing 10 txFull items.
[TxProcessor] broadcasting block 15529014 (0x63c0d3e84b9a8bc494bff14ff69df2a85756b49110c187a261d58d4009e30d7c)
BATCH COMPLETED
BATCH STARTED -- 6 requests
Skipping updateAccountNonces for BERA debugging
BATCH COMPLETED
BATCH STARTED -- 4 requests
Skipping updateAccountNonces for BERA debugging
Creating block JSON for BERA block 15529015 (0x718111d43d8248ed9794cdf02fb3962e7edc428b401176d7bc96e61cf9834e14)...
Searching for 9 transactions in transactions_BERA...
Created block json containing 9 txFull items.
[TxProcessor] broadcasting block 15529015 (0x718111d43d8248ed9794cdf02fb3962e7edc428b401176d7bc96e61cf9834e14)
BATCH COMPLETED
BATCH STARTED -- 5 requests
Skipping updateAccountNonces for BERA debugging
BATCH COMPLETED
BATCH STARTED -- 2 requests
Skipping updateAccountNonces for BERA debugging
Creating block JSON for BERA block 15529016 (0x959e5135e8c7a635ed220ccc79d2a003bc28254e2178ba3759bc5588286e0e4a)...
Searching for 9 transactions in transactions_BERA...
Created block json containing 9 txFull items.
[TxProcessor] broadcasting block 15529016 (0x959e5135e8c7a635ed220ccc79d2a003bc28254e2178ba3759bc5588286e0e4a)
BATCH COMPLETED
BATCH STARTED -- 7 requests
Skipping updateAccountNonces for BERA debugging
BATCH COMPLETED
BATCH STARTED -- 1 requests
Skipping updateAccountNonces for BERA debugging
Creating block JSON for BERA block 15529017 (0xfa371ad118984fdf2c28a8ef05af2dd6360a03998a261e1fdd04b2fb1776dfc2)...
Searching for 10 transactions in transactions_BERA...
Created block json containing 8 txFull items.
[TxProcessor] broadcasting block 15529017 (0xfa371ad118984fdf2c28a8ef05af2dd6360a03998a261e1fdd04b2fb1776dfc2)
BATCH COMPLETED
BATCH STARTED -- 9 requests
Skipping updateAccountNonces for BERA debugging
BATCH COMPLETED
BATCH STARTED -- 2 requests
Skipping updateAccountNonces for BERA debugging
Creating block JSON for BERA block 15529018 (0x927273076c8ff5ee68f09af77f09a226a7b977e63cd209331121303c03b45a04)...
Searching for 15 transactions in transactions_BERA...
Created block json containing 10 txFull items.
[TxProcessor] broadcasting block 15529018 (0x927273076c8ff5ee68f09af77f09a226a7b977e63cd209331121303c03b45a04)
BATCH COMPLETED
BATCH STARTED -- 13 requests
Skipping updateAccountNonces for BERA debugging
BATCH COMPLETED
BATCH STARTED -- 4 requests
Skipping updateAccountNonces for BERA debugging
Creating block JSON for BERA block 15529019 (0x34b87d22219a6a29b0e06b1515298a41c972717b574956a56256f885e913294d)...
Searching for 10 transactions in transactions_BERA...
Created block json containing 10 txFull items.
[TxProcessor] broadcasting block 15529019 (0x34b87d22219a6a29b0e06b1515298a41c972717b574956a56256f885e913294d)
BATCH COMPLETED
BATCH STARTED -- 6 requests
Skipping updateAccountNonces for BERA debugging
BATCH COMPLETED
BATCH STARTED -- 6 requests
Skipping updateAccountNonces for BERA debugging
Creating block JSON for BERA block 15529020 (0x6de6afed34691e7f08264a63ef43538aa97a364ddfdd9568500acf64599a37e6)...
Searching for 11 transactions in transactions_BERA...
Created block json containing 11 txFull items.
[TxProcessor] broadcasting block 15529020 (0x6de6afed34691e7f08264a63ef43538aa97a364ddfdd9568500acf64599a37e6)
BATCH COMPLETED
BATCH STARTED -- 5 requests
Skipping updateAccountNonces for BERA debugging
BATCH COMPLETED
BATCH STARTED -- 3 requests
Skipping updateAccountNonces for BERA debugging
Creating block JSON for BERA block 15529021 (0xf9933ee09007cb378974f6659bdee7894a4e3e491623403cc32a921257eb91c4)...
Searching for 9 transactions in transactions_BERA...
Created block json containing 9 txFull items.
[TxProcessor] broadcasting block 15529021 (0xf9933ee09007cb378974f6659bdee7894a4e3e491623403cc32a921257eb91c4)
BATCH COMPLETED
BATCH STARTED -- 6 requests
Skipping updateAccountNonces for BERA debugging
BATCH COMPLETED
BATCH STARTED -- 1 requests
Skipping updateAccountNonces for BERA debugging
Creating block JSON for BERA block 15529022 (0xab0554dea2f76b14427b4a267276c438c1f33cc401cd06773ba6bd8d486966a4)...
Searching for 14 transactions in transactions_BERA...
Created block json containing 7 txFull items.
[TxProcessor] broadcasting block 15529022 (0xab0554dea2f76b14427b4a267276c438c1f33cc401cd06773ba6bd8d486966a4)
BATCH COMPLETED
BATCH STARTED -- 10 requests
Skipping updateAccountNonces for BERA debugging
BATCH COMPLETED
BATCH STARTED -- 3 requests
Skipping updateAccountNonces for BERA debugging
BATCH COMPLETED
BATCH STARTED -- 1 requests
Skipping updateAccountNonces for BERA debugging
Creating block JSON for BERA block 15529023 (0xbd6f11f0556f8842434c026142a6888ee99745ae4b015edb4c25c3849f3e4961)...
Searching for 11 transactions in transactions_BERA...
Created block json containing 7 txFull items.
[TxProcessor] broadcasting block 15529023 (0xbd6f11f0556f8842434c026142a6888ee99745ae4b015edb4c25c3849f3e4961)
BATCH COMPLETED
BATCH STARTED -- 10 requests
Skipping updateAccountNonces for BERA debugging
BATCH COMPLETED
BATCH STARTED -- 1 requests
Skipping updateAccountNonces for BERA debugging
Creating block JSON for BERA block 15529024 (0x103d27e0f6346562ec5b60291ae43845cb2db6872b792833b71a371c8ab32a63)...
Searching for 10 transactions in transactions_BERA...
Created block json containing 8 txFull items.
[TxProcessor] broadcasting block 15529024 (0x103d27e0f6346562ec5b60291ae43845cb2db6872b792833b71a371c8ab32a63)
BATCH COMPLETED
BATCH STARTED -- 9 requests
Skipping updateAccountNonces for BERA debugging
BATCH COMPLETED
BATCH STARTED -- 1 requests
Skipping updateAccountNonces for BERA debugging
Creating block JSON for BERA block 15529025 (0x2a0802ae65c821c7f1f47abc40dad61ae49a00d7c81cf2dd88a8102270d94d92)...
Searching for 4 transactions in transactions_BERA...
Created block json containing 4 txFull items.
[TxProcessor] broadcasting block 15529025 (0x2a0802ae65c821c7f1f47abc40dad61ae49a00d7c81cf2dd88a8102270d94d92)
BATCH COMPLETED
BATCH STARTED -- 3 requests
Skipping updateAccountNonces for BERA debugging
BATCH COMPLETED
BATCH STARTED -- 3 requests
Skipping updateAccountNonces for BERA debugging
Creating block JSON for BERA block 15529026 (0x7fdaebf6b2b32edf4cd89403e60de9c65aa87821664dc600c89e1cca6a1c2286)...
Searching for 6 transactions in transactions_BERA...
Created block json containing 6 txFull items.
[TxProcessor] broadcasting block 15529026 (0x7fdaebf6b2b32edf4cd89403e60de9c65aa87821664dc600c89e1cca6a1c2286)
BATCH COMPLETED
BATCH STARTED -- 3 requests
Skipping updateAccountNonces for BERA debugging
BATCH COMPLETED
BATCH STARTED -- 4 requests
Skipping updateAccountNonces for BERA debugging
Creating block JSON for BERA block 15529027 (0x7bf0cfcb7d20d12a3d39bd27c33391488f7c1fc47b94e59292a8ef153e7d65b0)...
Searching for 9 transactions in transactions_BERA...
Created block json containing 9 txFull items.
[TxProcessor] broadcasting block 15529027 (0x7bf0cfcb7d20d12a3d39bd27c33391488f7c1fc47b94e59292a8ef153e7d65b0)
BATCH COMPLETED
BATCH STARTED -- 5 requests
Skipping updateAccountNonces for BERA debugging
BATCH COMPLETED
BATCH STARTED -- 1 requests
Skipping updateAccountNonces for BERA debugging
Creating block JSON for BERA block 15529028 (0xbba1333011289fd6eb600cc6c0f4d68d84cfe815e7b5475ce591781f36201f5a)...
Searching for 10 transactions in transactions_BERA...
Created block json containing 7 txFull items.
[TxProcessor] broadcasting block 15529028 (0xbba1333011289fd6eb600cc6c0f4d68d84cfe815e7b5475ce591781f36201f5a)
BATCH COMPLETED
BATCH STARTED -- 9 requests
Skipping updateAccountNonces for BERA debugging
BATCH COMPLETED
BATCH STARTED -- 4 requests
Skipping updateAccountNonces for BERA debugging
Creating block JSON for BERA block 15529029 (0x4b5c26c6fde09e511bbe076c177e518b672c7e43a56796ef6cd41b8989bca9e2)...
Searching for 8 transactions in transactions_BERA...
Created block json containing 8 txFull items.
[TxProcessor] broadcasting block 15529029 (0x4b5c26c6fde09e511bbe076c177e518b672c7e43a56796ef6cd41b8989bca9e2)
BATCH COMPLETED
BATCH STARTED -- 4 requests
Skipping updateAccountNonces for BERA debugging
BATCH COMPLETED
BATCH STARTED -- 3 requests
Skipping updateAccountNonces for BERA debugging
Creating block JSON for BERA block 15529030 (0x7f89b2e85afd541b5ab4000a25828411c968bd38026d225dd53db6461867c3b3)...
Searching for 9 transactions in transactions_BERA...
Created block json containing 9 txFull items.
[TxProcessor] broadcasting block 15529030 (0x7f89b2e85afd541b5ab4000a25828411c968bd38026d225dd53db6461867c3b3)
BATCH COMPLETED
BATCH STARTED -- 6 requests
Skipping updateAccountNonces for BERA debugging
BATCH COMPLETED
BATCH STARTED -- 2 requests
Skipping updateAccountNonces for BERA debugging
Creating block JSON for BERA block 15529031 (0x68ac1b1f541d04bd9a725f147bece749babe6c658c6e8907258be5ddfc0f5785)...
Searching for 4 transactions in transactions_BERA...
Created block json containing 4 txFull items.
[TxProcessor] broadcasting block 15529031 (0x68ac1b1f541d04bd9a725f147bece749babe6c658c6e8907258be5ddfc0f5785)
BATCH COMPLETED
BATCH STARTED -- 2 requests
Skipping updateAccountNonces for BERA debugging
BATCH COMPLETED
BATCH STARTED -- 1 requests
Skipping updateAccountNonces for BERA debugging
Creating block JSON for BERA block 15529032 (0x7bf2dadeb59b5aab0954c0a14a0ee22c25655512c1313c19f85375ee4499d1bb)...
Searching for 7 transactions in transactions_BERA...
Created block json containing 7 txFull items.
[TxProcessor] broadcasting block 15529032 (0x7bf2dadeb59b5aab0954c0a14a0ee22c25655512c1313c19f85375ee4499d1bb)
BATCH COMPLETED
BATCH STARTED -- 6 requests
Skipping updateAccountNonces for BERA debugging
BATCH COMPLETED
BATCH STARTED -- 1 requests
Skipping updateAccountNonces for BERA debugging
Creating block JSON for BERA block 15529033 (0xd8f4dc7d3a85c7ab8c1a31ba35a454a07fab00261e69f98f0ca36a41a4d69622)...
Searching for 7 transactions in transactions_BERA...
Created block json containing 7 txFull items.
[TxProcessor] broadcasting block 15529033 (0xd8f4dc7d3a85c7ab8c1a31ba35a454a07fab00261e69f98f0ca36a41a4d69622)
BATCH COMPLETED
BATCH STARTED -- 6 requests
Skipping updateAccountNonces for BERA debugging
BATCH COMPLETED
BATCH STARTED -- 3 requests
Skipping updateAccountNonces for BERA debugging
Creating block JSON for BERA block 15529034 (0x59652cde4c352a7ffe3b4d1d1b1a57d3ac50861da670ba4fac4ce3eed9201766)...
Searching for 9 transactions in transactions_BERA...
Created block json containing 9 txFull items.
[TxProcessor] broadcasting block 15529034 (0x59652cde4c352a7ffe3b4d1d1b1a57d3ac50861da670ba4fac4ce3eed9201766)
BATCH COMPLETED
BATCH STARTED -- 6 requests
Skipping updateAccountNonces for BERA debugging
BATCH COMPLETED
BATCH STARTED -- 1 requests
Skipping updateAccountNonces for BERA debugging
Creating block JSON for BERA block 15529035 (0x257fc2278ddb4c03d60765c2137b19cdf8cb37e0e707f6493d8e5c9bfe919c76)...
Searching for 17 transactions in transactions_BERA...
Created block json containing 12 txFull items.
[TxProcessor] broadcasting block 15529035 (0x257fc2278ddb4c03d60765c2137b19cdf8cb37e0e707f6493d8e5c9bfe919c76)
BATCH COMPLETED
BATCH STARTED -- 15 requests
Skipping updateAccountNonces for BERA debugging
BATCH COMPLETED
BATCH STARTED -- 2 requests
Skipping updateAccountNonces for BERA debugging
Creating block JSON for BERA block 15529036 (0x56013b66b21adabf924bced9a7e1837033e50ca1a274c4266294f32b7ddfa8f7)...
Searching for 16 transactions in transactions_BERA...
Created block json containing 9 txFull items.
[TxProcessor] broadcasting block 15529036 (0x56013b66b21adabf924bced9a7e1837033e50ca1a274c4266294f32b7ddfa8f7)
BATCH COMPLETED
BATCH STARTED -- 11 requests
Skipping updateAccountNonces for BERA debugging
BATCH COMPLETED
BATCH STARTED -- 4 requests
Skipping updateAccountNonces for BERA debugging
BATCH COMPLETED
BATCH STARTED -- 2 requests
Skipping updateAccountNonces for BERA debugging
Creating block JSON for BERA block 15529037 (0x097f9d28b9a77b745f10de482e5dfd5073a5094e8717807ab118c4e3f25543d6)...
Searching for 7 transactions in transactions_BERA...
Created block json containing 7 txFull items.
[TxProcessor] broadcasting block 15529037 (0x097f9d28b9a77b745f10de482e5dfd5073a5094e8717807ab118c4e3f25543d6)
BATCH COMPLETED
BATCH STARTED -- 5 requests
Skipping updateAccountNonces for BERA debugging
BATCH COMPLETED
BATCH STARTED -- 1 requests
Skipping updateAccountNonces for BERA debugging
Creating block JSON for BERA block 15529038 (0x49209f76c0f1a2e48453bc3dcb9ebd3df798492eb1779cefb009b864013931b2)...
Searching for 9 transactions in transactions_BERA...
Created block json containing 7 txFull items.
[TxProcessor] broadcasting block 15529038 (0x49209f76c0f1a2e48453bc3dcb9ebd3df798492eb1779cefb009b864013931b2)
BATCH COMPLETED
BATCH STARTED -- 8 requests
Skipping updateAccountNonces for BERA debugging
BATCH COMPLETED
BATCH STARTED -- 2 requests
Skipping updateAccountNonces for BERA debugging
Creating block JSON for BERA block 15529039 (0x9ffd2573bc8052dee9458b8e1388bb932a794314b16c15e05a165e8c692df8d5)...
Searching for 11 transactions in transactions_BERA...
Created block json containing 9 txFull items.
[TxProcessor] broadcasting block 15529039 (0x9ffd2573bc8052dee9458b8e1388bb932a794314b16c15e05a165e8c692df8d5)
BATCH COMPLETED
BATCH STARTED -- 9 requests
Skipping updateAccountNonces for BERA debugging
BATCH COMPLETED
BATCH STARTED -- 4 requests
Skipping updateAccountNonces for BERA debugging
Creating block JSON for BERA block 15529040 (0x05840c6f49c7562a3943c3197c05248b6600e5bbf26f29301b479be52a4b8010)...
Searching for 10 transactions in transactions_BERA...
Created block json containing 10 txFull items.
[TxProcessor] broadcasting block 15529040 (0x05840c6f49c7562a3943c3197c05248b6600e5bbf26f29301b479be52a4b8010)
BATCH COMPLETED
BATCH STARTED -- 6 requests
Skipping updateAccountNonces for BERA debugging
BATCH COMPLETED
BATCH STARTED -- 1 requests
Skipping updateAccountNonces for BERA debugging
Creating block JSON for BERA block 15529041 (0x3684067474f16da10b0374ac858f2d04e6f66d1e4bc269e74b5b4ef62186ce08)...
Searching for 8 transactions in transactions_BERA...
Created block json containing 8 txFull items.
[TxProcessor] broadcasting block 15529041 (0x3684067474f16da10b0374ac858f2d04e6f66d1e4bc269e74b5b4ef62186ce08)
BATCH COMPLETED
BATCH STARTED -- 7 requests
Skipping updateAccountNonces for BERA debugging
BATCH COMPLETED
BATCH STARTED -- 2 requests
Skipping updateAccountNonces for BERA debugging
Creating block JSON for BERA block 15529042 (0x1d8ea6abf33cb29560b32e3ca4e0cb10634d8e6a74600f0ad847f54c2a8dda83)...
Searching for 9 transactions in transactions_BERA...
Created block json containing 9 txFull items.
[TxProcessor] broadcasting block 15529042 (0x1d8ea6abf33cb29560b32e3ca4e0cb10634d8e6a74600f0ad847f54c2a8dda83)
BATCH COMPLETED
BATCH STARTED -- 7 requests
Skipping updateAccountNonces for BERA debugging
BATCH COMPLETED
BATCH STARTED -- 3 requests
Skipping updateAccountNonces for BERA debugging
Creating block JSON for BERA block 15529043 (0x882d54fb4273ea359d6f706b03aae248c6eac8ed3dcb6c84a839a720348d1906)...
Searching for 7 transactions in transactions_BERA...
Created block json containing 7 txFull items.
[TxProcessor] broadcasting block 15529043 (0x882d54fb4273ea359d6f706b03aae248c6eac8ed3dcb6c84a839a720348d1906)
BATCH COMPLETED
BATCH STARTED -- 4 requests
Skipping updateAccountNonces for BERA debugging
BATCH COMPLETED
BATCH STARTED -- 4 requests
Skipping updateAccountNonces for BERA debugging
Creating block JSON for BERA block 15529044 (0xc2bfec177415951e065325f45b1c6f3ca9940170e85bd3854d3d5f72a3a139bc)...
Searching for 14 transactions in transactions_BERA...
Created block json containing 14 txFull items.
[TxProcessor] broadcasting block 15529044 (0xc2bfec177415951e065325f45b1c6f3ca9940170e85bd3854d3d5f72a3a139bc)
BATCH COMPLETED
BATCH STARTED -- 10 requests
Skipping updateAccountNonces for BERA debugging
BATCH COMPLETED
BATCH STARTED -- 2 requests
Skipping updateAccountNonces for BERA debugging
Creating block JSON for BERA block 15529045 (0xc08380832a4896d48566fb908a4984c18dfe0e882ec5f949c276ccd08397bce1)...
Searching for 14 transactions in transactions_BERA...
Created block json containing 10 txFull items.
[TxProcessor] broadcasting block 15529045 (0xc08380832a4896d48566fb908a4984c18dfe0e882ec5f949c276ccd08397bce1)
BATCH COMPLETED
BATCH STARTED -- 12 requests
Skipping updateAccountNonces for BERA debugging
BATCH COMPLETED
BATCH STARTED -- 3 requests
Skipping updateAccountNonces for BERA debugging
Creating block JSON for BERA block 15529046 (0xae69c5e5f4f2dad52da8eba3494a8332b6c15ee97d800389b827dedabdd4b842)...
Searching for 8 transactions in transactions_BERA...
Created block json containing 8 txFull items.
[TxProcessor] broadcasting block 15529046 (0xae69c5e5f4f2dad52da8eba3494a8332b6c15ee97d800389b827dedabdd4b842)
BATCH COMPLETED
BATCH STARTED -- 5 requests
Skipping updateAccountNonces for BERA debugging
BATCH COMPLETED
BATCH STARTED -- 2 requests
Skipping updateAccountNonces for BERA debugging
Creating block JSON for BERA block 15529047 (0xc70e75f906307feae8066827c20e2005ecf4e8e70f4e82988ab291e7e1957e1d)...
Searching for 12 transactions in transactions_BERA...
Created block json containing 10 txFull items.
[TxProcessor] broadcasting block 15529047 (0xc70e75f906307feae8066827c20e2005ecf4e8e70f4e82988ab291e7e1957e1d)
BATCH COMPLETED
BATCH STARTED -- 10 requests
Skipping updateAccountNonces for BERA debugging
BATCH COMPLETED
BATCH STARTED -- 2 requests
Skipping updateAccountNonces for BERA debugging
Creating block JSON for BERA block 15529048 (0x07f39248443c96dc8f4427432129c497814cdbdffb5cba6a9022d5fc7cf4b1b8)...
Searching for 12 transactions in transactions_BERA...
Created block json containing 11 txFull items.
[TxProcessor] broadcasting block 15529048 (0x07f39248443c96dc8f4427432129c497814cdbdffb5cba6a9022d5fc7cf4b1b8)
BATCH COMPLETED
BATCH STARTED -- 10 requests
Skipping updateAccountNonces for BERA debugging
BATCH COMPLETED
BATCH STARTED -- 8 requests
Skipping updateAccountNonces for BERA debugging
Creating block JSON for BERA block 15529049 (0xa2e0f0e69016053f535e9855b4a8f08c96bbb98ebca342c41e22e0ddf94b7009)...
Searching for 8 transactions in transactions_BERA...
Created block json containing 8 txFull items.
[TxProcessor] broadcasting block 15529049 (0xa2e0f0e69016053f535e9855b4a8f08c96bbb98ebca342c41e22e0ddf94b7009)
BATCH COMPLETED
BATCH STARTED -- 4 requests
Skipping updateAccountNonces for BERA debugging
Creating block JSON for BERA block 15529050 (0x1342ee519d0573f568dab3b08e8b3d421684054316634116621efd2871d2dd01)...
Searching for 8 transactions in transactions_BERA...
Created block json containing 8 txFull items.
[TxProcessor] broadcasting block 15529050 (0x1342ee519d0573f568dab3b08e8b3d421684054316634116621efd2871d2dd01)
BATCH COMPLETED
BATCH STARTED -- 4 requests
Skipping updateAccountNonces for BERA debugging
BATCH COMPLETED
BATCH STARTED -- 1 requests
Skipping updateAccountNonces for BERA debugging
Creating block JSON for BERA block 15529051 (0xb8015f7719e7f2e0e8901218a53c455a94cf56661735c3612ad5b1bac3e9479a)...
Searching for 8 transactions in transactions_BERA...
Created block json containing 7 txFull items.
[TxProcessor] broadcasting block 15529051 (0xb8015f7719e7f2e0e8901218a53c455a94cf56661735c3612ad5b1bac3e9479a)
BATCH COMPLETED
BATCH STARTED -- 7 requests
Skipping updateAccountNonces for BERA debugging
BATCH COMPLETED
BATCH STARTED -- 1 requests
Skipping updateAccountNonces for BERA debugging
Creating block JSON for BERA block 15529052 (0x76c8d00705f7f85f3b33cc80b1bb13b2a5983d5f4fdbe6306cb1ab2972652612)...
Searching for 8 transactions in transactions_BERA...
Created block json containing 8 txFull items.
[TxProcessor] broadcasting block 15529052 (0x76c8d00705f7f85f3b33cc80b1bb13b2a5983d5f4fdbe6306cb1ab2972652612)
BATCH COMPLETED
BATCH STARTED -- 7 requests
Skipping updateAccountNonces for BERA debugging
BATCH COMPLETED
BATCH STARTED -- 1 requests
Skipping updateAccountNonces for BERA debugging
Creating block JSON for BERA block 15529053 (0xcc2c81220bd4e926b1d82fca05e349e733eb0e8b7f72448fdfbea45ec4ece37d)...
Searching for 21 transactions in transactions_BERA...
Created block json containing 8 txFull items.
[TxProcessor] broadcasting block 15529053 (0xcc2c81220bd4e926b1d82fca05e349e733eb0e8b7f72448fdfbea45ec4ece37d)
BATCH COMPLETED
BATCH STARTED -- 12 requests
Skipping updateAccountNonces for BERA debugging
BATCH COMPLETED
BATCH STARTED -- 8 requests
Skipping updateAccountNonces for BERA debugging
BATCH COMPLETED
BATCH STARTED -- 1 requests
Skipping updateAccountNonces for BERA debugging
Creating block JSON for BERA block 15529054 (0xdd1f5e938e29e11611ccc74bfebe63a859ef40bd7f5fa186d547c0d44fb43295)...
Searching for 11 transactions in transactions_BERA...
Created block json containing 8 txFull items.
[TxProcessor] broadcasting block 15529054 (0xdd1f5e938e29e11611ccc74bfebe63a859ef40bd7f5fa186d547c0d44fb43295)
BATCH COMPLETED
BATCH STARTED -- 10 requests
Skipping updateAccountNonces for BERA debugging
BATCH COMPLETED
BATCH STARTED -- 6 requests
Skipping updateAccountNonces for BERA debugging
Creating block JSON for BERA block 15529055 (0xd12fc44c48e4fe309b7dc7f53d0cb1c08c93df2a6d714c3ff0c5857c6565ed93)...
Searching for 6 transactions in transactions_BERA...
Created block json containing 6 txFull items.
[TxProcessor] broadcasting block 15529055 (0xd12fc44c48e4fe309b7dc7f53d0cb1c08c93df2a6d714c3ff0c5857c6565ed93)
BATCH COMPLETED
BATCH STARTED -- 2 requests
Skipping updateAccountNonces for BERA debugging
Creating block JSON for BERA block 15529056 (0x193c9d0660292df45d16bb0178b98e6c0e3cb9ae339f5c0fcd4c3b9a0bbd111d)...
Searching for 9 transactions in transactions_BERA...
Created block json containing 9 txFull items.
[TxProcessor] broadcasting block 15529056 (0x193c9d0660292df45d16bb0178b98e6c0e3cb9ae339f5c0fcd4c3b9a0bbd111d)
BATCH COMPLETED
BATCH STARTED -- 7 requests
Skipping updateAccountNonces for BERA debugging
BATCH COMPLETED
BATCH STARTED -- 5 requests
Skipping updateAccountNonces for BERA debugging
Creating block JSON for BERA block 15529057 (0x93f23e82ab7da6dab854615c3cd72489a67dfe927064f5bfc4b58a771d492805)...
Searching for 11 transactions in transactions_BERA...
Created block json containing 11 txFull items.
[TxProcessor] broadcasting block 15529057 (0x93f23e82ab7da6dab854615c3cd72489a67dfe927064f5bfc4b58a771d492805)
BATCH COMPLETED
BATCH STARTED -- 6 requests
Skipping updateAccountNonces for BERA debugging
BATCH COMPLETED
BATCH STARTED -- 3 requests
Skipping updateAccountNonces for BERA debugging
Creating block JSON for BERA block 15529058 (0xbb83688eb8560aa489ce80e7375618047d32b0cae5c173da4b98c855fdc18f97)...
Searching for 6 transactions in transactions_BERA...
Created block json containing 6 txFull items.
[TxProcessor] broadcasting block 15529058 (0xbb83688eb8560aa489ce80e7375618047d32b0cae5c173da4b98c855fdc18f97)
BATCH COMPLETED
BATCH STARTED -- 3 requests
Skipping updateAccountNonces for BERA debugging
BATCH COMPLETED
BATCH STARTED -- 4 requests
Skipping updateAccountNonces for BERA debugging
Creating block JSON for BERA block 15529059 (0x3e0e6562eaa6561d146974fd0d8af500794484cb05881a8c4601441f4f104e42)...
Searching for 11 transactions in transactions_BERA...
Created block json containing 11 txFull items.
[TxProcessor] broadcasting block 15529059 (0x3e0e6562eaa6561d146974fd0d8af500794484cb05881a8c4601441f4f104e42)
BATCH COMPLETED
BATCH STARTED -- 7 requests
Skipping updateAccountNonces for BERA debugging
BATCH COMPLETED
BATCH STARTED -- 8 requests
Skipping updateAccountNonces for BERA debugging
Creating block JSON for BERA block 15529060 (0x221d4fbd5c4470788f5b4e8e63e3ae8a15c6907d5680a6553729000df581be21)...
Searching for 14 transactions in transactions_BERA...
Created block json containing 14 txFull items.
[TxProcessor] broadcasting block 15529060 (0x221d4fbd5c4470788f5b4e8e63e3ae8a15c6907d5680a6553729000df581be21)
BATCH COMPLETED
BATCH STARTED -- 6 requests
Skipping updateAccountNonces for BERA debugging
BATCH COMPLETED
BATCH STARTED -- 11 requests
Skipping updateAccountNonces for BERA debugging
Creating block JSON for BERA block 15529061 (0x9ebe7b5ac76ac28bb9baf823b9ff759b6200b769bbbf05b224132edef9a86059)...
Searching for 11 transactions in transactions_BERA...
Created block json containing 11 txFull items.
[TxProcessor] broadcasting block 15529061 (0x9ebe7b5ac76ac28bb9baf823b9ff759b6200b769bbbf05b224132edef9a86059)
BATCH COMPLETED
BATCH STARTED -- 6 requests
Skipping updateAccountNonces for BERA debugging
Creating block JSON for BERA block 15529062 (0x0a644f81932a41efd237e4f4756851b0ea4486112887bce8951d9a127e47697d)...
Searching for 6 transactions in transactions_BERA...
Created block json containing 6 txFull items.
[TxProcessor] broadcasting block 15529062 (0x0a644f81932a41efd237e4f4756851b0ea4486112887bce8951d9a127e47697d)
BATCH COMPLETED
BATCH STARTED -- 3 requests
Skipping updateAccountNonces for BERA debugging
Creating block JSON for BERA block 15529063 (0xa24983fd1ab947a182c31a68e8a01dd2c03aa39d6d91f65d6eef7c991a73d426)...
Searching for 7 transactions in transactions_BERA...
Created block json containing 7 txFull items.
[TxProcessor] broadcasting block 15529063 (0xa24983fd1ab947a182c31a68e8a01dd2c03aa39d6d91f65d6eef7c991a73d426)
BATCH COMPLETED
BATCH STARTED -- 4 requests
Skipping updateAccountNonces for BERA debugging
BATCH COMPLETED
BATCH STARTED -- 3 requests
Skipping updateAccountNonces for BERA debugging
Creating block JSON for BERA block 15529064 (0x677106d32ec1c9314d1e8e2adb205cc7017933ea17d92b3881354f9c27108724)...
Searching for 9 transactions in transactions_BERA...
Created block json containing 9 txFull items.
[TxProcessor] broadcasting block 15529064 (0x677106d32ec1c9314d1e8e2adb205cc7017933ea17d92b3881354f9c27108724)
BATCH COMPLETED
BATCH STARTED -- 6 requests
Skipping updateAccountNonces for BERA debugging
BATCH COMPLETED
BATCH STARTED -- 2 requests
Skipping updateAccountNonces for BERA debugging
Creating block JSON for BERA block 15529065 (0x61b901f35f3856d2e2d1e34bb9999a5506c44af9303dc2e2ddff583945a89f11)...
Searching for 6 transactions in transactions_BERA...
Created block json containing 6 txFull items.
[TxProcessor] broadcasting block 15529065 (0x61b901f35f3856d2e2d1e34bb9999a5506c44af9303dc2e2ddff583945a89f11)
BATCH COMPLETED
BATCH STARTED -- 4 requests
Skipping updateAccountNonces for BERA debugging
BATCH COMPLETED
BATCH STARTED -- 1 requests
Skipping updateAccountNonces for BERA debugging
Creating block JSON for BERA block 15529066 (0x84d1c881b2e92d8a768db6b131a9f08b872171c82fb886c1486c6a9deb0beb06)...
Searching for 8 transactions in transactions_BERA...
Created block json containing 8 txFull items.
[TxProcessor] broadcasting block 15529066 (0x84d1c881b2e92d8a768db6b131a9f08b872171c82fb886c1486c6a9deb0beb06)
BATCH COMPLETED
BATCH STARTED -- 7 requests
Skipping updateAccountNonces for BERA debugging
BATCH COMPLETED
BATCH STARTED -- 1 requests
Skipping updateAccountNonces for BERA debugging
Creating block JSON for BERA block 15529067 (0x46c82a85deb5859feb45571a9e9495aaba2193de89ed3a2314c1e4395e6709f2)...
Searching for 12 transactions in transactions_BERA...
Created block json containing 10 txFull items.
[TxProcessor] broadcasting block 15529067 (0x46c82a85deb5859feb45571a9e9495aaba2193de89ed3a2314c1e4395e6709f2)
BATCH COMPLETED
BATCH STARTED -- 11 requests
Skipping updateAccountNonces for BERA debugging
BATCH COMPLETED
BATCH STARTED -- 1 requests
Skipping updateAccountNonces for BERA debugging
Creating block JSON for BERA block 15529068 (0x60ff12cb73a35ddaa4e9ff494eac84a4e7eaf5cff83fab81b86106ed9475bc76)...
Searching for 7 transactions in transactions_BERA...
Created block json containing 7 txFull items.
[TxProcessor] broadcasting block 15529068 (0x60ff12cb73a35ddaa4e9ff494eac84a4e7eaf5cff83fab81b86106ed9475bc76)
BATCH COMPLETED
BATCH STARTED -- 6 requests
Skipping updateAccountNonces for BERA debugging
BATCH COMPLETED
BATCH STARTED -- 2 requests
Skipping updateAccountNonces for BERA debugging
Creating block JSON for BERA block 15529069 (0x9caffa8b98b64d8308b039bf01bfde8d1cc61ae3e59a2dd2b37f1af43172405b)...
Searching for 9 transactions in transactions_BERA...
Created block json containing 9 txFull items.
[TxProcessor] broadcasting block 15529069 (0x9caffa8b98b64d8308b039bf01bfde8d1cc61ae3e59a2dd2b37f1af43172405b)
BATCH COMPLETED
BATCH STARTED -- 7 requests
Skipping updateAccountNonces for BERA debugging
BATCH COMPLETED
BATCH STARTED -- 1 requests
Skipping updateAccountNonces for BERA debugging
Creating block JSON for BERA block 15529070 (0x3f5b424bd87843f04eeea0849bb8117990d92e56e2655e9a356ab95369f418e6)...
Searching for 9 transactions in transactions_BERA...
Created block json containing 8 txFull items.
[TxProcessor] broadcasting block 15529070 (0x3f5b424bd87843f04eeea0849bb8117990d92e56e2655e9a356ab95369f418e6)
BATCH COMPLETED
BATCH STARTED -- 8 requests
Skipping updateAccountNonces for BERA debugging
BATCH COMPLETED
BATCH STARTED -- 4 requests
Skipping updateAccountNonces for BERA debugging
Creating block JSON for BERA block 15529071 (0x1797e83e50e8ccbeb71311b9426ac2ecd8c56fbe0e4d073eab97f6f398931a2f)...
Searching for 13 transactions in transactions_BERA...
Created block json containing 13 txFull items.
[TxProcessor] broadcasting block 15529071 (0x1797e83e50e8ccbeb71311b9426ac2ecd8c56fbe0e4d073eab97f6f398931a2f)
BATCH COMPLETED
BATCH STARTED -- 9 requests
Skipping updateAccountNonces for BERA debugging
BATCH COMPLETED
BATCH STARTED -- 2 requests
Skipping updateAccountNonces for BERA debugging
Creating block JSON for BERA block 15529072 (0x3cdc9e9da9d11c77c71e5227d3b1814ca1d7537358c170171bba5f295bd177d8)...
Searching for 7 transactions in transactions_BERA...
Created block json containing 7 txFull items.
[TxProcessor] broadcasting block 15529072 (0x3cdc9e9da9d11c77c71e5227d3b1814ca1d7537358c170171bba5f295bd177d8)
BATCH COMPLETED
BATCH STARTED -- 5 requests
Skipping updateAccountNonces for BERA debugging
BATCH COMPLETED
BATCH STARTED -- 1 requests
Skipping updateAccountNonces for BERA debugging
Creating block JSON for BERA block 15529073 (0xd6f30ce410aa318680f6559485467ef376292900149230f4ad02bb737bb45355)...
Searching for 8 transactions in transactions_BERA...
Created block json containing 8 txFull items.
[TxProcessor] broadcasting block 15529073 (0xd6f30ce410aa318680f6559485467ef376292900149230f4ad02bb737bb45355)
BATCH COMPLETED
BATCH STARTED -- 7 requests
Skipping updateAccountNonces for BERA debugging
BATCH COMPLETED
BATCH STARTED -- 1 requests
Skipping updateAccountNonces for BERA debugging
Creating block JSON for BERA block 15529074 (0x17e7350a526db3b2b17ebfd0fb9f783c11498a4dbd17b53b6fca6fd2732f2411)...
Searching for 11 transactions in transactions_BERA...
Created block json containing 8 txFull items.
[TxProcessor] broadcasting block 15529074 (0x17e7350a526db3b2b17ebfd0fb9f783c11498a4dbd17b53b6fca6fd2732f2411)
BATCH COMPLETED
BATCH STARTED -- 10 requests
Skipping updateAccountNonces for BERA debugging
BATCH COMPLETED
BATCH STARTED -- 2 requests
Skipping updateAccountNonces for BERA debugging
Creating block JSON for BERA block 15529075 (0x351ce77dbfb036d8c7fc5f231848fada2fd07e81ebfbd4cf2c0f5099220ebcb1)...
Searching for 8 transactions in transactions_BERA...
Created block json containing 8 txFull items.
[TxProcessor] broadcasting block 15529075 (0x351ce77dbfb036d8c7fc5f231848fada2fd07e81ebfbd4cf2c0f5099220ebcb1)
BATCH COMPLETED
BATCH STARTED -- 6 requests
Skipping updateAccountNonces for BERA debugging
BATCH COMPLETED
BATCH STARTED -- 2 requests
Skipping updateAccountNonces for BERA debugging
Creating block JSON for BERA block 15529076 (0x9c3caabf9f5ba2eef9b0ed16447e0ff74e6aa49dfc17359df078497f939f63ca)...
Searching for 9 transactions in transactions_BERA...
Created block json containing 9 txFull items.
[TxProcessor] broadcasting block 15529076 (0x9c3caabf9f5ba2eef9b0ed16447e0ff74e6aa49dfc17359df078497f939f63ca)
BATCH COMPLETED
BATCH STARTED -- 7 requests
Skipping updateAccountNonces for BERA debugging
BATCH COMPLETED
BATCH STARTED -- 3 requests
Skipping updateAccountNonces for BERA debugging
Creating block JSON for BERA block 15529077 (0xeb5e7ab5b8a2abdbe0fc1523cb8e33d6e88f599eb40a819d0856e372eeaac4c1)...
Searching for 10 transactions in transactions_BERA...
Created block json containing 10 txFull items.
[TxProcessor] broadcasting block 15529077 (0xeb5e7ab5b8a2abdbe0fc1523cb8e33d6e88f599eb40a819d0856e372eeaac4c1)
BATCH COMPLETED
BATCH STARTED -- 7 requests
Skipping updateAccountNonces for BERA debugging
BATCH COMPLETED
BATCH STARTED -- 3 requests
Skipping updateAccountNonces for BERA debugging
Creating block JSON for BERA block 15529078 (0xa6f08ec13fc3acf85d15af581b4b3633f0873ba8b72e9a26f28afdebe0b2e23d)...
Searching for 6 transactions in transactions_BERA...
Created block json containing 6 txFull items.
[TxProcessor] broadcasting block 15529078 (0xa6f08ec13fc3acf85d15af581b4b3633f0873ba8b72e9a26f28afdebe0b2e23d)
BATCH COMPLETED
BATCH STARTED -- 3 requests
Skipping updateAccountNonces for BERA debugging
BATCH COMPLETED
BATCH STARTED -- 5 requests
Skipping updateAccountNonces for BERA debugging
Creating block JSON for BERA block 15529079 (0xb6088c51753895417b8fabc27473348ea388d10ae9db56b7ae395b3de0be8c71)...
Searching for 5 transactions in transactions_BERA...
Created block json containing 5 txFull items.
[TxProcessor] broadcasting block 15529079 (0xb6088c51753895417b8fabc27473348ea388d10ae9db56b7ae395b3de0be8c71)
BATCH COMPLETED
BATCH STARTED -- 1 requests
Skipping updateAccountNonces for BERA debugging
Creating block JSON for BERA block 15529080 (0x4ee1b157bbbcdbd19ec4c014ff5493794d3406ed2614757057653b0ab2a74d82)...
Searching for 10 transactions in transactions_BERA...
Created block json containing 8 txFull items.
[TxProcessor] broadcasting block 15529080 (0x4ee1b157bbbcdbd19ec4c014ff5493794d3406ed2614757057653b0ab2a74d82)
BATCH COMPLETED
BATCH STARTED -- 9 requests
Skipping updateAccountNonces for BERA debugging
BATCH COMPLETED
BATCH STARTED -- 3 requests
Skipping updateAccountNonces for BERA debugging
Creating block JSON for BERA block 15529081 (0x174d5a660f69f1463fab6742b18f2442ac47c5eec57db00f1e82cdeff12bfd79)...
Searching for 11 transactions in transactions_BERA...
Created block json containing 11 txFull items.
[TxProcessor] broadcasting block 15529081 (0x174d5a660f69f1463fab6742b18f2442ac47c5eec57db00f1e82cdeff12bfd79)
BATCH COMPLETED
BATCH STARTED -- 8 requests
Skipping updateAccountNonces for BERA debugging
BATCH COMPLETED
BATCH STARTED -- 2 requests
Skipping updateAccountNonces for BERA debugging
Creating block JSON for BERA block 15529082 (0xa136edbcfeef5155cebe01830e0b99b48a5a62a9b97b6cbbaaa49794cfb59bdb)...
Searching for 8 transactions in transactions_BERA...
Created block json containing 8 txFull items.
[TxProcessor] broadcasting block 15529082 (0xa136edbcfeef5155cebe01830e0b99b48a5a62a9b97b6cbbaaa49794cfb59bdb)
BATCH COMPLETED
BATCH STARTED -- 6 requests
Skipping updateAccountNonces for BERA debugging
BATCH COMPLETED
BATCH STARTED -- 4 requests
Skipping updateAccountNonces for BERA debugging
Creating block JSON for BERA block 15529083 (0x7d743712090378e9143b0bff973988008c69eb23ca4dab2feb6458d3bf45fb84)...
Searching for 12 transactions in transactions_BERA...
Created block json containing 12 txFull items.
[TxProcessor] broadcasting block 15529083 (0x7d743712090378e9143b0bff973988008c69eb23ca4dab2feb6458d3bf45fb84)
BATCH COMPLETED
BATCH STARTED -- 8 requests
Skipping updateAccountNonces for BERA debugging
BATCH COMPLETED
BATCH STARTED -- 3 requests
Skipping updateAccountNonces for BERA debugging
Creating block JSON for BERA block 15529084 (0x69f00524e01e8781e9050444419282579e3a4dd09cba8c45d4ff45c77245f64b)...
Searching for 8 transactions in transactions_BERA...
Created block json containing 8 txFull items.
[TxProcessor] broadcasting block 15529084 (0x69f00524e01e8781e9050444419282579e3a4dd09cba8c45d4ff45c77245f64b)
BATCH COMPLETED
BATCH STARTED -- 5 requests
Skipping updateAccountNonces for BERA debugging
BATCH COMPLETED
BATCH STARTED -- 4 requests
Skipping updateAccountNonces for BERA debugging
Creating block JSON for BERA block 15529085 (0xab1c8e51baf099db4cc0f5227c40d85f85aa79aa6399ad3f0339059ce842afc8)...
Searching for 9 transactions in transactions_BERA...
Created block json containing 9 txFull items.
[TxProcessor] broadcasting block 15529085 (0xab1c8e51baf099db4cc0f5227c40d85f85aa79aa6399ad3f0339059ce842afc8)
BATCH COMPLETED
BATCH STARTED -- 5 requests
Skipping updateAccountNonces for BERA debugging
BATCH COMPLETED
BATCH STARTED -- 3 requests
Skipping updateAccountNonces for BERA debugging
Creating block JSON for BERA block 15529086 (0xca5874bfef054cf9c6f97b2fb4f74eaa14e0fe51474a8ab16b01ce45be31a8e7)...
Searching for 15 transactions in transactions_BERA...
Created block json containing 13 txFull items.
[TxProcessor] broadcasting block 15529086 (0xca5874bfef054cf9c6f97b2fb4f74eaa14e0fe51474a8ab16b01ce45be31a8e7)
BATCH COMPLETED
BATCH STARTED -- 12 requests
Skipping updateAccountNonces for BERA debugging
BATCH COMPLETED
BATCH STARTED -- 5 requests
Skipping updateAccountNonces for BERA debugging
Creating block JSON for BERA block 15529087 (0xdca82bc103720e0b497857e97132b14fc85715959f08642c73d566195b8ae36d)...
Searching for 5 transactions in transactions_BERA...
Created block json containing 5 txFull items.
[TxProcessor] broadcasting block 15529087 (0xdca82bc103720e0b497857e97132b14fc85715959f08642c73d566195b8ae36d)
BATCH COMPLETED
BATCH STARTED -- 5 requests
Skipping updateAccountNonces for BERA debugging
Creating block JSON for BERA block 15529088 (0xd3646618024d7fff620bbabe7ced00bc4d3a24a872c72cb7b671dd14dd718f97)...
Searching for 10 transactions in transactions_BERA...
Created block json containing 10 txFull items.
[TxProcessor] broadcasting block 15529088 (0xd3646618024d7fff620bbabe7ced00bc4d3a24a872c72cb7b671dd14dd718f97)
BATCH COMPLETED
BATCH STARTED -- 5 requests
Skipping updateAccountNonces for BERA debugging
BATCH COMPLETED
BATCH STARTED -- 2 requests
Skipping updateAccountNonces for BERA debugging
Creating block JSON for BERA block 15529089 (0xb2bbadcf4e1c2d6fb0ea98d38575dab28de721dda82f48816dd2f03e99b0fa79)...
Searching for 6 transactions in transactions_BERA...
Created block json containing 6 txFull items.
[TxProcessor] broadcasting block 15529089 (0xb2bbadcf4e1c2d6fb0ea98d38575dab28de721dda82f48816dd2f03e99b0fa79)
BATCH COMPLETED
BATCH STARTED -- 4 requests
Skipping updateAccountNonces for BERA debugging
BATCH COMPLETED
BATCH STARTED -- 2 requests
Skipping updateAccountNonces for BERA debugging
Creating block JSON for BERA block 15529090 (0x710c427e6994623b64143a78c493ca5b3c3e3c0304da3bd8683e396e5accdd20)...
Searching for 9 transactions in transactions_BERA...
Created block json containing 9 txFull items.
[TxProcessor] broadcasting block 15529090 (0x710c427e6994623b64143a78c493ca5b3c3e3c0304da3bd8683e396e5accdd20)
BATCH COMPLETED
BATCH STARTED -- 7 requests
Skipping updateAccountNonces for BERA debugging
BATCH COMPLETED
BATCH STARTED -- 3 requests
Skipping updateAccountNonces for BERA debugging
Creating block JSON for BERA block 15529091 (0x6f142d27d1484546d2f9ba9e1e810960f2b1d67cd1bce55bac80fe82cf20484a)...
Searching for 10 transactions in transactions_BERA...
Created block json containing 10 txFull items.
[TxProcessor] broadcasting block 15529091 (0x6f142d27d1484546d2f9ba9e1e810960f2b1d67cd1bce55bac80fe82cf20484a)
BATCH COMPLETED
BATCH STARTED -- 7 requests
Skipping updateAccountNonces for BERA debugging
BATCH COMPLETED
BATCH STARTED -- 3 requests
Skipping updateAccountNonces for BERA debugging
Creating block JSON for BERA block 15529092 (0xf5786736fcee1d200278d9968986661e580a57f3958fa89f577d212dded127f8)...
Searching for 7 transactions in transactions_BERA...
Created block json containing 7 txFull items.
[TxProcessor] broadcasting block 15529092 (0xf5786736fcee1d200278d9968986661e580a57f3958fa89f577d212dded127f8)
BATCH COMPLETED
BATCH STARTED -- 4 requests
Skipping updateAccountNonces for BERA debugging
BATCH COMPLETED
BATCH STARTED -- 3 requests
Skipping updateAccountNonces for BERA debugging
Creating block JSON for BERA block 15529093 (0x23e4011306dbff05f346c7394ca34cab36187f490570fbedca327e69e1e4ad2f)...
Searching for 15 transactions in transactions_BERA...
Created block json containing 13 txFull items.
[TxProcessor] broadcasting block 15529093 (0x23e4011306dbff05f346c7394ca34cab36187f490570fbedca327e69e1e4ad2f)
BATCH COMPLETED
BATCH STARTED -- 12 requests
Skipping updateAccountNonces for BERA debugging
BATCH COMPLETED
BATCH STARTED -- 1 requests
Skipping updateAccountNonces for BERA debugging
Creating block JSON for BERA block 15529094 (0x4414e4972b523c7d8e9dd2b16263a29eac02366c035de9f74127a8ca586a554d)...
Searching for 9 transactions in transactions_BERA...
Created block json containing 8 txFull items.
[TxProcessor] broadcasting block 15529094 (0x4414e4972b523c7d8e9dd2b16263a29eac02366c035de9f74127a8ca586a554d)
BATCH COMPLETED
BATCH STARTED -- 8 requests
Skipping updateAccountNonces for BERA debugging
BATCH COMPLETED
BATCH STARTED -- 2 requests
Skipping updateAccountNonces for BERA debugging
Creating block JSON for BERA block 15529095 (0xe7b11bf37d42f9b26df9444cbb30ea623fac5b896178bbb805c76a492b8feb6b)...
Searching for 12 transactions in transactions_BERA...
Created block json containing 11 txFull items.
[TxProcessor] broadcasting block 15529095 (0xe7b11bf37d42f9b26df9444cbb30ea623fac5b896178bbb805c76a492b8feb6b)
BATCH COMPLETED
BATCH STARTED -- 10 requests
Skipping updateAccountNonces for BERA debugging
BATCH COMPLETED
BATCH STARTED -- 4 requests
Skipping updateAccountNonces for BERA debugging
Creating block JSON for BERA block 15529096 (0xc11a3998f109c960a4cba545f3254addaf3bfb29201351b8ad965d8beb293b25)...
Searching for 4 transactions in transactions_BERA...
Created block json containing 4 txFull items.
[TxProcessor] broadcasting block 15529096 (0xc11a3998f109c960a4cba545f3254addaf3bfb29201351b8ad965d8beb293b25)
BATCH COMPLETED
BATCH STARTED -- 2 requests
Skipping updateAccountNonces for BERA debugging
Creating block JSON for BERA block 15529097 (0xb432acd75fb24a6d26985e495d9936ae8c19b3ca9203c52df1df4388d606799e)...
Searching for 10 transactions in transactions_BERA...
Created block json containing 10 txFull items.
[TxProcessor] broadcasting block 15529097 (0xb432acd75fb24a6d26985e495d9936ae8c19b3ca9203c52df1df4388d606799e)
BATCH COMPLETED
BATCH STARTED -- 8 requests
Skipping updateAccountNonces for BERA debugging
BATCH COMPLETED
BATCH STARTED -- 3 requests
Skipping updateAccountNonces for BERA debugging
Creating block JSON for BERA block 15529098 (0x1f1bfcdedd2978026dae1fbebb2d1e6d8aa3fd05f3f299a4435e56f8809ca09c)...
Searching for 8 transactions in transactions_BERA...
Created block json containing 8 txFull items.
[TxProcessor] broadcasting block 15529098 (0x1f1bfcdedd2978026dae1fbebb2d1e6d8aa3fd05f3f299a4435e56f8809ca09c)
BATCH COMPLETED
BATCH STARTED -- 5 requests
Skipping updateAccountNonces for BERA debugging
BATCH COMPLETED
BATCH STARTED -- 3 requests
Skipping updateAccountNonces for BERA debugging
Creating block JSON for BERA block 15529099 (0x0ff1b552d408c6e5937d73ac81cd2e5292077ecc64fa872535bc5b1d650122bf)...
Searching for 14 transactions in transactions_BERA...
Created block json containing 14 txFull items.
[TxProcessor] broadcasting block 15529099 (0x0ff1b552d408c6e5937d73ac81cd2e5292077ecc64fa872535bc5b1d650122bf)
BATCH COMPLETED
BATCH STARTED -- 11 requests
Skipping updateAccountNonces for BERA debugging
BATCH COMPLETED
BATCH STARTED -- 3 requests
Skipping updateAccountNonces for BERA debugging
Creating block JSON for BERA block 15529100 (0x82b7ea8581127b4272e70f7bac06b06646e108fc8f50295e60c0f53990ce67ba)...
Searching for 8 transactions in transactions_BERA...
Created block json containing 8 txFull items.
[TxProcessor] broadcasting block 15529100 (0x82b7ea8581127b4272e70f7bac06b06646e108fc8f50295e60c0f53990ce67ba)
BATCH COMPLETED
BATCH STARTED -- 5 requests
Skipping updateAccountNonces for BERA debugging
BATCH COMPLETED
BATCH STARTED -- 3 requests
Skipping updateAccountNonces for BERA debugging
Creating block JSON for BERA block 15529101 (0x09247863101b03c2746bf9571ac370a7f0f0be2b61b5aeb0144fb619f7622aaa)...
Searching for 8 transactions in transactions_BERA...
Created block json containing 8 txFull items.
[TxProcessor] broadcasting block 15529101 (0x09247863101b03c2746bf9571ac370a7f0f0be2b61b5aeb0144fb619f7622aaa)
BATCH COMPLETED
BATCH STARTED -- 5 requests
Skipping updateAccountNonces for BERA debugging
BATCH COMPLETED
BATCH STARTED -- 3 requests
Skipping updateAccountNonces for BERA debugging
Creating block JSON for BERA block 15529102 (0xf68d7ad9b830301d0afead18e67f45a1cee6bca33e0c13a68820069b199ea56f)...
Searching for 12 transactions in transactions_BERA...
Created block json containing 12 txFull items.
[TxProcessor] broadcasting block 15529102 (0xf68d7ad9b830301d0afead18e67f45a1cee6bca33e0c13a68820069b199ea56f)
BATCH COMPLETED
BATCH STARTED -- 9 requests
Skipping updateAccountNonces for BERA debugging
BATCH COMPLETED
BATCH STARTED -- 6 requests
Skipping updateAccountNonces for BERA debugging
Creating block JSON for BERA block 15529103 (0x3a726a7551615f51f80a80beb73fe4f54105bc53ca5079b614ad58b499fca9ac)...
Searching for 6 transactions in transactions_BERA...
Created block json containing 6 txFull items.
[TxProcessor] broadcasting block 15529103 (0x3a726a7551615f51f80a80beb73fe4f54105bc53ca5079b614ad58b499fca9ac)
BATCH COMPLETED
BATCH STARTED -- 3 requests
Skipping updateAccountNonces for BERA debugging
Creating block JSON for BERA block 15529104 (0xd3b9ed6291fc68b37993aca20598726c7d5099801d39ee0dcbe5b0ac4e87325c)...
Searching for 11 transactions in transactions_BERA...
Created block json containing 11 txFull items.
[TxProcessor] broadcasting block 15529104 (0xd3b9ed6291fc68b37993aca20598726c7d5099801d39ee0dcbe5b0ac4e87325c)
BATCH COMPLETED
BATCH STARTED -- 8 requests
Skipping updateAccountNonces for BERA debugging
BATCH COMPLETED
BATCH STARTED -- 2 requests
Skipping updateAccountNonces for BERA debugging
Creating block JSON for BERA block 15529105 (0x8dcca39f3f80319d8c0e263d6cf11ae4ebcf05d4b41e9e14bd49c14fe9336fda)...
Searching for 10 transactions in transactions_BERA...
Created block json containing 10 txFull items.
[TxProcessor] broadcasting block 15529105 (0x8dcca39f3f80319d8c0e263d6cf11ae4ebcf05d4b41e9e14bd49c14fe9336fda)
BATCH COMPLETED
BATCH STARTED -- 8 requests
Skipping updateAccountNonces for BERA debugging
BATCH COMPLETED
BATCH STARTED -- 2 requests
Skipping updateAccountNonces for BERA debugging
Creating block JSON for BERA block 15529106 (0x9e81cd91434537c1e04ae0ffa21e97bfcdff2ff77566c05515fa4a92c9d55606)...
Searching for 6 transactions in transactions_BERA...
Created block json containing 6 txFull items.
[TxProcessor] broadcasting block 15529106 (0x9e81cd91434537c1e04ae0ffa21e97bfcdff2ff77566c05515fa4a92c9d55606)
BATCH COMPLETED
BATCH STARTED -- 4 requests
Skipping updateAccountNonces for BERA debugging
BATCH COMPLETED
BATCH STARTED -- 1 requests
Skipping updateAccountNonces for BERA debugging
Creating block JSON for BERA block 15529107 (0x820bb6cfc65cb2e8a14e2cc5b9ba896621c8bef14b34886b4261134453a78d2a)...
Searching for 11 transactions in transactions_BERA...
Created block json containing 7 txFull items.
[TxProcessor] broadcasting block 15529107 (0x820bb6cfc65cb2e8a14e2cc5b9ba896621c8bef14b34886b4261134453a78d2a)
BATCH COMPLETED
BATCH STARTED -- 10 requests
Skipping updateAccountNonces for BERA debugging
BATCH COMPLETED
BATCH STARTED -- 1 requests
Skipping updateAccountNonces for BERA debugging
Creating block JSON for BERA block 15529108 (0x6f2360f03b47bcc9fd8dae7c4307a045a74299a2b915151a8874d1ecd5c6a800)...
Searching for 11 transactions in transactions_BERA...
Created block json containing 8 txFull items.
[TxProcessor] broadcasting block 15529108 (0x6f2360f03b47bcc9fd8dae7c4307a045a74299a2b915151a8874d1ecd5c6a800)
BATCH COMPLETED
BATCH STARTED -- 10 requests
Skipping updateAccountNonces for BERA debugging
BATCH COMPLETED
BATCH STARTED -- 3 requests
Skipping updateAccountNonces for BERA debugging
Creating block JSON for BERA block 15529109 (0x58c21b9632eb0be5098fc2ea23f8701f2427f5f73f40e9df543990d488e9c96a)...
Searching for 7 transactions in transactions_BERA...
Created block json containing 7 txFull items.
[TxProcessor] broadcasting block 15529109 (0x58c21b9632eb0be5098fc2ea23f8701f2427f5f73f40e9df543990d488e9c96a)
BATCH COMPLETED
BATCH STARTED -- 4 requests
Skipping updateAccountNonces for BERA debugging
BATCH COMPLETED
BATCH STARTED -- 1 requests
Skipping updateAccountNonces for BERA debugging
Creating block JSON for BERA block 15529110 (0xa1811d81dbe77c9b9275b75b2bc4014c57f18d2d64f6bc4e78d7d977bd1558d9)...
Searching for 9 transactions in transactions_BERA...
Created block json containing 8 txFull items.
[TxProcessor] broadcasting block 15529110 (0xa1811d81dbe77c9b9275b75b2bc4014c57f18d2d64f6bc4e78d7d977bd1558d9)
BATCH COMPLETED
BATCH STARTED -- 8 requests
Skipping updateAccountNonces for BERA debugging
BATCH COMPLETED
BATCH STARTED -- 3 requests
Skipping updateAccountNonces for BERA debugging
Creating block JSON for BERA block 15529111 (0xf46e80999d61b75d86bcd5ac521b97ab103aaf4b86cc670659212b459a90ee91)...
Searching for 6 transactions in transactions_BERA...
Created block json containing 6 txFull items.
[TxProcessor] broadcasting block 15529111 (0xf46e80999d61b75d86bcd5ac521b97ab103aaf4b86cc670659212b459a90ee91)
BATCH COMPLETED
BATCH STARTED -- 3 requests
Skipping updateAccountNonces for BERA debugging
BATCH COMPLETED
BATCH STARTED -- 3 requests
Skipping updateAccountNonces for BERA debugging
Creating block JSON for BERA block 15529112 (0xdd2d43e0e10ebb1b694c2b24daed58b0d99bc121eb4c888a2adf6b48bcb03a02)...
Searching for 11 transactions in transactions_BERA...
Created block json containing 11 txFull items.
[TxProcessor] broadcasting block 15529112 (0xdd2d43e0e10ebb1b694c2b24daed58b0d99bc121eb4c888a2adf6b48bcb03a02)
BATCH COMPLETED
BATCH STARTED -- 8 requests
Skipping updateAccountNonces for BERA debugging
BATCH COMPLETED
BATCH STARTED -- 4 requests
Skipping updateAccountNonces for BERA debugging
Creating block JSON for BERA block 15529113 (0x301085a71440abb43a816e896314ad17f4924a020760e7aa6a854409e57dd849)...
Searching for 11 transactions in transactions_BERA...
Created block json containing 11 txFull items.
[TxProcessor] broadcasting block 15529113 (0x301085a71440abb43a816e896314ad17f4924a020760e7aa6a854409e57dd849)
BATCH COMPLETED
BATCH STARTED -- 7 requests
Skipping updateAccountNonces for BERA debugging
BATCH COMPLETED
BATCH STARTED -- 3 requests
Skipping updateAccountNonces for BERA debugging
Creating block JSON for BERA block 15529114 (0x6764b6aaaf8c87021707463323b257a9c54490b7adb7bb18ab2624130586a40b)...
Searching for 7 transactions in transactions_BERA...
Created block json containing 7 txFull items.
[TxProcessor] broadcasting block 15529114 (0x6764b6aaaf8c87021707463323b257a9c54490b7adb7bb18ab2624130586a40b)
BATCH COMPLETED
BATCH STARTED -- 4 requests
Skipping updateAccountNonces for BERA debugging
BATCH COMPLETED
BATCH STARTED -- 2 requests
Skipping updateAccountNonces for BERA debugging
Creating block JSON for BERA block 15529115 (0xb6f6715b9908d7d62e6f86bcb0d0c6b3ab1180bc95e0ff9a78b7cf3854f31741)...
Searching for 11 transactions in transactions_BERA...
Created block json containing 9 txFull items.
[TxProcessor] broadcasting block 15529115 (0xb6f6715b9908d7d62e6f86bcb0d0c6b3ab1180bc95e0ff9a78b7cf3854f31741)
BATCH COMPLETED
BATCH STARTED -- 9 requests
Skipping updateAccountNonces for BERA debugging
BATCH COMPLETED
BATCH STARTED -- 2 requests
Skipping updateAccountNonces for BERA debugging
Creating block JSON for BERA block 15529116 (0xee9a4109949bac2ad6916b92723bd621a28d953669303dc7b3b632eb1b5a09ed)...
Searching for 7 transactions in transactions_BERA...
Created block json containing 7 txFull items.
[TxProcessor] broadcasting block 15529116 (0xee9a4109949bac2ad6916b92723bd621a28d953669303dc7b3b632eb1b5a09ed)
BATCH COMPLETED
BATCH STARTED -- 5 requests
Skipping updateAccountNonces for BERA debugging
BATCH COMPLETED
BATCH STARTED -- 2 requests
Skipping updateAccountNonces for BERA debugging
Creating block JSON for BERA block 15529117 (0x77f767b59e8771197b18df81715b775502a6b6f838a9d83889722e1f27b887c6)...
Searching for 10 transactions in transactions_BERA...
Created block json containing 10 txFull items.
[TxProcessor] broadcasting block 15529117 (0x77f767b59e8771197b18df81715b775502a6b6f838a9d83889722e1f27b887c6)
BATCH COMPLETED
BATCH STARTED -- 8 requests
Skipping updateAccountNonces for BERA debugging
BATCH COMPLETED
BATCH STARTED -- 4 requests
Skipping updateAccountNonces for BERA debugging
Creating block JSON for BERA block 15529118 (0xa09749bad3d99f57210ef619dbe02f4f803bdc01690e4893e63be78d06f480bd)...
Searching for 9 transactions in transactions_BERA...
Created block json containing 9 txFull items.
[TxProcessor] broadcasting block 15529118 (0xa09749bad3d99f57210ef619dbe02f4f803bdc01690e4893e63be78d06f480bd)
BATCH COMPLETED
BATCH STARTED -- 5 requests
Skipping updateAccountNonces for BERA debugging
BATCH COMPLETED
BATCH STARTED -- 4 requests
Skipping updateAccountNonces for BERA debugging
Creating block JSON for BERA block 15529119 (0x2514536bbe0dd58171b124fe2af5ffd6a17a248d476215838fcddea83959a089)...
Searching for 7 transactions in transactions_BERA...
Created block json containing 7 txFull items.
[TxProcessor] broadcasting block 15529119 (0x2514536bbe0dd58171b124fe2af5ffd6a17a248d476215838fcddea83959a089)
BATCH COMPLETED
BATCH STARTED -- 3 requests
Skipping updateAccountNonces for BERA debugging
BATCH COMPLETED
BATCH STARTED -- 4 requests
Skipping updateAccountNonces for BERA debugging
Creating block JSON for BERA block 15529120 (0xc839b051da31cef86f923f71a7605391f803fc8ad3d14e9891b08a5aeebf1d27)...
Searching for 6 transactions in transactions_BERA...
Created block json containing 6 txFull items.
[TxProcessor] broadcasting block 15529120 (0xc839b051da31cef86f923f71a7605391f803fc8ad3d14e9891b08a5aeebf1d27)
BATCH COMPLETED
BATCH STARTED -- 2 requests
Skipping updateAccountNonces for BERA debugging
BATCH COMPLETED
BATCH STARTED -- 2 requests
Skipping updateAccountNonces for BERA debugging
Creating block JSON for BERA block 15529121 (0xef3367e28172a497765030c59cbf42e9eddd9da67a9c64edcfc2ada568f8eb2a)...
Searching for 10 transactions in transactions_BERA...
Created block json containing 10 txFull items.
[TxProcessor] broadcasting block 15529121 (0xef3367e28172a497765030c59cbf42e9eddd9da67a9c64edcfc2ada568f8eb2a)
BATCH COMPLETED
BATCH STARTED -- 8 requests
Skipping updateAccountNonces for BERA debugging
BATCH COMPLETED
BATCH STARTED -- 3 requests
Skipping updateAccountNonces for BERA debugging
Creating block JSON for BERA block 15529122 (0x8570d6b9866ac6de28b666f650e24d440f4d8199c0ff38e868634b9a1d4f696a)...
Searching for 12 transactions in transactions_BERA...
Created block json containing 12 txFull items.
[TxProcessor] broadcasting block 15529122 (0x8570d6b9866ac6de28b666f650e24d440f4d8199c0ff38e868634b9a1d4f696a)
BATCH COMPLETED
BATCH STARTED -- 9 requests
Skipping updateAccountNonces for BERA debugging
BATCH COMPLETED
BATCH STARTED -- 1 requests
Skipping updateAccountNonces for BERA debugging
Creating block JSON for BERA block 15529123 (0xa09f0bc1c7d5dbcaee5e229bb7a03324fc986ec62a2ec1b2aaa1065795aae31d)...
Searching for 10 transactions in transactions_BERA...
Created block json containing 8 txFull items.
[TxProcessor] broadcasting block 15529123 (0xa09f0bc1c7d5dbcaee5e229bb7a03324fc986ec62a2ec1b2aaa1065795aae31d)
BATCH COMPLETED
BATCH STARTED -- 9 requests
Skipping updateAccountNonces for BERA debugging
BATCH COMPLETED
BATCH STARTED -- 1 requests
Skipping updateAccountNonces for BERA debugging
Creating block JSON for BERA block 15529124 (0xe4c47460723afcecad9da265bc93cc80dc22fd7a884a43c5b495a1c346a37057)...
Searching for 4 transactions in transactions_BERA...
Created block json containing 4 txFull items.
[TxProcessor] broadcasting block 15529124 (0xe4c47460723afcecad9da265bc93cc80dc22fd7a884a43c5b495a1c346a37057)
BATCH COMPLETED
BATCH STARTED -- 3 requests
Skipping updateAccountNonces for BERA debugging
BATCH COMPLETED
BATCH STARTED -- 3 requests
Skipping updateAccountNonces for BERA debugging
Creating block JSON for BERA block 15529125 (0xc52f57fc5b45459c583eea828a4c4f5e5e6281a42278dc704e68b502bd54762e)...
Searching for 10 transactions in transactions_BERA...
Created block json containing 10 txFull items.
[TxProcessor] broadcasting block 15529125 (0xc52f57fc5b45459c583eea828a4c4f5e5e6281a42278dc704e68b502bd54762e)
BATCH COMPLETED
BATCH STARTED -- 7 requests
Skipping updateAccountNonces for BERA debugging
BATCH COMPLETED
BATCH STARTED -- 1 requests
Skipping updateAccountNonces for BERA debugging
Creating block JSON for BERA block 15529126 (0xa1b256f1341a0db409b210959cc24939d413abcea2bc41b9b5732c1d54fbcfbf)...
Searching for 9 transactions in transactions_BERA...
Created block json containing 8 txFull items.
[TxProcessor] broadcasting block 15529126 (0xa1b256f1341a0db409b210959cc24939d413abcea2bc41b9b5732c1d54fbcfbf)
BATCH COMPLETED
BATCH STARTED -- 8 requests
Skipping updateAccountNonces for BERA debugging
BATCH COMPLETED
BATCH STARTED -- 1 requests
Skipping updateAccountNonces for BERA debugging
Creating block JSON for BERA block 15529127 (0x2bfdd74f8be7962f70edc513ecf90d2d50adc2c63dc72b6884e41c15f661ab9c)...
Searching for 6 transactions in transactions_BERA...
Created block json containing 6 txFull items.
[TxProcessor] broadcasting block 15529127 (0x2bfdd74f8be7962f70edc513ecf90d2d50adc2c63dc72b6884e41c15f661ab9c)
BATCH COMPLETED
BATCH STARTED -- 5 requests
Skipping updateAccountNonces for BERA debugging
BATCH COMPLETED
BATCH STARTED -- 5 requests
Skipping updateAccountNonces for BERA debugging
Creating block JSON for BERA block 15529128 (0xcf92f1865f65a4f69b858dce2c6782a8781f5c40779f118542d361d8eb440e4b)...
Searching for 6 transactions in transactions_BERA...
Created block json containing 6 txFull items.
[TxProcessor] broadcasting block 15529128 (0xcf92f1865f65a4f69b858dce2c6782a8781f5c40779f118542d361d8eb440e4b)
BATCH COMPLETED
BATCH STARTED -- 1 requests
Skipping updateAccountNonces for BERA debugging
BATCH COMPLETED
BATCH STARTED -- 3 requests
Skipping updateAccountNonces for BERA debugging
Creating block JSON for BERA block 15529129 (0xa9b326e3c3ac63cb05c7b03c7335acda5321dd9d2994b67784041ef6fa15d7fa)...
Searching for 12 transactions in transactions_BERA...
Created block json containing 12 txFull items.
[TxProcessor] broadcasting block 15529129 (0xa9b326e3c3ac63cb05c7b03c7335acda5321dd9d2994b67784041ef6fa15d7fa)
BATCH COMPLETED
BATCH STARTED -- 9 requests
Skipping updateAccountNonces for BERA debugging
BATCH COMPLETED
BATCH STARTED -- 2 requests
Skipping updateAccountNonces for BERA debugging
Creating block JSON for BERA block 15529130 (0x14301a56b6fd094956a759923e80593bc166533e7f8e9b8b1e2e925bcd922353)...
Searching for 7 transactions in transactions_BERA...
Created block json containing 7 txFull items.
[TxProcessor] broadcasting block 15529130 (0x14301a56b6fd094956a759923e80593bc166533e7f8e9b8b1e2e925bcd922353)
BATCH COMPLETED
BATCH STARTED -- 5 requests
Skipping updateAccountNonces for BERA debugging
BATCH COMPLETED
BATCH STARTED -- 3 requests
Skipping updateAccountNonces for BERA debugging
Creating block JSON for BERA block 15529131 (0x3dffbf6402828670cff9de4b76d816135658681614d268b28e0fdcca1786032f)...
Searching for 11 transactions in transactions_BERA...
Created block json containing 11 txFull items.
[TxProcessor] broadcasting block 15529131 (0x3dffbf6402828670cff9de4b76d816135658681614d268b28e0fdcca1786032f)
BATCH COMPLETED
BATCH STARTED -- 8 requests
Skipping updateAccountNonces for BERA debugging
BATCH COMPLETED
BATCH STARTED -- 2 requests
Skipping updateAccountNonces for BERA debugging
Creating block JSON for BERA block 15529132 (0x6efb61cb9e63c250d26cc5bc904143fd8f3fcfb6b415abf77ff1b21e58319eac)...
Searching for 8 transactions in transactions_BERA...
Created block json containing 8 txFull items.
[TxProcessor] broadcasting block 15529132 (0x6efb61cb9e63c250d26cc5bc904143fd8f3fcfb6b415abf77ff1b21e58319eac)
BATCH COMPLETED
BATCH STARTED -- 6 requests
Skipping updateAccountNonces for BERA debugging
BATCH COMPLETED
BATCH STARTED -- 1 requests
Skipping updateAccountNonces for BERA debugging
Creating block JSON for BERA block 15529133 (0xb596a3d9eff7c372901bebaa3546aeff4686ed16196c947f94becbae3fcf8bf3)...
Searching for 10 transactions in transactions_BERA...
Created block json containing 8 txFull items.
[TxProcessor] broadcasting block 15529133 (0xb596a3d9eff7c372901bebaa3546aeff4686ed16196c947f94becbae3fcf8bf3)
BATCH COMPLETED
BATCH STARTED -- 9 requests
Skipping updateAccountNonces for BERA debugging
BATCH COMPLETED
BATCH STARTED -- 7 requests
Skipping updateAccountNonces for BERA debugging
Creating block JSON for BERA block 15529134 (0x6b87b4c91193798c8dccdf8089919ef058714725b4498cf973a4bdc398c5b42b)...
Searching for 7 transactions in transactions_BERA...
Created block json containing 7 txFull items.
[TxProcessor] broadcasting block 15529134 (0x6b87b4c91193798c8dccdf8089919ef058714725b4498cf973a4bdc398c5b42b)
BATCH COMPLETED
BATCH STARTED -- 1 requests
Skipping updateAccountNonces for BERA debugging
Creating block JSON for BERA block 15529135 (0x69b4045dcbb6e9a89c005a4674939e7747b039b55955e6fe7b448b46814b51d6)...
Searching for 12 transactions in transactions_BERA...
Created block json containing 8 txFull items.
[TxProcessor] broadcasting block 15529135 (0x69b4045dcbb6e9a89c005a4674939e7747b039b55955e6fe7b448b46814b51d6)
BATCH COMPLETED
BATCH STARTED -- 11 requests
Skipping updateAccountNonces for BERA debugging
BATCH COMPLETED
BATCH STARTED -- 1 requests
Skipping updateAccountNonces for BERA debugging
Creating block JSON for BERA block 15529136 (0x1b8bfdb67ab06cf5372a7dd112efeb279d18e6edb1eb1d47585b0d3952fb4be4)...
Searching for 8 transactions in transactions_BERA...
Created block json containing 8 txFull items.
[TxProcessor] broadcasting block 15529136 (0x1b8bfdb67ab06cf5372a7dd112efeb279d18e6edb1eb1d47585b0d3952fb4be4)
BATCH COMPLETED
BATCH STARTED -- 7 requests
Skipping updateAccountNonces for BERA debugging
BATCH COMPLETED
BATCH STARTED -- 3 requests
Skipping updateAccountNonces for BERA debugging
Creating block JSON for BERA block 15529137 (0xd476de0cae7a35fd1115e141f1e2b573f1c5ba9b439372c8bb5c3a46ad4d531b)...
Searching for 7 transactions in transactions_BERA...
Created block json containing 7 txFull items.
[TxProcessor] broadcasting block 15529137 (0xd476de0cae7a35fd1115e141f1e2b573f1c5ba9b439372c8bb5c3a46ad4d531b)
BATCH COMPLETED
BATCH STARTED -- 4 requests
Skipping updateAccountNonces for BERA debugging
BATCH COMPLETED
BATCH STARTED -- 2 requests
Skipping updateAccountNonces for BERA debugging
Creating block JSON for BERA block 15529138 (0x23146fda39c44bcf1edc8cc27fb3e90f37525dc5f38cbd11b28c9e45346fa3e4)...
Searching for 7 transactions in transactions_BERA...
Created block json containing 7 txFull items.
[TxProcessor] broadcasting block 15529138 (0x23146fda39c44bcf1edc8cc27fb3e90f37525dc5f38cbd11b28c9e45346fa3e4)
BATCH COMPLETED
BATCH STARTED -- 5 requests
Skipping updateAccountNonces for BERA debugging
BATCH COMPLETED
BATCH STARTED -- 2 requests
Skipping updateAccountNonces for BERA debugging
Creating block JSON for BERA block 15529139 (0xbaae5308c917d854a0f7270cc24a115e4d47fd84e9c25cb4cf63be2592ffe48c)...
Searching for 10 transactions in transactions_BERA...
Created block json containing 10 txFull items.
[TxProcessor] broadcasting block 15529139 (0xbaae5308c917d854a0f7270cc24a115e4d47fd84e9c25cb4cf63be2592ffe48c)
BATCH COMPLETED
BATCH STARTED -- 8 requests
Skipping updateAccountNonces for BERA debugging
BATCH COMPLETED
BATCH STARTED -- 1 requests
Skipping updateAccountNonces for BERA debugging
Creating block JSON for BERA block 15529140 (0xa2e905561f61a61df963accbdc53fe8023b868f74598b486dcf9c50bd4bcaf11)...
Searching for 12 transactions in transactions_BERA...
Created block json containing 8 txFull items.
[TxProcessor] broadcasting block 15529140 (0xa2e905561f61a61df963accbdc53fe8023b868f74598b486dcf9c50bd4bcaf11)
BATCH COMPLETED
BATCH STARTED -- 11 requests
Skipping updateAccountNonces for BERA debugging
BATCH COMPLETED
BATCH STARTED -- 2 requests
Skipping updateAccountNonces for BERA debugging
Creating block JSON for BERA block 15529141 (0xe9b1643a19e2ed71714a92c7c877f63aee9eccbfd975672be52d9b5512be8b24)...
Searching for 5 transactions in transactions_BERA...
Created block json containing 5 txFull items.
[TxProcessor] broadcasting block 15529141 (0xe9b1643a19e2ed71714a92c7c877f63aee9eccbfd975672be52d9b5512be8b24)
BATCH COMPLETED
BATCH STARTED -- 3 requests
Skipping updateAccountNonces for BERA debugging
BATCH COMPLETED
BATCH STARTED -- 2 requests
Skipping updateAccountNonces for BERA debugging
Creating block JSON for BERA block 15529142 (0x79fc9e4f25e9b1dbfe3cb4be242e884d88447aef31fce9272b32b5c50f66ea06)...
Searching for 12 transactions in transactions_BERA...
Created block json containing 10 txFull items.
[TxProcessor] broadcasting block 15529142 (0x79fc9e4f25e9b1dbfe3cb4be242e884d88447aef31fce9272b32b5c50f66ea06)
BATCH COMPLETED
BATCH STARTED -- 10 requests
Skipping updateAccountNonces for BERA debugging
BATCH COMPLETED
BATCH STARTED -- 1 requests
Skipping updateAccountNonces for BERA debugging
Creating block JSON for BERA block 15529143 (0xb4f23d1ff8097c14103557b715cd8aae5c640bd47eda54bd6153e91644d9b593)...
Searching for 13 transactions in transactions_BERA...
Created block json containing 8 txFull items.
[TxProcessor] broadcasting block 15529143 (0xb4f23d1ff8097c14103557b715cd8aae5c640bd47eda54bd6153e91644d9b593)
BATCH COMPLETED
BATCH STARTED -- 12 requests
Skipping updateAccountNonces for BERA debugging
BATCH COMPLETED
BATCH STARTED -- 2 requests
Skipping updateAccountNonces for BERA debugging
Creating block JSON for BERA block 15529144 (0x7d92e8bcfbcff29e5ea41f348c0be4886c65b748c1ec24f06bbb44350ee9866c)...
Searching for 12 transactions in transactions_BERA...
Created block json containing 11 txFull items.
[TxProcessor] broadcasting block 15529144 (0x7d92e8bcfbcff29e5ea41f348c0be4886c65b748c1ec24f06bbb44350ee9866c)
BATCH COMPLETED
BATCH STARTED -- 10 requests
Skipping updateAccountNonces for BERA debugging
BATCH COMPLETED
BATCH STARTED -- 2 requests
Skipping updateAccountNonces for BERA debugging
Creating block JSON for BERA block 15529145 (0x5a4cacc941993ddade309eb355b4f6fa2ff1af72673f0ca7a7246e9edb844ec7)...
Searching for 9 transactions in transactions_BERA...
Created block json containing 9 txFull items.
[TxProcessor] broadcasting block 15529145 (0x5a4cacc941993ddade309eb355b4f6fa2ff1af72673f0ca7a7246e9edb844ec7)
BATCH COMPLETED
BATCH STARTED -- 7 requests
Skipping updateAccountNonces for BERA debugging
BATCH COMPLETED
BATCH STARTED -- 4 requests
Skipping updateAccountNonces for BERA debugging
Creating block JSON for BERA block 15529146 (0xbbd6efa872afbfea70557b48b4c06bd4907f996107000337bed7944681b8e0d5)...
Searching for 8 transactions in transactions_BERA...
Created block json containing 8 txFull items.
[TxProcessor] broadcasting block 15529146 (0xbbd6efa872afbfea70557b48b4c06bd4907f996107000337bed7944681b8e0d5)
BATCH COMPLETED
BATCH STARTED -- 4 requests
Skipping updateAccountNonces for BERA debugging
BATCH COMPLETED
BATCH STARTED -- 2 requests
Skipping updateAccountNonces for BERA debugging
Creating block JSON for BERA block 15529147 (0x167b74cf151bcbef9419e224d211e19c91f2bc9e8e1f5e2f1cd74d0b6b72f13d)...
Searching for 8 transactions in transactions_BERA...
Created block json containing 8 txFull items.
[TxProcessor] broadcasting block 15529147 (0x167b74cf151bcbef9419e224d211e19c91f2bc9e8e1f5e2f1cd74d0b6b72f13d)
BATCH COMPLETED
BATCH STARTED -- 6 requests
Skipping updateAccountNonces for BERA debugging
BATCH COMPLETED
BATCH STARTED -- 4 requests
Skipping updateAccountNonces for BERA debugging
Creating block JSON for BERA block 15529148 (0x6835c4af6d8d04071c952367a66a0a2c1d2ba2f6060e81eda9d4a57789ac7b3e)...
Searching for 5 transactions in transactions_BERA...
Created block json containing 5 txFull items.
[TxProcessor] broadcasting block 15529148 (0x6835c4af6d8d04071c952367a66a0a2c1d2ba2f6060e81eda9d4a57789ac7b3e)
BATCH COMPLETED
BATCH STARTED -- 1 requests
Skipping updateAccountNonces for BERA debugging
BATCH COMPLETED
BATCH STARTED -- 2 requests
Skipping updateAccountNonces for BERA debugging
Creating block JSON for BERA block 15529149 (0xdc3e8d84b6d8a57701778df04a0f9ace062334a9ab17e81f23fc97bdeee7438c)...
Searching for 6 transactions in transactions_BERA...
Created block json containing 6 txFull items.
[TxProcessor] broadcasting block 15529149 (0xdc3e8d84b6d8a57701778df04a0f9ace062334a9ab17e81f23fc97bdeee7438c)
BATCH COMPLETED
BATCH STARTED -- 4 requests
Skipping updateAccountNonces for BERA debugging
BATCH COMPLETED
BATCH STARTED -- 1 requests
Skipping updateAccountNonces for BERA debugging
Creating block JSON for BERA block 15529150 (0x19a8005e7333861597820f3485e4225d6a6879873c0ec3b5bbb79664cfe77408)...
Searching for 6 transactions in transactions_BERA...
Created block json containing 6 txFull items.
[TxProcessor] broadcasting block 15529150 (0x19a8005e7333861597820f3485e4225d6a6879873c0ec3b5bbb79664cfe77408)
BATCH COMPLETED
BATCH STARTED -- 5 requests
Skipping updateAccountNonces for BERA debugging
BATCH COMPLETED
BATCH STARTED -- 4 requests
Skipping updateAccountNonces for BERA debugging
Creating block JSON for BERA block 15529151 (0xebb79395a5aa6c7794b717a858bf25258c2449dfc1d37e543b677dfd2445c158)...
Searching for 11 transactions in transactions_BERA...
Created block json containing 11 txFull items.
[TxProcessor] broadcasting block 15529151 (0xebb79395a5aa6c7794b717a858bf25258c2449dfc1d37e543b677dfd2445c158)
BATCH COMPLETED
BATCH STARTED -- 7 requests
Skipping updateAccountNonces for BERA debugging
BATCH COMPLETED
BATCH STARTED -- 8 requests
Skipping updateAccountNonces for BERA debugging
Creating block JSON for BERA block 15529152 (0x872eb37aa4b8e7342fbf782126c8d3e9c270dd2926a6967fcfcba8a34b806796)...
Searching for 9 transactions in transactions_BERA...
Created block json containing 9 txFull items.
[TxProcessor] broadcasting block 15529152 (0x872eb37aa4b8e7342fbf782126c8d3e9c270dd2926a6967fcfcba8a34b806796)
BATCH COMPLETED
BATCH STARTED -- 1 requests
Skipping updateAccountNonces for BERA debugging
BATCH COMPLETED
BATCH STARTED -- 3 requests
Skipping updateAccountNonces for BERA debugging
Creating block JSON for BERA block 15529153 (0x477ebf41c042900e95cea451f159a1ee39d66d22d84052c3fd60e14bb38c6cee)...
Searching for 9 transactions in transactions_BERA...
Created block json containing 9 txFull items.
[TxProcessor] broadcasting block 15529153 (0x477ebf41c042900e95cea451f159a1ee39d66d22d84052c3fd60e14bb38c6cee)
BATCH COMPLETED
BATCH STARTED -- 6 requests
Skipping updateAccountNonces for BERA debugging
BATCH COMPLETED
BATCH STARTED -- 4 requests
Skipping updateAccountNonces for BERA debugging
Creating block JSON for BERA block 15529154 (0xf509f3ea73323eaf2103f331b378ca17cdfef7fffef7c54b1f67e2efdac99ed0)...
Searching for 4 transactions in transactions_BERA...
Created block json containing 4 txFull items.
[TxProcessor] broadcasting block 15529154 (0xf509f3ea73323eaf2103f331b378ca17cdfef7fffef7c54b1f67e2efdac99ed0)
BATCH COMPLETED
BATCH STARTED -- 2 requests
Skipping updateAccountNonces for BERA debugging
Creating block JSON for BERA block 15529155 (0x5a082259094a353a038a244fedc84380015ccb78aeaaa5fac67d344c1d4fe62a)...
Searching for 15 transactions in transactions_BERA...
Created block json containing 10 txFull items.
[TxProcessor] broadcasting block 15529155 (0x5a082259094a353a038a244fedc84380015ccb78aeaaa5fac67d344c1d4fe62a)
BATCH COMPLETED
BATCH STARTED -- 13 requests
Skipping updateAccountNonces for BERA debugging
BATCH COMPLETED
BATCH STARTED -- 7 requests
Skipping updateAccountNonces for BERA debugging
Creating block JSON for BERA block 15529156 (0x94e495e969dad3c16a3e1264813f5e284991ae93a74bfa2038a318844cbdd432)...
Searching for 7 transactions in transactions_BERA...
Created block json containing 7 txFull items.
[TxProcessor] broadcasting block 15529156 (0x94e495e969dad3c16a3e1264813f5e284991ae93a74bfa2038a318844cbdd432)
BATCH COMPLETED
BATCH STARTED -- 3 requests
Skipping updateAccountNonces for BERA debugging
Creating block JSON for BERA block 15529157 (0x1b02d64611e4eae354820add300a1987bd1b9260f823b301c4085851d6db1fc2)...
Searching for 10 transactions in transactions_BERA...
Created block json containing 10 txFull items.
[TxProcessor] broadcasting block 15529157 (0x1b02d64611e4eae354820add300a1987bd1b9260f823b301c4085851d6db1fc2)
BATCH COMPLETED
BATCH STARTED -- 7 requests
Skipping updateAccountNonces for BERA debugging
BATCH COMPLETED
BATCH STARTED -- 3 requests
Skipping updateAccountNonces for BERA debugging
Creating block JSON for BERA block 15529158 (0x7d3c21b0685fe9baca500f942225ced7041d7f391cb7c797638ba5cefc8c2d6d)...
Searching for 13 transactions in transactions_BERA...
Created block json containing 13 txFull items.
[TxProcessor] broadcasting block 15529158 (0x7d3c21b0685fe9baca500f942225ced7041d7f391cb7c797638ba5cefc8c2d6d)
BATCH COMPLETED
BATCH STARTED -- 10 requests
Skipping updateAccountNonces for BERA debugging
BATCH COMPLETED
BATCH STARTED -- 7 requests
Skipping updateAccountNonces for BERA debugging
Creating block JSON for BERA block 15529159 (0xcfdc56c69ba8d52c8d92c54ec08bc504ee9bdf3b8443f32f9ded3b07fee95762)...
Searching for 7 transactions in transactions_BERA...
Created block json containing 7 txFull items.
[TxProcessor] broadcasting block 15529159 (0xcfdc56c69ba8d52c8d92c54ec08bc504ee9bdf3b8443f32f9ded3b07fee95762)
BATCH COMPLETED
BATCH STARTED -- 2 requests
Skipping updateAccountNonces for BERA debugging
Creating block JSON for BERA block 15529160 (0x2ff73f1e006862742c079a4c146e4c5177be8a17d8ee758c6ed0052fc60361e3)...
Searching for 8 transactions in transactions_BERA...
Created block json containing 8 txFull items.
[TxProcessor] broadcasting block 15529160 (0x2ff73f1e006862742c079a4c146e4c5177be8a17d8ee758c6ed0052fc60361e3)
BATCH COMPLETED
BATCH STARTED -- 6 requests
Skipping updateAccountNonces for BERA debugging
BATCH COMPLETED
BATCH STARTED -- 2 requests
Skipping updateAccountNonces for BERA debugging
Creating block JSON for BERA block 15529161 (0x9908ae8fc56ad69daf2c9618c8a369a47512d0fe4e966669f4a4be99e6fb518b)...
Searching for 8 transactions in transactions_BERA...
Created block json containing 8 txFull items.
[TxProcessor] broadcasting block 15529161 (0x9908ae8fc56ad69daf2c9618c8a369a47512d0fe4e966669f4a4be99e6fb518b)
BATCH COMPLETED
BATCH STARTED -- 6 requests
Skipping updateAccountNonces for BERA debugging
BATCH COMPLETED
BATCH STARTED -- 1 requests
Skipping updateAccountNonces for BERA debugging
Creating block JSON for BERA block 15529162 (0x4e14e42a3abbd2e1db7209fa5c658291833ee3e3fe8677133894816ba445d96c)...
Searching for 8 transactions in transactions_BERA...
Created block json containing 8 txFull items.
[TxProcessor] broadcasting block 15529162 (0x4e14e42a3abbd2e1db7209fa5c658291833ee3e3fe8677133894816ba445d96c)
BATCH COMPLETED
BATCH STARTED -- 7 requests
Skipping updateAccountNonces for BERA debugging
BATCH COMPLETED
BATCH STARTED -- 2 requests
Skipping updateAccountNonces for BERA debugging
Creating block JSON for BERA block 15529163 (0x3fa6779792283cc58301fbdf7f8c3b44ddb06faf81a02b92c55edf5f5d5c6476)...
Searching for 8 transactions in transactions_BERA...
Created block json containing 8 txFull items.
[TxProcessor] broadcasting block 15529163 (0x3fa6779792283cc58301fbdf7f8c3b44ddb06faf81a02b92c55edf5f5d5c6476)
BATCH COMPLETED
BATCH STARTED -- 6 requests
Skipping updateAccountNonces for BERA debugging
BATCH COMPLETED
BATCH STARTED -- 1 requests
Skipping updateAccountNonces for BERA debugging
Creating block JSON for BERA block 15529164 (0xeb907366701af8f6c53dba01a5973b3b7ceb155f9b30ac47c46340036c4f5e4b)...
Searching for 9 transactions in transactions_BERA...
Created block json containing 9 txFull items.
[TxProcessor] broadcasting block 15529164 (0xeb907366701af8f6c53dba01a5973b3b7ceb155f9b30ac47c46340036c4f5e4b)
BATCH COMPLETED
BATCH STARTED -- 8 requests
Skipping updateAccountNonces for BERA debugging
BATCH COMPLETED
BATCH STARTED -- 5 requests
Skipping updateAccountNonces for BERA debugging
Creating block JSON for BERA block 15529165 (0xd08e2982d1d8425c52213c0daac8ade53a7fc91bfe839dec7d03f027f45b7121)...
Searching for 13 transactions in transactions_BERA...
Created block json containing 13 txFull items.
[TxProcessor] broadcasting block 15529165 (0xd08e2982d1d8425c52213c0daac8ade53a7fc91bfe839dec7d03f027f45b7121)
BATCH COMPLETED
BATCH STARTED -- 8 requests
Skipping updateAccountNonces for BERA debugging
BATCH COMPLETED
BATCH STARTED -- 2 requests
Skipping updateAccountNonces for BERA debugging
Creating block JSON for BERA block 15529166 (0xea89373aee1a52e97dbb91ed33fce203ebe26457a30ad077a7798d9f6da3c7c8)...
Searching for 8 transactions in transactions_BERA...
Created block json containing 8 txFull items.
[TxProcessor] broadcasting block 15529166 (0xea89373aee1a52e97dbb91ed33fce203ebe26457a30ad077a7798d9f6da3c7c8)
BATCH COMPLETED
BATCH STARTED -- 6 requests
Skipping updateAccountNonces for BERA debugging
BATCH COMPLETED
BATCH STARTED -- 1 requests
Skipping updateAccountNonces for BERA debugging
Creating block JSON for BERA block 15529167 (0xb4fed8d7ec7803693f3bfb88da0b2b9640b8672f4228846b317ff25e4c6bb157)...
Searching for 9 transactions in transactions_BERA...
Created block json containing 8 txFull items.
[TxProcessor] broadcasting block 15529167 (0xb4fed8d7ec7803693f3bfb88da0b2b9640b8672f4228846b317ff25e4c6bb157)
BATCH COMPLETED
BATCH STARTED -- 8 requests
Skipping updateAccountNonces for BERA debugging
BATCH COMPLETED
BATCH STARTED -- 1 requests
Skipping updateAccountNonces for BERA debugging
Creating block JSON for BERA block 15529168 (0x62a9c53ff023ff122347cf6f62639762ec78272d31270da0b782e0feb2667120)...
Searching for 10 transactions in transactions_BERA...
Created block json containing 10 txFull items.
[TxProcessor] broadcasting block 15529168 (0x62a9c53ff023ff122347cf6f62639762ec78272d31270da0b782e0feb2667120)
BATCH COMPLETED
BATCH STARTED -- 9 requests
Skipping updateAccountNonces for BERA debugging
BATCH COMPLETED
BATCH STARTED -- 1 requests
Skipping updateAccountNonces for BERA debugging
Creating block JSON for BERA block 15529169 (0x9c56aab578456b37354ef3b1262b92284d12c19feb81ba6d29d537059d67c63d)...
Searching for 9 transactions in transactions_BERA...
Created block json containing 8 txFull items.
[TxProcessor] broadcasting block 15529169 (0x9c56aab578456b37354ef3b1262b92284d12c19feb81ba6d29d537059d67c63d)
BATCH COMPLETED
BATCH STARTED -- 8 requests
Skipping updateAccountNonces for BERA debugging
BATCH COMPLETED
BATCH STARTED -- 1 requests
Skipping updateAccountNonces for BERA debugging
Creating block JSON for BERA block 15529170 (0x648fd383e8866ec9f2372731498ba6a9398f5e7bb70a3fe52710decec00cfb6a)...
Searching for 12 transactions in transactions_BERA...
Created block json containing 10 txFull items.
[TxProcessor] broadcasting block 15529170 (0x648fd383e8866ec9f2372731498ba6a9398f5e7bb70a3fe52710decec00cfb6a)
BATCH COMPLETED
BATCH STARTED -- 11 requests
Skipping updateAccountNonces for BERA debugging
BATCH COMPLETED
BATCH STARTED -- 1 requests
Skipping updateAccountNonces for BERA debugging
Creating block JSON for BERA block 15529171 (0xa8b5e2ad4bf16791febe58587769ca686cc72685da8e234e9fede94d9fc4d77b)...
Searching for 8 transactions in transactions_BERA...
Created block json containing 8 txFull items.
[TxProcessor] broadcasting block 15529171 (0xa8b5e2ad4bf16791febe58587769ca686cc72685da8e234e9fede94d9fc4d77b)
BATCH COMPLETED
BATCH STARTED -- 7 requests
Skipping updateAccountNonces for BERA debugging
BATCH COMPLETED
BATCH STARTED -- 2 requests
Skipping updateAccountNonces for BERA debugging
Creating block JSON for BERA block 15529172 (0x466fd1cbdd9042c651b5843d44ef5085cab6d55605baa5121ed628639abc22f0)...
Searching for 8 transactions in transactions_BERA...
Created block json containing 8 txFull items.
[TxProcessor] broadcasting block 15529172 (0x466fd1cbdd9042c651b5843d44ef5085cab6d55605baa5121ed628639abc22f0)
BATCH COMPLETED
BATCH STARTED -- 6 requests
Skipping updateAccountNonces for BERA debugging
BATCH COMPLETED
BATCH STARTED -- 2 requests
Skipping updateAccountNonces for BERA debugging
Creating block JSON for BERA block 15529173 (0x597fddf3de7d7c7cf26f5844d7af6000b174164b92e21f52bb2872d9045dd746)...
Searching for 11 transactions in transactions_BERA...
Created block json containing 11 txFull items.
[TxProcessor] broadcasting block 15529173 (0x597fddf3de7d7c7cf26f5844d7af6000b174164b92e21f52bb2872d9045dd746)
BATCH COMPLETED
BATCH STARTED -- 9 requests
Skipping updateAccountNonces for BERA debugging
BATCH COMPLETED
BATCH STARTED -- 4 requests
Skipping updateAccountNonces for BERA debugging
Creating block JSON for BERA block 15529174 (0xc6fa3e1c87e7aca973edfab102b9145725f504174c0389420762c4c8eec39b4c)...
Searching for 9 transactions in transactions_BERA...
Created block json containing 9 txFull items.
[TxProcessor] broadcasting block 15529174 (0xc6fa3e1c87e7aca973edfab102b9145725f504174c0389420762c4c8eec39b4c)
BATCH COMPLETED
BATCH STARTED -- 5 requests
Skipping updateAccountNonces for BERA debugging
BATCH COMPLETED
BATCH STARTED -- 10 requests
Skipping updateAccountNonces for BERA debugging
Creating block JSON for BERA block 15529175 (0x42279cb023c6b9d2f49dc5b8459627e582cde34dd3dd40d490641e398083a2a0)...
Searching for 10 transactions in transactions_BERA...
Created block json containing 10 txFull items.
[TxProcessor] broadcasting block 15529175 (0x42279cb023c6b9d2f49dc5b8459627e582cde34dd3dd40d490641e398083a2a0)
BATCH COMPLETED
BATCH STARTED -- 5 requests
Skipping updateAccountNonces for BERA debugging
Creating block JSON for BERA block 15529176 (0x17b293837e8d67f01f98ac9a3f57f0d620fd9ab81aac162e3ede2cf5a401944f)...
Searching for 9 transactions in transactions_BERA...
Created block json containing 9 txFull items.
[TxProcessor] broadcasting block 15529176 (0x17b293837e8d67f01f98ac9a3f57f0d620fd9ab81aac162e3ede2cf5a401944f)
BATCH COMPLETED
BATCH STARTED -- 4 requests
Skipping updateAccountNonces for BERA debugging
BATCH COMPLETED
BATCH STARTED -- 3 requests
Skipping updateAccountNonces for BERA debugging
Creating block JSON for BERA block 15529177 (0x419ea227ecaf714a963ec4b83a5a9822b73ea492cd2fe2977bcfe5445001716c)...
Searching for 9 transactions in transactions_BERA...
Created block json containing 9 txFull items.
[TxProcessor] broadcasting block 15529177 (0x419ea227ecaf714a963ec4b83a5a9822b73ea492cd2fe2977bcfe5445001716c)
BATCH COMPLETED
BATCH STARTED -- 6 requests
Skipping updateAccountNonces for BERA debugging
BATCH COMPLETED
BATCH STARTED -- 1 requests
Skipping updateAccountNonces for BERA debugging
Creating block JSON for BERA block 15529178 (0xd2624a62f7499874be21d4ecb8705ad595864dc41568dc232190be8c626b7401)...
Searching for 7 transactions in transactions_BERA...
Created block json containing 7 txFull items.
[TxProcessor] broadcasting block 15529178 (0xd2624a62f7499874be21d4ecb8705ad595864dc41568dc232190be8c626b7401)
BATCH COMPLETED
BATCH STARTED -- 6 requests
Skipping updateAccountNonces for BERA debugging
BATCH COMPLETED
BATCH STARTED -- 5 requests
Skipping updateAccountNonces for BERA debugging
Creating block JSON for BERA block 15529179 (0x022b3dce0ca2cb6cf1500ead2a9441e676e7be409b53874d564f5bf39d8fc8eb)...
Searching for 10 transactions in transactions_BERA...
Created block json containing 10 txFull items.
[TxProcessor] broadcasting block 15529179 (0x022b3dce0ca2cb6cf1500ead2a9441e676e7be409b53874d564f5bf39d8fc8eb)
BATCH COMPLETED
BATCH STARTED -- 5 requests
Skipping updateAccountNonces for BERA debugging
BATCH COMPLETED
BATCH STARTED -- 1 requests
Skipping updateAccountNonces for BERA debugging
Creating block JSON for BERA block 15529180 (0x8cca05cdf3c2180d450bf8c16e55d7d3780727b86faedf0047200bb088fe1015)...
Searching for 7 transactions in transactions_BERA...
Created block json containing 7 txFull items.
[TxProcessor] broadcasting block 15529180 (0x8cca05cdf3c2180d450bf8c16e55d7d3780727b86faedf0047200bb088fe1015)
BATCH COMPLETED
BATCH STARTED -- 6 requests
Skipping updateAccountNonces for BERA debugging
BATCH COMPLETED
BATCH STARTED -- 4 requests
Skipping updateAccountNonces for BERA debugging
Creating block JSON for BERA block 15529181 (0x3fd0d2e3be5a7b6531563f5127304e2db4f184040cf272fea5cd80ead584c680)...
Searching for 10 transactions in transactions_BERA...
Created block json containing 10 txFull items.
[TxProcessor] broadcasting block 15529181 (0x3fd0d2e3be5a7b6531563f5127304e2db4f184040cf272fea5cd80ead584c680)
BATCH COMPLETED
BATCH STARTED -- 6 requests
Skipping updateAccountNonces for BERA debugging
BATCH COMPLETED
BATCH STARTED -- 1 requests
Skipping updateAccountNonces for BERA debugging
Creating block JSON for BERA block 15529182 (0xfb441ea5bdf20b46113bf94c9f2ae6d9c5b40e261a3c8c80f7df20070c3718af)...
Searching for 8 transactions in transactions_BERA...
Created block json containing 8 txFull items.
[TxProcessor] broadcasting block 15529182 (0xfb441ea5bdf20b46113bf94c9f2ae6d9c5b40e261a3c8c80f7df20070c3718af)
BATCH COMPLETED
BATCH STARTED -- 7 requests
Skipping updateAccountNonces for BERA debugging
BATCH COMPLETED
BATCH STARTED -- 1 requests
Skipping updateAccountNonces for BERA debugging
Creating block JSON for BERA block 15529183 (0x994531549e1b46da404a74a078c71c130dd353af7e04474ef17ae37d729b1b48)...
Searching for 11 transactions in transactions_BERA...
Created block json containing 9 txFull items.
[TxProcessor] broadcasting block 15529183 (0x994531549e1b46da404a74a078c71c130dd353af7e04474ef17ae37d729b1b48)
BATCH COMPLETED
BATCH STARTED -- 10 requests
Skipping updateAccountNonces for BERA debugging
BATCH COMPLETED
BATCH STARTED -- 1 requests
Skipping updateAccountNonces for BERA debugging
Creating block JSON for BERA block 15529184 (0x5035d90a48eb02c3811d2bb9733600adf46e360964e8af54d687e43b9c168b42)...
Searching for 1 transactions in transactions_BERA...
Created block json containing 1 txFull items.
[TxProcessor] broadcasting block 15529184 (0x5035d90a48eb02c3811d2bb9733600adf46e360964e8af54d687e43b9c168b42)
BATCH COMPLETED
BATCH STARTED -- 3 requests
Skipping updateAccountNonces for BERA debugging
Creating block JSON for BERA block 15529185 (0x34fe739588f4ac8d536badc1cddb0c85a37e1e8caa681d15456929b31d738332)...
Searching for 12 transactions in transactions_BERA...
Created block json containing 12 txFull items.
[TxProcessor] broadcasting block 15529185 (0x34fe739588f4ac8d536badc1cddb0c85a37e1e8caa681d15456929b31d738332)
BATCH COMPLETED
BATCH STARTED -- 9 requests
Skipping updateAccountNonces for BERA debugging
BATCH COMPLETED
BATCH STARTED -- 4 requests
Skipping updateAccountNonces for BERA debugging
Creating block JSON for BERA block 15529186 (0x350f8608720590124a49fdebc4ea574646f8ae760d949d7fb1acbafaad93c159)...
Searching for 9 transactions in transactions_BERA...
Created block json containing 9 txFull items.
[TxProcessor] broadcasting block 15529186 (0x350f8608720590124a49fdebc4ea574646f8ae760d949d7fb1acbafaad93c159)
BATCH COMPLETED
BATCH STARTED -- 5 requests
Skipping updateAccountNonces for BERA debugging
BATCH COMPLETED
BATCH STARTED -- 2 requests
Skipping updateAccountNonces for BERA debugging
Creating block JSON for BERA block 15529187 (0x6710794f8b6db56f4e651b54a327eee6d7e483f9286fa462f2d415d7b02ebb4a)...
Searching for 11 transactions in transactions_BERA...
Created block json containing 10 txFull items.
[TxProcessor] broadcasting block 15529187 (0x6710794f8b6db56f4e651b54a327eee6d7e483f9286fa462f2d415d7b02ebb4a)
BATCH COMPLETED
BATCH STARTED -- 9 requests
Skipping updateAccountNonces for BERA debugging
BATCH COMPLETED
BATCH STARTED -- 5 requests
Skipping updateAccountNonces for BERA debugging
Creating block JSON for BERA block 15529188 (0xb113d98283f94976378583753e336b66570b431d67c0733f5c5c4f30ab540df7)...
Searching for 7 transactions in transactions_BERA...
Created block json containing 7 txFull items.
[TxProcessor] broadcasting block 15529188 (0xb113d98283f94976378583753e336b66570b431d67c0733f5c5c4f30ab540df7)
BATCH COMPLETED
BATCH STARTED -- 2 requests
Skipping updateAccountNonces for BERA debugging
BATCH COMPLETED
BATCH STARTED -- 3 requests
Skipping updateAccountNonces for BERA debugging
Creating block JSON for BERA block 15529189 (0x7d00d2e5114640f61cabf4ca7dde9b7f52f3722c064041f4f2a80129f221da70)...
Searching for 11 transactions in transactions_BERA...
Created block json containing 11 txFull items.
[TxProcessor] broadcasting block 15529189 (0x7d00d2e5114640f61cabf4ca7dde9b7f52f3722c064041f4f2a80129f221da70)
BATCH COMPLETED
BATCH STARTED -- 8 requests
Skipping updateAccountNonces for BERA debugging
BATCH COMPLETED
BATCH STARTED -- 1 requests
Skipping updateAccountNonces for BERA debugging
Creating block JSON for BERA block 15529190 (0x8328d63bb1da78da89de391cae98aab9fae42ac7e6321aa26698e24467c29bb5)...
Searching for 13 transactions in transactions_BERA...
Created block json containing 12 txFull items.
[TxProcessor] broadcasting block 15529190 (0x8328d63bb1da78da89de391cae98aab9fae42ac7e6321aa26698e24467c29bb5)
BATCH COMPLETED
BATCH STARTED -- 12 requests
Skipping updateAccountNonces for BERA debugging
BATCH COMPLETED
BATCH STARTED -- 7 requests
Skipping updateAccountNonces for BERA debugging
Creating block JSON for BERA block 15529191 (0xe133fe4e292e74ba38f38b6e875faa999102020a3e44afe90658a670947a6983)...
Searching for 8 transactions in transactions_BERA...
Created block json containing 8 txFull items.
[TxProcessor] broadcasting block 15529191 (0xe133fe4e292e74ba38f38b6e875faa999102020a3e44afe90658a670947a6983)
BATCH COMPLETED
BATCH STARTED -- 1 requests
Skipping updateAccountNonces for BERA debugging
BATCH COMPLETED
BATCH STARTED -- 3 requests
Skipping updateAccountNonces for BERA debugging
Creating block JSON for BERA block 15529192 (0x22f64950a536412efd579d1e68c1a265c11e31da16130233db088e935ed77cd0)...
Searching for 12 transactions in transactions_BERA...
Created block json containing 12 txFull items.
[TxProcessor] broadcasting block 15529192 (0x22f64950a536412efd579d1e68c1a265c11e31da16130233db088e935ed77cd0)
BATCH COMPLETED
BATCH STARTED -- 9 requests
Skipping updateAccountNonces for BERA debugging
BATCH COMPLETED
BATCH STARTED -- 4 requests
Skipping updateAccountNonces for BERA debugging
Creating block JSON for BERA block 15529193 (0x676a745370dd74442b15e5883fa4071ccb010eaf11f029e7f7fdcef37918b6fa)...
Searching for 21 transactions in transactions_BERA...
Created block json containing 14 txFull items.
[TxProcessor] broadcasting block 15529193 (0x676a745370dd74442b15e5883fa4071ccb010eaf11f029e7f7fdcef37918b6fa)
BATCH COMPLETED
BATCH STARTED -- 14 requests
Skipping updateAccountNonces for BERA debugging
BATCH COMPLETED
BATCH STARTED -- 11 requests
Skipping updateAccountNonces for BERA debugging
Creating block JSON for BERA block 15529194 (0xfc390efa2e4c95deefbe26197aaebecd2e4d2540c954e35f4a006749c036aa66)...
Searching for 10 transactions in transactions_BERA...
Created block json containing 10 txFull items.
[TxProcessor] broadcasting block 15529194 (0xfc390efa2e4c95deefbe26197aaebecd2e4d2540c954e35f4a006749c036aa66)
BATCH COMPLETED
BATCH STARTED -- 2 requests
Skipping updateAccountNonces for BERA debugging
BATCH COMPLETED
BATCH STARTED -- 3 requests
Skipping updateAccountNonces for BERA debugging
Creating block JSON for BERA block 15529195 (0x1da6482acbf7ee808ccf77cfa334fa4683228c0f906570d19eeb58c79dd05d40)...
Searching for 8 transactions in transactions_BERA...
Created block json containing 8 txFull items.
[TxProcessor] broadcasting block 15529195 (0x1da6482acbf7ee808ccf77cfa334fa4683228c0f906570d19eeb58c79dd05d40)
BATCH COMPLETED
BATCH STARTED -- 5 requests
Skipping updateAccountNonces for BERA debugging
BATCH COMPLETED
BATCH STARTED -- 3 requests
Skipping updateAccountNonces for BERA debugging
Creating block JSON for BERA block 15529196 (0x311b9a699e442943afb2fb4de83fe70f5c649a50bb10583c588395218da2956e)...
Searching for 9 transactions in transactions_BERA...
Created block json containing 9 txFull items.
[TxProcessor] broadcasting block 15529196 (0x311b9a699e442943afb2fb4de83fe70f5c649a50bb10583c588395218da2956e)
BATCH COMPLETED
BATCH STARTED -- 6 requests
Skipping updateAccountNonces for BERA debugging
BATCH COMPLETED
BATCH STARTED -- 3 requests
Skipping updateAccountNonces for BERA debugging
Creating block JSON for BERA block 15529197 (0x8bd2d87678dc780d6efb1cfe085c89a4430be573a5c4cd9cdc587df6b3496edc)...
Searching for 14 transactions in transactions_BERA...
Created block json containing 14 txFull items.
[TxProcessor] broadcasting block 15529197 (0x8bd2d87678dc780d6efb1cfe085c89a4430be573a5c4cd9cdc587df6b3496edc)
BATCH COMPLETED
BATCH STARTED -- 12 requests
Skipping updateAccountNonces for BERA debugging
Creating block JSON for BERA block 15529198 (0xdefcc18690551861a511ad7ec5577216013251e54505612014ad7478044092fb)...
Searching for 11 transactions in transactions_BERA...
Created block json containing 11 txFull items.
[TxProcessor] broadcasting block 15529198 (0xdefcc18690551861a511ad7ec5577216013251e54505612014ad7478044092fb)
BATCH COMPLETED
BATCH STARTED -- 10 requests
Skipping updateAccountNonces for BERA debugging
BATCH COMPLETED
BATCH STARTED -- 9 requests
Skipping updateAccountNonces for BERA debugging
Creating block JSON for BERA block 15529199 (0x5f71b0737106d0a5819701ddf1fc7173055e1eacbd43a165b67d05561caa22d9)...
Searching for 9 transactions in transactions_BERA...
Created block json containing 9 txFull items.
[TxProcessor] broadcasting block 15529199 (0x5f71b0737106d0a5819701ddf1fc7173055e1eacbd43a165b67d05561caa22d9)
BATCH COMPLETED
BATCH STARTED -- 3 requests
Skipping updateAccountNonces for BERA debugging
Creating block JSON for BERA block 15529200 (0x2b8a9a017c2b03f4c7ef09f7adabf9cb112384b1096af90f3ed2a8e4d1be629c)...
Searching for 7 transactions in transactions_BERA...
Created block json containing 7 txFull items.
[TxProcessor] broadcasting block 15529200 (0x2b8a9a017c2b03f4c7ef09f7adabf9cb112384b1096af90f3ed2a8e4d1be629c)
BATCH COMPLETED
BATCH STARTED -- 4 requests
Skipping updateAccountNonces for BERA debugging
BATCH COMPLETED
BATCH STARTED -- 4 requests
Skipping updateAccountNonces for BERA debugging
Creating block JSON for BERA block 15529201 (0x7b5b4c330b96948628384fb431d7ffbe64dc383bfe8846c58feba4deb413c52f)...
Searching for 6 transactions in transactions_BERA...
Created block json containing 6 txFull items.
[TxProcessor] broadcasting block 15529201 (0x7b5b4c330b96948628384fb431d7ffbe64dc383bfe8846c58feba4deb413c52f)
BATCH COMPLETED
BATCH STARTED -- 2 requests
Skipping updateAccountNonces for BERA debugging
BATCH COMPLETED
BATCH STARTED -- 3 requests
Skipping updateAccountNonces for BERA debugging
Creating block JSON for BERA block 15529202 (0x3fff68eb8eafb573dcd5e77d6994f692e228eb562014a98b9a70a1ccfef1dfb3)...
Searching for 11 transactions in transactions_BERA...
Created block json containing 11 txFull items.
[TxProcessor] broadcasting block 15529202 (0x3fff68eb8eafb573dcd5e77d6994f692e228eb562014a98b9a70a1ccfef1dfb3)
BATCH COMPLETED
BATCH STARTED -- 8 requests
Skipping updateAccountNonces for BERA debugging
BATCH COMPLETED
BATCH STARTED -- 7 requests
Skipping updateAccountNonces for BERA debugging
Creating block JSON for BERA block 15529203 (0x39a23216a6f079d8fb39433a473f37e10b7d0470ce001c0b00e16ed823b93606)...
Searching for 7 transactions in transactions_BERA...
Created block json containing 7 txFull items.
[TxProcessor] broadcasting block 15529203 (0x39a23216a6f079d8fb39433a473f37e10b7d0470ce001c0b00e16ed823b93606)
BATCH COMPLETED
BATCH STARTED -- 2 requests
Skipping updateAccountNonces for BERA debugging
Creating block JSON for BERA block 15529204 (0xb4ab5109438938e1965d11e3299a51799cd93b828427df6feb110714f1ba1a19)...
Searching for 10 transactions in transactions_BERA...
Created block json containing 10 txFull items.
[TxProcessor] broadcasting block 15529204 (0xb4ab5109438938e1965d11e3299a51799cd93b828427df6feb110714f1ba1a19)
BATCH COMPLETED
BATCH STARTED -- 8 requests
Skipping updateAccountNonces for BERA debugging
BATCH COMPLETED
BATCH STARTED -- 1 requests
Skipping updateAccountNonces for BERA debugging
Creating block JSON for BERA block 15529205 (0x4cdb0407906472fdf7e811d0b6a075300e51d2fbc61bd07a151355785899feab)...
Searching for 9 transactions in transactions_BERA...
Created block json containing 8 txFull items.
[TxProcessor] broadcasting block 15529205 (0x4cdb0407906472fdf7e811d0b6a075300e51d2fbc61bd07a151355785899feab)
BATCH COMPLETED
BATCH STARTED -- 8 requests
Skipping updateAccountNonces for BERA debugging
BATCH COMPLETED
BATCH STARTED -- 2 requests
Skipping updateAccountNonces for BERA debugging
Creating block JSON for BERA block 15529206 (0x903aa00ef8ce2c0c27879248c84bedac392525324dcb0aa1eb10fbd176cd66ad)...
Searching for 9 transactions in transactions_BERA...
Created block json containing 9 txFull items.
[TxProcessor] broadcasting block 15529206 (0x903aa00ef8ce2c0c27879248c84bedac392525324dcb0aa1eb10fbd176cd66ad)
BATCH COMPLETED
BATCH STARTED -- 7 requests
Skipping updateAccountNonces for BERA debugging
BATCH COMPLETED
BATCH STARTED -- 1 requests
Skipping updateAccountNonces for BERA debugging
Creating block JSON for BERA block 15529207 (0x6b99c872848de2a32094539bcbe332b253e8901344cecc76471692e8df602340)...
Searching for 9 transactions in transactions_BERA...
Created block json containing 8 txFull items.
[TxProcessor] broadcasting block 15529207 (0x6b99c872848de2a32094539bcbe332b253e8901344cecc76471692e8df602340)
BATCH COMPLETED
BATCH STARTED -- 8 requests
Skipping updateAccountNonces for BERA debugging
BATCH COMPLETED
BATCH STARTED -- 1 requests
Skipping updateAccountNonces for BERA debugging
Creating block JSON for BERA block 15529208 (0x2ce02ef3f467ff56ec4a99bc4500cdc92010a881b11c4e00d23c285faed4e9f2)...
Searching for 10 transactions in transactions_BERA...
Created block json containing 8 txFull items.
[TxProcessor] broadcasting block 15529208 (0x2ce02ef3f467ff56ec4a99bc4500cdc92010a881b11c4e00d23c285faed4e9f2)
BATCH COMPLETED
BATCH STARTED -- 9 requests
Skipping updateAccountNonces for BERA debugging
BATCH COMPLETED
BATCH STARTED -- 3 requests
Skipping updateAccountNonces for BERA debugging
Creating block JSON for BERA block 15529209 (0x857175de37fce4ddc0da7922aa3d85b0d82634041235e9ea24391ea9b6228d35)...
Searching for 8 transactions in transactions_BERA...
Created block json containing 8 txFull items.
[TxProcessor] broadcasting block 15529209 (0x857175de37fce4ddc0da7922aa3d85b0d82634041235e9ea24391ea9b6228d35)
BATCH COMPLETED
BATCH STARTED -- 5 requests
Skipping updateAccountNonces for BERA debugging
BATCH COMPLETED
BATCH STARTED -- 3 requests
Skipping updateAccountNonces for BERA debugging
Creating block JSON for BERA block 15529210 (0xcb4b75e918b44912eb28208f789f83dbc21d05c4cf00109f35dc9e7a4fcded32)...
Searching for 14 transactions in transactions_BERA...
Created block json containing 12 txFull items.
[TxProcessor] broadcasting block 15529210 (0xcb4b75e918b44912eb28208f789f83dbc21d05c4cf00109f35dc9e7a4fcded32)
BATCH COMPLETED
BATCH STARTED -- 11 requests
Skipping updateAccountNonces for BERA debugging
BATCH COMPLETED
BATCH STARTED -- 5 requests
Skipping updateAccountNonces for BERA debugging
Creating block JSON for BERA block 15529211 (0xba27f70f77c015e95968346661d2269c8d179508b488ccd6a78997b26825e610)...
Searching for 5 transactions in transactions_BERA...
Created block json containing 5 txFull items.
[TxProcessor] broadcasting block 15529211 (0xba27f70f77c015e95968346661d2269c8d179508b488ccd6a78997b26825e610)
BATCH COMPLETED
BATCH STARTED -- 1 requests
Skipping updateAccountNonces for BERA debugging
Creating block JSON for BERA block 15529212 (0x76786f214f55a3ecfd19e8d6a5cb49e5d0d66950211f21024e5728abba7cc0e9)...
Searching for 11 transactions in transactions_BERA...
Created block json containing 8 txFull items.
[TxProcessor] broadcasting block 15529212 (0x76786f214f55a3ecfd19e8d6a5cb49e5d0d66950211f21024e5728abba7cc0e9)
BATCH COMPLETED
BATCH STARTED -- 10 requests
Skipping updateAccountNonces for BERA debugging
BATCH COMPLETED
BATCH STARTED -- 1 requests
Skipping updateAccountNonces for BERA debugging
Creating block JSON for BERA block 15529213 (0x84614a7aec9b383435987ab4e8d1264eee105ce7a3eef6c12484a429b84a4218)...
Searching for 8 transactions in transactions_BERA...
Created block json containing 8 txFull items.
[TxProcessor] broadcasting block 15529213 (0x84614a7aec9b383435987ab4e8d1264eee105ce7a3eef6c12484a429b84a4218)
BATCH COMPLETED
BATCH STARTED -- 7 requests
Skipping updateAccountNonces for BERA debugging
BATCH COMPLETED
BATCH STARTED -- 1 requests
Skipping updateAccountNonces for BERA debugging
Creating block JSON for BERA block 15529214 (0xf23f9a639a9f57b77920f1577d4b70e9a496048ef2cb70eae96e25d8505a61b3)...
Searching for 11 transactions in transactions_BERA...
Created block json containing 8 txFull items.
[TxProcessor] broadcasting block 15529214 (0xf23f9a639a9f57b77920f1577d4b70e9a496048ef2cb70eae96e25d8505a61b3)
BATCH COMPLETED
BATCH STARTED -- 10 requests
Skipping updateAccountNonces for BERA debugging
BATCH COMPLETED
BATCH STARTED -- 1 requests
Skipping updateAccountNonces for BERA debugging
Creating block JSON for BERA block 15529215 (0x9a8b1ffcceb3e81b786bd9dade9912cfe9c14c22e8f24c527e48e40325e85e48)...
Searching for 8 transactions in transactions_BERA...
Created block json containing 7 txFull items.
[TxProcessor] broadcasting block 15529215 (0x9a8b1ffcceb3e81b786bd9dade9912cfe9c14c22e8f24c527e48e40325e85e48)
BATCH COMPLETED
BATCH STARTED -- 7 requests
Skipping updateAccountNonces for BERA debugging
BATCH COMPLETED
BATCH STARTED -- 1 requests
Skipping updateAccountNonces for BERA debugging
Creating block JSON for BERA block 15529216 (0x55f1532dc9f70410b3d1f0fdeed3a5db179ff12eb674981c8d9fdd23310b0e2c)...
Searching for 12 transactions in transactions_BERA...
Created block json containing 8 txFull items.
[TxProcessor] broadcasting block 15529216 (0x55f1532dc9f70410b3d1f0fdeed3a5db179ff12eb674981c8d9fdd23310b0e2c)
BATCH COMPLETED
BATCH STARTED -- 11 requests
Skipping updateAccountNonces for BERA debugging
BATCH COMPLETED
BATCH STARTED -- 2 requests
Skipping updateAccountNonces for BERA debugging
Creating block JSON for BERA block 15529217 (0x96035909fbebf140f2eb31b4f50f689d4d4f4fffab0a2a9c78afc96656071741)...
Searching for 8 transactions in transactions_BERA...
Created block json containing 8 txFull items.
[TxProcessor] broadcasting block 15529217 (0x96035909fbebf140f2eb31b4f50f689d4d4f4fffab0a2a9c78afc96656071741)
BATCH COMPLETED
BATCH STARTED -- 6 requests
Skipping updateAccountNonces for BERA debugging
BATCH COMPLETED
BATCH STARTED -- 2 requests
Skipping updateAccountNonces for BERA debugging
Creating block JSON for BERA block 15529218 (0x0738b61fd68c67e86ff2546554de70f79a22b8f7746da8ae8b2449493a458326)...
Searching for 8 transactions in transactions_BERA...
Created block json containing 8 txFull items.
[TxProcessor] broadcasting block 15529218 (0x0738b61fd68c67e86ff2546554de70f79a22b8f7746da8ae8b2449493a458326)
BATCH COMPLETED
BATCH STARTED -- 6 requests
Skipping updateAccountNonces for BERA debugging
BATCH COMPLETED
BATCH STARTED -- 3 requests
Skipping updateAccountNonces for BERA debugging
Creating block JSON for BERA block 15529219 (0x44dcd9815f7dc241f6794d72300bb277931d95215f40ca159b9c2fbbd487e762)...
Searching for 11 transactions in transactions_BERA...
Created block json containing 11 txFull items.
[TxProcessor] broadcasting block 15529219 (0x44dcd9815f7dc241f6794d72300bb277931d95215f40ca159b9c2fbbd487e762)
BATCH COMPLETED
BATCH STARTED -- 8 requests
Skipping updateAccountNonces for BERA debugging
BATCH COMPLETED
BATCH STARTED -- 3 requests
Skipping updateAccountNonces for BERA debugging
Creating block JSON for BERA block 15529220 (0xbe38e91821e469f441281ea6262c8c5e2265c1b365dac31dd654b015df01b952)...
Searching for 13 transactions in transactions_BERA...
Created block json containing 12 txFull items.
[TxProcessor] broadcasting block 15529220 (0xbe38e91821e469f441281ea6262c8c5e2265c1b365dac31dd654b015df01b952)
BATCH COMPLETED
BATCH STARTED -- 10 requests
Skipping updateAccountNonces for BERA debugging
BATCH COMPLETED
BATCH STARTED -- 5 requests
Skipping updateAccountNonces for BERA debugging
Creating block JSON for BERA block 15529221 (0x55f0fc13b8e46ef45261de34f5d577dcef4f3fa631d6dc29b314e1c9f2e41099)...
Searching for 11 transactions in transactions_BERA...
Created block json containing 11 txFull items.
[TxProcessor] broadcasting block 15529221 (0x55f0fc13b8e46ef45261de34f5d577dcef4f3fa631d6dc29b314e1c9f2e41099)
BATCH COMPLETED
BATCH STARTED -- 6 requests
Skipping updateAccountNonces for BERA debugging
BATCH COMPLETED
BATCH STARTED -- 2 requests
Skipping updateAccountNonces for BERA debugging
Creating block JSON for BERA block 15529222 (0xa62396601e57e853e4644db23287c082a9832391e4b4bb8a4397528b553031be)...
Searching for 11 transactions in transactions_BERA...
Created block json containing 9 txFull items.
[TxProcessor] broadcasting block 15529222 (0xa62396601e57e853e4644db23287c082a9832391e4b4bb8a4397528b553031be)
BATCH COMPLETED
BATCH STARTED -- 9 requests
Skipping updateAccountNonces for BERA debugging
BATCH COMPLETED
BATCH STARTED -- 2 requests
Skipping updateAccountNonces for BERA debugging
Creating block JSON for BERA block 15529223 (0x1391d5b2899840c2b3b8cf825acdd390421887f8343e9b3f439e89fa9f52a069)...
Searching for 5 transactions in transactions_BERA...
Created block json containing 5 txFull items.
[TxProcessor] broadcasting block 15529223 (0x1391d5b2899840c2b3b8cf825acdd390421887f8343e9b3f439e89fa9f52a069)
BATCH COMPLETED
BATCH STARTED -- 3 requests
Skipping updateAccountNonces for BERA debugging
BATCH COMPLETED
BATCH STARTED -- 3 requests
Skipping updateAccountNonces for BERA debugging
Creating block JSON for BERA block 15529224 (0x5d7eb5d10e6e74ceb7715fd4585a5daa48c99db446907d40c3ebf7ce36e4289b)...
Searching for 10 transactions in transactions_BERA...
Created block json containing 10 txFull items.
[TxProcessor] broadcasting block 15529224 (0x5d7eb5d10e6e74ceb7715fd4585a5daa48c99db446907d40c3ebf7ce36e4289b)
BATCH COMPLETED
BATCH STARTED -- 7 requests
Skipping updateAccountNonces for BERA debugging
BATCH COMPLETED
BATCH STARTED -- 3 requests
Skipping updateAccountNonces for BERA debugging
Creating block JSON for BERA block 15529225 (0x0356ff93b76bef32d74967aa9eeab3f86ef397af240fe93c83e77eb22adf45ce)...
Searching for 4 transactions in transactions_BERA...
Created block json containing 4 txFull items.
[TxProcessor] broadcasting block 15529225 (0x0356ff93b76bef32d74967aa9eeab3f86ef397af240fe93c83e77eb22adf45ce)
BATCH COMPLETED
BATCH STARTED -- 1 requests
Skipping updateAccountNonces for BERA debugging
BATCH COMPLETED
BATCH STARTED -- 2 requests
Skipping updateAccountNonces for BERA debugging
Creating block JSON for BERA block 15529226 (0xa22fca303341784e877564aabc4ed0f1da85cba9b2babe790b43e38f5cd632a6)...
Searching for 11 transactions in transactions_BERA...
Created block json containing 11 txFull items.
[TxProcessor] broadcasting block 15529226 (0xa22fca303341784e877564aabc4ed0f1da85cba9b2babe790b43e38f5cd632a6)
BATCH COMPLETED
BATCH STARTED -- 9 requests
Skipping updateAccountNonces for BERA debugging
BATCH COMPLETED
BATCH STARTED -- 4 requests
Skipping updateAccountNonces for BERA debugging
Creating block JSON for BERA block 15529227 (0x69bfe8742483b640453cdf493e729c8a5865e26687ffe1a497be9f55eca4893b)...
Searching for 5 transactions in transactions_BERA...
Created block json containing 5 txFull items.
[TxProcessor] broadcasting block 15529227 (0x69bfe8742483b640453cdf493e729c8a5865e26687ffe1a497be9f55eca4893b)
BATCH COMPLETED
BATCH STARTED -- 1 requests
Skipping updateAccountNonces for BERA debugging
BATCH COMPLETED
BATCH STARTED -- 1 requests
Skipping updateAccountNonces for BERA debugging
Creating block JSON for BERA block 15529228 (0xf9a68bb7d30e185edb9c30ee61e21a7f8140957f017880feaba0299f2ff27ced)...
Searching for 7 transactions in transactions_BERA...
Created block json containing 7 txFull items.
[TxProcessor] broadcasting block 15529228 (0xf9a68bb7d30e185edb9c30ee61e21a7f8140957f017880feaba0299f2ff27ced)
BATCH COMPLETED
BATCH STARTED -- 6 requests
Skipping updateAccountNonces for BERA debugging
BATCH COMPLETED
BATCH STARTED -- 3 requests
Skipping updateAccountNonces for BERA debugging
Creating block JSON for BERA block 15529229 (0x7037a05412b75310dfcbd1c1f0bfa3c21da8e815974c632850599ed816bb8d99)...
Searching for 5 transactions in transactions_BERA...
Created block json containing 5 txFull items.
[TxProcessor] broadcasting block 15529229 (0x7037a05412b75310dfcbd1c1f0bfa3c21da8e815974c632850599ed816bb8d99)
BATCH COMPLETED
BATCH STARTED -- 2 requests
Skipping updateAccountNonces for BERA debugging
BATCH COMPLETED
BATCH STARTED -- 3 requests
Skipping updateAccountNonces for BERA debugging
Creating block JSON for BERA block 15529230 (0x93bd6f5b3c196e4c5a11251109eeee6c66803678f11a9a086665dfa845ebf02d)...
Searching for 13 transactions in transactions_BERA...
Created block json containing 12 txFull items.
[TxProcessor] broadcasting block 15529230 (0x93bd6f5b3c196e4c5a11251109eeee6c66803678f11a9a086665dfa845ebf02d)
BATCH COMPLETED
BATCH STARTED -- 10 requests
Skipping updateAccountNonces for BERA debugging
BATCH COMPLETED
BATCH STARTED -- 4 requests
Skipping updateAccountNonces for BERA debugging
Creating block JSON for BERA block 15529231 (0x10f749c6128b86281c21e90f84ab5688784bb0802f7b902b66fae8665b47e290)...
Searching for 4 transactions in transactions_BERA...
Created block json containing 4 txFull items.
[TxProcessor] broadcasting block 15529231 (0x10f749c6128b86281c21e90f84ab5688784bb0802f7b902b66fae8665b47e290)
BATCH COMPLETED
BATCH STARTED -- 3 requests
Skipping updateAccountNonces for BERA debugging
Creating block JSON for BERA block 15529232 (0x9a407e88b297427776ca7b9eda5644465db8615f7f7bb1faaca0f9977b4d79b5)...
Searching for 10 transactions in transactions_BERA...
Created block json containing 10 txFull items.
[TxProcessor] broadcasting block 15529232 (0x9a407e88b297427776ca7b9eda5644465db8615f7f7bb1faaca0f9977b4d79b5)
BATCH COMPLETED
BATCH STARTED -- 7 requests
Skipping updateAccountNonces for BERA debugging
BATCH COMPLETED
BATCH STARTED -- 3 requests
Skipping updateAccountNonces for BERA debugging
Creating block JSON for BERA block 15529233 (0x57206fbe3375768e49307585081ab1faedf65f1e8a0878dbc0f863bfd1f05f6c)...
Searching for 11 transactions in transactions_BERA...
Created block json containing 11 txFull items.
[TxProcessor] broadcasting block 15529233 (0x57206fbe3375768e49307585081ab1faedf65f1e8a0878dbc0f863bfd1f05f6c)
BATCH COMPLETED
BATCH STARTED -- 8 requests
Skipping updateAccountNonces for BERA debugging
BATCH COMPLETED
BATCH STARTED -- 1 requests
Skipping updateAccountNonces for BERA debugging
Creating block JSON for BERA block 15529234 (0x5bef13ad840efd74b23fad5cf94a30887ba5a789bb9cc5ea9926669576f5898d)...
Searching for 12 transactions in transactions_BERA...
Created block json containing 11 txFull items.
[TxProcessor] broadcasting block 15529234 (0x5bef13ad840efd74b23fad5cf94a30887ba5a789bb9cc5ea9926669576f5898d)
BATCH COMPLETED
BATCH STARTED -- 11 requests
Skipping updateAccountNonces for BERA debugging
BATCH COMPLETED
BATCH STARTED -- 1 requests
Skipping updateAccountNonces for BERA debugging
Creating block JSON for BERA block 15529235 (0x406f7143dca097c05e2383c8d171528f180bbaf1bc2d9d8084dda80c4b564666)...
Searching for 9 transactions in transactions_BERA...
Created block json containing 8 txFull items.
[TxProcessor] broadcasting block 15529235 (0x406f7143dca097c05e2383c8d171528f180bbaf1bc2d9d8084dda80c4b564666)
BATCH COMPLETED
BATCH STARTED -- 8 requests
Skipping updateAccountNonces for BERA debugging
BATCH COMPLETED
BATCH STARTED -- 3 requests
Skipping updateAccountNonces for BERA debugging
Creating block JSON for BERA block 15529236 (0x916e29251d3b826a3f31fb5542822aa6fb1b056e2bfe3dca32f20ba736b77e12)...
Searching for 9 transactions in transactions_BERA...
Created block json containing 9 txFull items.
[TxProcessor] broadcasting block 15529236 (0x916e29251d3b826a3f31fb5542822aa6fb1b056e2bfe3dca32f20ba736b77e12)
BATCH COMPLETED
BATCH STARTED -- 6 requests
Skipping updateAccountNonces for BERA debugging
BATCH COMPLETED
BATCH STARTED -- 1 requests
Skipping updateAccountNonces for BERA debugging
Creating block JSON for BERA block 15529237 (0x2c6f6a4ae22316eea12db3079e6ccd035acf6b08700c74df7bab020cba9dd581)...
Searching for 7 transactions in transactions_BERA...
Created block json containing 7 txFull items.
[TxProcessor] broadcasting block 15529237 (0x2c6f6a4ae22316eea12db3079e6ccd035acf6b08700c74df7bab020cba9dd581)
BATCH COMPLETED
BATCH STARTED -- 6 requests
Skipping updateAccountNonces for BERA debugging
BATCH COMPLETED
BATCH STARTED -- 3 requests
Skipping updateAccountNonces for BERA debugging
Creating block JSON for BERA block 15529238 (0x8741e9970ca1b39bb4cd40796e874a5de1e0f89f8daf97eb4a8f56333ff0054c)...
Searching for 46 transactions in transactions_BERA...
Created block json containing 12 txFull items.
[TxProcessor] broadcasting block 15529238 (0x8741e9970ca1b39bb4cd40796e874a5de1e0f89f8daf97eb4a8f56333ff0054c)
BATCH COMPLETED
BATCH STARTED -- 14 requests
Skipping updateAccountNonces for BERA debugging
BATCH COMPLETED
BATCH STARTED -- 19 requests
Skipping updateAccountNonces for BERA debugging
BATCH COMPLETED
BATCH STARTED -- 15 requests
Skipping updateAccountNonces for BERA debugging
Creating block JSON for BERA block 15529239 (0xfe5396a1f5d21a13216fd100ffdb95451f4b7b21811ca404bd65e391d5dc1152)...
Searching for 45 transactions in transactions_BERA...
Created block json containing 26 txFull items.
[TxProcessor] broadcasting block 15529239 (0xfe5396a1f5d21a13216fd100ffdb95451f4b7b21811ca404bd65e391d5dc1152)
BATCH COMPLETED
BATCH STARTED -- 28 requests
Skipping updateAccountNonces for BERA debugging
BATCH COMPLETED
BATCH STARTED -- 21 requests
Skipping updateAccountNonces for BERA debugging
Creating block JSON for BERA block 15529241 (0x8419170a080c1ca9f3f7342e3df47ed0392a59f14e351a9a3428b0c376be24fa)...
Searching for 16 transactions in transactions_BERA...
Created block json containing 16 txFull items.
[TxProcessor] broadcasting block 15529241 (0x8419170a080c1ca9f3f7342e3df47ed0392a59f14e351a9a3428b0c376be24fa)
BATCH COMPLETED
BATCH STARTED -- 17 requests
Skipping updateAccountNonces for BERA debugging
Creating block JSON for BERA block 15529242 (0x8d5a8666806fcc718d5725c2386fa444e7cac6acd257468b30e4119eae9b503b)...
Searching for 10 transactions in transactions_BERA...
Created block json containing 10 txFull items.
[TxProcessor] broadcasting block 15529242 (0x8d5a8666806fcc718d5725c2386fa444e7cac6acd257468b30e4119eae9b503b)
BATCH COMPLETED
BATCH STARTED -- 6 requests
Skipping updateAccountNonces for BERA debugging
Creating block JSON for BERA block 15529243 (0x1f5cdf63dcc0bb6c28d87477f8965c07f763c0fbadc7b2e26b5a86685a7a5b3b)...
Searching for 6 transactions in transactions_BERA...
Created block json containing 6 txFull items.
[TxProcessor] broadcasting block 15529243 (0x1f5cdf63dcc0bb6c28d87477f8965c07f763c0fbadc7b2e26b5a86685a7a5b3b)
BATCH COMPLETED
BATCH STARTED -- 3 requests
Skipping updateAccountNonces for BERA debugging
Creating block JSON for BERA block 15529244 (0x23da05808c2bb861d227abfb81fefedf50acd3d60a3368346773e566ee295764)...
Searching for 10 transactions in transactions_BERA...
Created block json containing 10 txFull items.
[TxProcessor] broadcasting block 15529244 (0x23da05808c2bb861d227abfb81fefedf50acd3d60a3368346773e566ee295764)
BATCH COMPLETED
BATCH STARTED -- 7 requests
Skipping updateAccountNonces for BERA debugging
BATCH COMPLETED
BATCH STARTED -- 4 requests
Skipping updateAccountNonces for BERA debugging
Creating block JSON for BERA block 15529245 (0x4d01e08c623b3cdf69835f20a27a1d6d2bb3add38816eba3da57abaf90f2edee)...
Searching for 9 transactions in transactions_BERA...
Created block json containing 9 txFull items.
[TxProcessor] broadcasting block 15529245 (0x4d01e08c623b3cdf69835f20a27a1d6d2bb3add38816eba3da57abaf90f2edee)
BATCH COMPLETED
BATCH STARTED -- 5 requests
Skipping updateAccountNonces for BERA debugging
BATCH COMPLETED
BATCH STARTED -- 5 requests
Skipping updateAccountNonces for BERA debugging
Creating block JSON for BERA block 15529246 (0xf1c6eaa0c0c2e0ae21d81733b2c4d870c5039685a49fe1e7bb8771d99dedfa7a)...
Searching for 8 transactions in transactions_BERA...
Created block json containing 8 txFull items.
[TxProcessor] broadcasting block 15529246 (0xf1c6eaa0c0c2e0ae21d81733b2c4d870c5039685a49fe1e7bb8771d99dedfa7a)
BATCH COMPLETED
BATCH STARTED -- 3 requests
Skipping updateAccountNonces for BERA debugging
BATCH COMPLETED
BATCH STARTED -- 3 requests
Skipping updateAccountNonces for BERA debugging
Creating block JSON for BERA block 15529247 (0x6b8a9c875e4209e3b5137da67fa41e107bf12cea824831c19ac8ed4052851f02)...
Searching for 8 transactions in transactions_BERA...
Created block json containing 8 txFull items.
[TxProcessor] broadcasting block 15529247 (0x6b8a9c875e4209e3b5137da67fa41e107bf12cea824831c19ac8ed4052851f02)
BATCH COMPLETED
BATCH STARTED -- 5 requests
Skipping updateAccountNonces for BERA debugging
BATCH COMPLETED
BATCH STARTED -- 3 requests
Skipping updateAccountNonces for BERA debugging
Creating block JSON for BERA block 15529248 (0x9a4b992c1dd04d1a81e4eae4bccb58a6502d9430537f12a4e33fab336cffc400)...
Searching for 13 transactions in transactions_BERA...
Created block json containing 11 txFull items.
[TxProcessor] broadcasting block 15529248 (0x9a4b992c1dd04d1a81e4eae4bccb58a6502d9430537f12a4e33fab336cffc400)
BATCH COMPLETED
BATCH STARTED -- 10 requests
Skipping updateAccountNonces for BERA debugging
BATCH COMPLETED
BATCH STARTED -- 3 requests
Skipping updateAccountNonces for BERA debugging
Creating block JSON for BERA block 15529249 (0xafea3a316ebf2a67dc6e0fe120f9fa3e1a967fbc61e6a49481c96f5800ccfba3)...
Searching for 6 transactions in transactions_BERA...
Created block json containing 6 txFull items.
[TxProcessor] broadcasting block 15529249 (0xafea3a316ebf2a67dc6e0fe120f9fa3e1a967fbc61e6a49481c96f5800ccfba3)
BATCH COMPLETED
BATCH STARTED -- 3 requests
Skipping updateAccountNonces for BERA debugging
BATCH COMPLETED
BATCH STARTED -- 4 requests
Skipping updateAccountNonces for BERA debugging
Creating block JSON for BERA block 15529250 (0xdabb13f78fc51509f107b71f2b1a2754fabe4ec51f4f9783cef7d63f16d20571)...
Searching for 8 transactions in transactions_BERA...
Created block json containing 8 txFull items.
[TxProcessor] broadcasting block 15529250 (0xdabb13f78fc51509f107b71f2b1a2754fabe4ec51f4f9783cef7d63f16d20571)
BATCH COMPLETED
BATCH STARTED -- 4 requests
Skipping updateAccountNonces for BERA debugging
BATCH COMPLETED
BATCH STARTED -- 3 requests
Skipping updateAccountNonces for BERA debugging
Creating block JSON for BERA block 15529251 (0x3b509c044556fb3e7336abde3c8db978e0bd631091686dd4a399ee7acc47d096)...
Searching for 11 transactions in transactions_BERA...
Created block json containing 11 txFull items.
[TxProcessor] broadcasting block 15529251 (0x3b509c044556fb3e7336abde3c8db978e0bd631091686dd4a399ee7acc47d096)
BATCH COMPLETED
BATCH STARTED -- 8 requests
Skipping updateAccountNonces for BERA debugging
BATCH COMPLETED
BATCH STARTED -- 3 requests
Skipping updateAccountNonces for BERA debugging
Creating block JSON for BERA block 15529252 (0xe5ca6a47a1fee96a9d4104636594d393084d0bee254865b5519c35083efe52e2)...
Searching for 8 transactions in transactions_BERA...
Created block json containing 8 txFull items.
[TxProcessor] broadcasting block 15529252 (0xe5ca6a47a1fee96a9d4104636594d393084d0bee254865b5519c35083efe52e2)
BATCH COMPLETED
BATCH STARTED -- 5 requests
Skipping updateAccountNonces for BERA debugging
BATCH COMPLETED
BATCH STARTED -- 5 requests
Skipping updateAccountNonces for BERA debugging
Creating block JSON for BERA block 15529253 (0x4dc81dd7a1b51935d6fd0ebf298cf766885ef278d56c48ff01e231f37142e0fa)...
Searching for 20 transactions in transactions_BERA...
Created block json containing 16 txFull items.
[TxProcessor] broadcasting block 15529253 (0x4dc81dd7a1b51935d6fd0ebf298cf766885ef278d56c48ff01e231f37142e0fa)
BATCH COMPLETED
BATCH STARTED -- 15 requests
Skipping updateAccountNonces for BERA debugging
BATCH COMPLETED
BATCH STARTED -- 7 requests
Skipping updateAccountNonces for BERA debugging
Creating block JSON for BERA block 15529254 (0xb522ba4e61b769ba9020176b31b2f79ad3c4c976062af3298fbbeb140e8335c3)...
Searching for 7 transactions in transactions_BERA...
Created block json containing 7 txFull items.
[TxProcessor] broadcasting block 15529254 (0xb522ba4e61b769ba9020176b31b2f79ad3c4c976062af3298fbbeb140e8335c3)
BATCH COMPLETED
BATCH STARTED -- 4 requests
Skipping updateAccountNonces for BERA debugging
Creating block JSON for BERA block 15529255 (0x4f882b822494f339c9490409df8588664f18bb1c0ca4bd8684727501b9c8eccf)...
Searching for 10 transactions in transactions_BERA...
Created block json containing 10 txFull items.
[TxProcessor] broadcasting block 15529255 (0x4f882b822494f339c9490409df8588664f18bb1c0ca4bd8684727501b9c8eccf)
BATCH COMPLETED
BATCH STARTED -- 6 requests
Skipping updateAccountNonces for BERA debugging
BATCH COMPLETED
BATCH STARTED -- 4 requests
Skipping updateAccountNonces for BERA debugging
Creating block JSON for BERA block 15529256 (0x3d6a08ccf4324b96cec01e60372beb52cc1b8ff82e0f202b04aec32024492fcf)...
Searching for 8 transactions in transactions_BERA...
Created block json containing 8 txFull items.
[TxProcessor] broadcasting block 15529256 (0x3d6a08ccf4324b96cec01e60372beb52cc1b8ff82e0f202b04aec32024492fcf)
BATCH COMPLETED
BATCH STARTED -- 4 requests
Skipping updateAccountNonces for BERA debugging
BATCH COMPLETED
BATCH STARTED -- 4 requests
Skipping updateAccountNonces for BERA debugging
Creating block JSON for BERA block 15529257 (0x8e9df4d68e2db41a5bb7eb7c5754a6f33a153c8218964ea6793d34538710e224)...
Searching for 14 transactions in transactions_BERA...
Created block json containing 14 txFull items.
[TxProcessor] broadcasting block 15529257 (0x8e9df4d68e2db41a5bb7eb7c5754a6f33a153c8218964ea6793d34538710e224)
BATCH COMPLETED
BATCH STARTED -- 10 requests
Skipping updateAccountNonces for BERA debugging
BATCH COMPLETED
BATCH STARTED -- 3 requests
Skipping updateAccountNonces for BERA debugging
Creating block JSON for BERA block 15529258 (0xdbc67841e7abad1aad6216552b0fbf791fb6f93f5dbc7acf2daee2841f2a3d34)...
Searching for 8 transactions in transactions_BERA...
Created block json containing 8 txFull items.
[TxProcessor] broadcasting block 15529258 (0xdbc67841e7abad1aad6216552b0fbf791fb6f93f5dbc7acf2daee2841f2a3d34)
BATCH COMPLETED
BATCH STARTED -- 5 requests
Skipping updateAccountNonces for BERA debugging
BATCH COMPLETED
BATCH STARTED -- 1 requests
Skipping updateAccountNonces for BERA debugging
Creating block JSON for BERA block 15529259 (0x025c8d8d2c3b905f0408cfbcd8314c00e6d2df3d408ca6af5fa12436498c29e5)...
Searching for 9 transactions in transactions_BERA...
Created block json containing 8 txFull items.
[TxProcessor] broadcasting block 15529259 (0x025c8d8d2c3b905f0408cfbcd8314c00e6d2df3d408ca6af5fa12436498c29e5)
BATCH COMPLETED
BATCH STARTED -- 8 requests
Skipping updateAccountNonces for BERA debugging
BATCH COMPLETED
BATCH STARTED -- 7 requests
Skipping updateAccountNonces for BERA debugging
Creating block JSON for BERA block 15529260 (0xca1d7867343f64718d7839405fc4b6b78aecd5b6bfa8dbeb97c0ef8648ca8a48)...
Searching for 10 transactions in transactions_BERA...
Created block json containing 10 txFull items.
[TxProcessor] broadcasting block 15529260 (0xca1d7867343f64718d7839405fc4b6b78aecd5b6bfa8dbeb97c0ef8648ca8a48)
BATCH COMPLETED
BATCH STARTED -- 3 requests
Skipping updateAccountNonces for BERA debugging
BATCH COMPLETED
BATCH STARTED -- 2 requests
Skipping updateAccountNonces for BERA debugging
Creating block JSON for BERA block 15529261 (0x1bb9e943a97eb342ec3e11e27eb90d0becea2ceacd39e95a244d7a709bd17cc6)...
Searching for 8 transactions in transactions_BERA...
Created block json containing 8 txFull items.
[TxProcessor] broadcasting block 15529261 (0x1bb9e943a97eb342ec3e11e27eb90d0becea2ceacd39e95a244d7a709bd17cc6)
BATCH COMPLETED
BATCH STARTED -- 6 requests
Skipping updateAccountNonces for BERA debugging
BATCH COMPLETED
BATCH STARTED -- 2 requests
Skipping updateAccountNonces for BERA debugging
Creating block JSON for BERA block 15529262 (0xe2c73a013c4162becb9147104984d19d243397932df1632ee867404a924313cd)...
Searching for 9 transactions in transactions_BERA...
Created block json containing 9 txFull items.
[TxProcessor] broadcasting block 15529262 (0xe2c73a013c4162becb9147104984d19d243397932df1632ee867404a924313cd)
BATCH COMPLETED
BATCH STARTED -- 7 requests
Skipping updateAccountNonces for BERA debugging
BATCH COMPLETED
BATCH STARTED -- 3 requests
Skipping updateAccountNonces for BERA debugging
Creating block JSON for BERA block 15529263 (0x3b0eaa8bea2a97f4fff0179019c9089325e8dd51943fb94dd7c80b2f343daec4)...
Searching for 13 transactions in transactions_BERA...
Created block json containing 13 txFull items.
[TxProcessor] broadcasting block 15529263 (0x3b0eaa8bea2a97f4fff0179019c9089325e8dd51943fb94dd7c80b2f343daec4)
BATCH COMPLETED
BATCH STARTED -- 10 requests
Skipping updateAccountNonces for BERA debugging
BATCH COMPLETED
BATCH STARTED -- 3 requests
Skipping updateAccountNonces for BERA debugging
Creating block JSON for BERA block 15529264 (0x4608aeeb36dd4831ae591394cfd46bd96e04f16353d4054b467dce57f07c9f7e)...
Searching for 13 transactions in transactions_BERA...
Created block json containing 12 txFull items.
[TxProcessor] broadcasting block 15529264 (0x4608aeeb36dd4831ae591394cfd46bd96e04f16353d4054b467dce57f07c9f7e)
BATCH COMPLETED
BATCH STARTED -- 10 requests
Skipping updateAccountNonces for BERA debugging
BATCH COMPLETED
BATCH STARTED -- 4 requests
Skipping updateAccountNonces for BERA debugging
Creating block JSON for BERA block 15529265 (0xed6eab936b042c516939132b7bd1f870343d5123c5410a184e4679e9d28db98b)...
Searching for 10 transactions in transactions_BERA...
Created block json containing 10 txFull items.
[TxProcessor] broadcasting block 15529265 (0xed6eab936b042c516939132b7bd1f870343d5123c5410a184e4679e9d28db98b)
BATCH COMPLETED
BATCH STARTED -- 6 requests
Skipping updateAccountNonces for BERA debugging
BATCH COMPLETED
BATCH STARTED -- 3 requests
Skipping updateAccountNonces for BERA debugging
Creating block JSON for BERA block 15529266 (0x29fb9487caaf91ec2c757e8c1df885abbe2b4b26efcd15adbffaedf27bd274b7)...
Searching for 6 transactions in transactions_BERA...
Created block json containing 6 txFull items.
[TxProcessor] broadcasting block 15529266 (0x29fb9487caaf91ec2c757e8c1df885abbe2b4b26efcd15adbffaedf27bd274b7)
BATCH COMPLETED
BATCH STARTED -- 3 requests
Skipping updateAccountNonces for BERA debugging
BATCH COMPLETED
BATCH STARTED -- 4 requests
Skipping updateAccountNonces for BERA debugging
Creating block JSON for BERA block 15529267 (0x2ba587b86b3debe52c0e2652b541ad25b72d4c446e6323685a4e0c92ee7b6fc3)...
Searching for 8 transactions in transactions_BERA...
Created block json containing 8 txFull items.
[TxProcessor] broadcasting block 15529267 (0x2ba587b86b3debe52c0e2652b541ad25b72d4c446e6323685a4e0c92ee7b6fc3)
BATCH COMPLETED
BATCH STARTED -- 4 requests
Skipping updateAccountNonces for BERA debugging
BATCH COMPLETED
BATCH STARTED -- 3 requests
Skipping updateAccountNonces for BERA debugging
Creating block JSON for BERA block 15529268 (0xaf62a00b4d9c67ed7e1c79e127e93de13a7b52fd021d22587b87d0489e1f0af5)...
Searching for 7 transactions in transactions_BERA...
Created block json containing 7 txFull items.
[TxProcessor] broadcasting block 15529268 (0xaf62a00b4d9c67ed7e1c79e127e93de13a7b52fd021d22587b87d0489e1f0af5)
BATCH COMPLETED
BATCH STARTED -- 4 requests
Skipping updateAccountNonces for BERA debugging
BATCH COMPLETED
BATCH STARTED -- 5 requests
Skipping updateAccountNonces for BERA debugging
Creating block JSON for BERA block 15529269 (0xde654d2fb66a0594da14820506b1c98f446d7f554a105dd84ccb41080981e414)...
Searching for 9 transactions in transactions_BERA...
Created block json containing 9 txFull items.
[TxProcessor] broadcasting block 15529269 (0xde654d2fb66a0594da14820506b1c98f446d7f554a105dd84ccb41080981e414)
BATCH COMPLETED
BATCH STARTED -- 4 requests
Skipping updateAccountNonces for BERA debugging
BATCH COMPLETED
BATCH STARTED -- 1 requests
Skipping updateAccountNonces for BERA debugging
Creating block JSON for BERA block 15529270 (0x99947b2d6f45d44ab3a8845bc8ffd33381c40f85736053d7004ca18c6a2575a6)...
Searching for 6 transactions in transactions_BERA...
Created block json containing 6 txFull items.
[TxProcessor] broadcasting block 15529270 (0x99947b2d6f45d44ab3a8845bc8ffd33381c40f85736053d7004ca18c6a2575a6)
BATCH COMPLETED
BATCH STARTED -- 5 requests
Skipping updateAccountNonces for BERA debugging
BATCH COMPLETED
BATCH STARTED -- 3 requests
Skipping updateAccountNonces for BERA debugging
Creating block JSON for BERA block 15529271 (0x2ae7b2586c1d4a816e38b88b79d1c0377e4ad1df9d343ea6757dcb9378d12351)...
Searching for 6 transactions in transactions_BERA...
Created block json containing 6 txFull items.
[TxProcessor] broadcasting block 15529271 (0x2ae7b2586c1d4a816e38b88b79d1c0377e4ad1df9d343ea6757dcb9378d12351)
BATCH COMPLETED
BATCH STARTED -- 3 requests
Skipping updateAccountNonces for BERA debugging
BATCH COMPLETED
BATCH STARTED -- 1 requests
Skipping updateAccountNonces for BERA debugging
Creating block JSON for BERA block 15529272 (0x6e51b94d6e4bdc718132172b9833565082fa7a42e68e38317b01920f237fba64)...
Searching for 8 transactions in transactions_BERA...
Created block json containing 8 txFull items.
[TxProcessor] broadcasting block 15529272 (0x6e51b94d6e4bdc718132172b9833565082fa7a42e68e38317b01920f237fba64)
BATCH COMPLETED
BATCH STARTED -- 7 requests
Skipping updateAccountNonces for BERA debugging
BATCH COMPLETED
BATCH STARTED -- 3 requests
Skipping updateAccountNonces for BERA debugging
Creating block JSON for BERA block 15529273 (0xc568dfa0d76b0c2fcd0f15e160e54907e2baccbd2a5cb9f8a9755cb3e675bd66)...
Searching for 8 transactions in transactions_BERA...
Created block json containing 8 txFull items.
[TxProcessor] broadcasting block 15529273 (0xc568dfa0d76b0c2fcd0f15e160e54907e2baccbd2a5cb9f8a9755cb3e675bd66)
BATCH COMPLETED
BATCH STARTED -- 5 requests
Skipping updateAccountNonces for BERA debugging
BATCH COMPLETED
BATCH STARTED -- 3 requests
Skipping updateAccountNonces for BERA debugging
Creating block JSON for BERA block 15529274 (0xd81e2ff0e58a1ffb10fd1b6bf71cc6399daee2d0e3758546b6d2d6f28762c209)...
Searching for 12 transactions in transactions_BERA...
Created block json containing 12 txFull items.
[TxProcessor] broadcasting block 15529274 (0xd81e2ff0e58a1ffb10fd1b6bf71cc6399daee2d0e3758546b6d2d6f28762c209)
BATCH COMPLETED
BATCH STARTED -- 9 requests
Skipping updateAccountNonces for BERA debugging
BATCH COMPLETED
BATCH STARTED -- 1 requests
Skipping updateAccountNonces for BERA debugging
Creating block JSON for BERA block 15529275 (0xe91b41ce0fa8a2907c1ad05c5bf429388a64ac3435b0f3005a26c68395e191a0)...
Searching for 9 transactions in transactions_BERA...
Created block json containing 9 txFull items.
[TxProcessor] broadcasting block 15529275 (0xe91b41ce0fa8a2907c1ad05c5bf429388a64ac3435b0f3005a26c68395e191a0)
BATCH COMPLETED
BATCH STARTED -- 8 requests
Skipping updateAccountNonces for BERA debugging
BATCH COMPLETED
BATCH STARTED -- 1 requests
Skipping updateAccountNonces for BERA debugging
Creating block JSON for BERA block 15529276 (0xa37d985c014069bd5f023e9d016a2ed7c87a46ec7beb691938cd4faaf1f3500b)...
Searching for 7 transactions in transactions_BERA...
Created block json containing 7 txFull items.
[TxProcessor] broadcasting block 15529276 (0xa37d985c014069bd5f023e9d016a2ed7c87a46ec7beb691938cd4faaf1f3500b)
BATCH COMPLETED
BATCH STARTED -- 6 requests
Skipping updateAccountNonces for BERA debugging
BATCH COMPLETED
BATCH STARTED -- 5 requests
Skipping updateAccountNonces for BERA debugging
Creating block JSON for BERA block 15529277 (0x478ab08064e8c45cda6623c1193dd2d88fa4f71daca71217487a9c9c75ae22d9)...
Searching for 11 transactions in transactions_BERA...
Created block json containing 11 txFull items.
[TxProcessor] broadcasting block 15529277 (0x478ab08064e8c45cda6623c1193dd2d88fa4f71daca71217487a9c9c75ae22d9)
BATCH COMPLETED
BATCH STARTED -- 6 requests
Skipping updateAccountNonces for BERA debugging
BATCH COMPLETED
BATCH STARTED -- 3 requests
Skipping updateAccountNonces for BERA debugging
Creating block JSON for BERA block 15529278 (0xfab551ca8dff2df60b1611b5d9b5f28cf9c8285ef8dce3611681b46dfae5cd67)...
Searching for 11 transactions in transactions_BERA...
Created block json containing 11 txFull items.
[TxProcessor] broadcasting block 15529278 (0xfab551ca8dff2df60b1611b5d9b5f28cf9c8285ef8dce3611681b46dfae5cd67)
BATCH COMPLETED
BATCH STARTED -- 8 requests
Skipping updateAccountNonces for BERA debugging
BATCH COMPLETED
BATCH STARTED -- 3 requests
Skipping updateAccountNonces for BERA debugging
Creating block JSON for BERA block 15529279 (0x0dc9804754d657eab60c37ad9b4b10d569c3c158bdd6a345ade446a81d108aca)...
Searching for 8 transactions in transactions_BERA...
Created block json containing 8 txFull items.
[TxProcessor] broadcasting block 15529279 (0x0dc9804754d657eab60c37ad9b4b10d569c3c158bdd6a345ade446a81d108aca)
BATCH COMPLETED
BATCH STARTED -- 5 requests
Skipping updateAccountNonces for BERA debugging
BATCH COMPLETED
BATCH STARTED -- 3 requests
Skipping updateAccountNonces for BERA debugging
Creating block JSON for BERA block 15529280 (0xbdd8787c80e7666a98cef4e448a98deed993d9609b6197c1dd234f9e448e5b1d)...
Searching for 7 transactions in transactions_BERA...
Created block json containing 7 txFull items.
[TxProcessor] broadcasting block 15529280 (0xbdd8787c80e7666a98cef4e448a98deed993d9609b6197c1dd234f9e448e5b1d)
BATCH COMPLETED
BATCH STARTED -- 4 requests
Skipping updateAccountNonces for BERA debugging
BATCH COMPLETED
BATCH STARTED -- 2 requests
Skipping updateAccountNonces for BERA debugging
Creating block JSON for BERA block 15529281 (0xc6ec29e6e1c5fa0ef39d47acf2ebcca83a610d788347b9376154081bc7791967)...
Searching for 7 transactions in transactions_BERA...
Created block json containing 7 txFull items.
[TxProcessor] broadcasting block 15529281 (0xc6ec29e6e1c5fa0ef39d47acf2ebcca83a610d788347b9376154081bc7791967)
BATCH COMPLETED
BATCH STARTED -- 5 requests
Skipping updateAccountNonces for BERA debugging
BATCH COMPLETED
BATCH STARTED -- 2 requests
Skipping updateAccountNonces for BERA debugging
Creating block JSON for BERA block 15529282 (0x481007e578db3b80d596ab9cffe9618b72e6653f1f135515f72fc230c71646b9)...
Searching for 6 transactions in transactions_BERA...
Created block json containing 6 txFull items.
[TxProcessor] broadcasting block 15529282 (0x481007e578db3b80d596ab9cffe9618b72e6653f1f135515f72fc230c71646b9)
BATCH COMPLETED
BATCH STARTED -- 4 requests
Skipping updateAccountNonces for BERA debugging
BATCH COMPLETED
BATCH STARTED -- 1 requests
Skipping updateAccountNonces for BERA debugging
Creating block JSON for BERA block 15529283 (0xd3c756988d64da05f4a6dccc582082f74ca46761e8f806ef20f4310bee04362d)...
Searching for 13 transactions in transactions_BERA...
Created block json containing 9 txFull items.
[TxProcessor] broadcasting block 15529283 (0xd3c756988d64da05f4a6dccc582082f74ca46761e8f806ef20f4310bee04362d)
BATCH COMPLETED
BATCH STARTED -- 12 requests
Skipping updateAccountNonces for BERA debugging
BATCH COMPLETED
BATCH STARTED -- 1 requests
Skipping updateAccountNonces for BERA debugging
Creating block JSON for BERA block 15529284 (0x5e5899b3e00e4d8484b67bc10fbc87ec24189835f1bcd6b9c58d88485d14541c)...
Searching for 11 transactions in transactions_BERA...
Created block json containing 10 txFull items.
[TxProcessor] broadcasting block 15529284 (0x5e5899b3e00e4d8484b67bc10fbc87ec24189835f1bcd6b9c58d88485d14541c)
BATCH COMPLETED
BATCH STARTED -- 10 requests
Skipping updateAccountNonces for BERA debugging
BATCH COMPLETED
BATCH STARTED -- 2 requests
Skipping updateAccountNonces for BERA debugging
Creating block JSON for BERA block 15529285 (0x2e3e7c77b57f02403b04c4a8fea33a983ba7cac09a78f4a1c22d06d73754eb5b)...
Searching for 10 transactions in transactions_BERA...
Created block json containing 10 txFull items.
[TxProcessor] broadcasting block 15529285 (0x2e3e7c77b57f02403b04c4a8fea33a983ba7cac09a78f4a1c22d06d73754eb5b)
BATCH COMPLETED
BATCH STARTED -- 8 requests
Skipping updateAccountNonces for BERA debugging
BATCH COMPLETED
BATCH STARTED -- 2 requests
Skipping updateAccountNonces for BERA debugging
Creating block JSON for BERA block 15529286 (0x7f0934ba0c1bd52a0e6fff6a1ac3d912d295e0abfff166a0eb8f5efad6649073)...
Searching for 12 transactions in transactions_BERA...
Created block json containing 11 txFull items.
[TxProcessor] broadcasting block 15529286 (0x7f0934ba0c1bd52a0e6fff6a1ac3d912d295e0abfff166a0eb8f5efad6649073)
BATCH COMPLETED
BATCH STARTED -- 10 requests
Skipping updateAccountNonces for BERA debugging
BATCH COMPLETED
BATCH STARTED -- 4 requests
Skipping updateAccountNonces for BERA debugging
Creating block JSON for BERA block 15529287 (0x5abf28d1e31115da0f19110326113ec6fe02713ea9e4b4f1207017bcfa2c14de)...
Searching for 8 transactions in transactions_BERA...
Created block json containing 8 txFull items.
[TxProcessor] broadcasting block 15529287 (0x5abf28d1e31115da0f19110326113ec6fe02713ea9e4b4f1207017bcfa2c14de)
BATCH COMPLETED
BATCH STARTED -- 4 requests
Skipping updateAccountNonces for BERA debugging
BATCH COMPLETED
BATCH STARTED -- 1 requests
Skipping updateAccountNonces for BERA debugging
Creating block JSON for BERA block 15529288 (0x8f1564ee4e0035299438df20e0c7823646bdcb3e9ad8d30f3379a91523ca0f6d)...
Searching for 7 transactions in transactions_BERA...
Created block json containing 7 txFull items.
[TxProcessor] broadcasting block 15529288 (0x8f1564ee4e0035299438df20e0c7823646bdcb3e9ad8d30f3379a91523ca0f6d)
BATCH COMPLETED
BATCH STARTED -- 6 requests
Skipping updateAccountNonces for BERA debugging
BATCH COMPLETED
BATCH STARTED -- 3 requests
Skipping updateAccountNonces for BERA debugging
Creating block JSON for BERA block 15529289 (0x3875aa617c3e4e7cab7961a41d086e321d4af43d77c5321c4b9190f847dcec0f)...
Searching for 12 transactions in transactions_BERA...
Created block json containing 12 txFull items.
[TxProcessor] broadcasting block 15529289 (0x3875aa617c3e4e7cab7961a41d086e321d4af43d77c5321c4b9190f847dcec0f)
BATCH COMPLETED
BATCH STARTED -- 9 requests
Skipping updateAccountNonces for BERA debugging
BATCH COMPLETED
BATCH STARTED -- 3 requests
Skipping updateAccountNonces for BERA debugging
Creating block JSON for BERA block 15529290 (0xae5c686a7b7013548ae07c049ac3d4882c89c95929acf60e3edb2aaf32b8dccd)...
Searching for 10 transactions in transactions_BERA...
Created block json containing 10 txFull items.
[TxProcessor] broadcasting block 15529290 (0xae5c686a7b7013548ae07c049ac3d4882c89c95929acf60e3edb2aaf32b8dccd)
BATCH COMPLETED
BATCH STARTED -- 7 requests
Skipping updateAccountNonces for BERA debugging
BATCH COMPLETED
BATCH STARTED -- 2 requests
Skipping updateAccountNonces for BERA debugging
Creating block JSON for BERA block 15529291 (0xf9435bbf829bb901245c3e2d849c51692291159c12d2b75de440005ea2e70556)...
Searching for 14 transactions in transactions_BERA...
Created block json containing 11 txFull items.
[TxProcessor] broadcasting block 15529291 (0xf9435bbf829bb901245c3e2d849c51692291159c12d2b75de440005ea2e70556)
BATCH COMPLETED
BATCH STARTED -- 12 requests
Skipping updateAccountNonces for BERA debugging
BATCH COMPLETED
BATCH STARTED -- 4 requests
Skipping updateAccountNonces for BERA debugging
Creating block JSON for BERA block 15529292 (0xe6d390221d12fdf523f50f664056eab63c97398ddad6709fd8f96ab53ecc3595)...
Searching for 12 transactions in transactions_BERA...
Created block json containing 12 txFull items.
[TxProcessor] broadcasting block 15529292 (0xe6d390221d12fdf523f50f664056eab63c97398ddad6709fd8f96ab53ecc3595)
BATCH COMPLETED
BATCH STARTED -- 8 requests
Skipping updateAccountNonces for BERA debugging
BATCH COMPLETED
BATCH STARTED -- 6 requests
Skipping updateAccountNonces for BERA debugging
Creating block JSON for BERA block 15529293 (0x23eb9d7d7fc305a7a1821eed4f5a8e8383e383fdbe36af02cbaa1e66e250c300)...
Searching for 17 transactions in transactions_BERA...
Created block json containing 17 txFull items.
[TxProcessor] broadcasting block 15529293 (0x23eb9d7d7fc305a7a1821eed4f5a8e8383e383fdbe36af02cbaa1e66e250c300)
BATCH COMPLETED
BATCH STARTED -- 11 requests
Skipping updateAccountNonces for BERA debugging
BATCH COMPLETED
BATCH STARTED -- 12 requests
Skipping updateAccountNonces for BERA debugging
Creating block JSON for BERA block 15529294 (0xb392eec8958795b35a32f6103914d4027b734402621b444113f2096b2f1303e8)...
Searching for 14 transactions in transactions_BERA...
Created block json containing 14 txFull items.
[TxProcessor] broadcasting block 15529294 (0xb392eec8958795b35a32f6103914d4027b734402621b444113f2096b2f1303e8)
BATCH COMPLETED
BATCH STARTED -- 2 requests
Skipping updateAccountNonces for BERA debugging
BATCH COMPLETED
BATCH STARTED -- 6 requests
Skipping updateAccountNonces for BERA debugging
Creating block JSON for BERA block 15529295 (0x6f54ff9e904e18e4f21cde2eeb17633d552511dc215f1245d38630747733aba8)...
Searching for 12 transactions in transactions_BERA...
Created block json containing 12 txFull items.
[TxProcessor] broadcasting block 15529295 (0x6f54ff9e904e18e4f21cde2eeb17633d552511dc215f1245d38630747733aba8)
BATCH COMPLETED
BATCH STARTED -- 9 requests
Skipping updateAccountNonces for BERA debugging
Creating block JSON for BERA block 15529296 (0xaa4fc912415e8880b74bb70a2b7294983722eb2cfe8c15d5cfe0d55369bd5ec6)...
Searching for 6 transactions in transactions_BERA...
Created block json containing 6 txFull items.
[TxProcessor] broadcasting block 15529296 (0xaa4fc912415e8880b74bb70a2b7294983722eb2cfe8c15d5cfe0d55369bd5ec6)
BATCH COMPLETED
BATCH STARTED -- 3 requests
Skipping updateAccountNonces for BERA debugging
BATCH COMPLETED
BATCH STARTED -- 6 requests
Skipping updateAccountNonces for BERA debugging
Creating block JSON for BERA block 15529297 (0xd87da7a76b0e58247b1a9d9ce4d623778798bc47582f5b9c9a8b4bb3b5400549)...
Searching for 7 transactions in transactions_BERA...
Created block json containing 7 txFull items.
[TxProcessor] broadcasting block 15529297 (0xd87da7a76b0e58247b1a9d9ce4d623778798bc47582f5b9c9a8b4bb3b5400549)
BATCH COMPLETED
BATCH STARTED -- 1 requests
Skipping updateAccountNonces for BERA debugging
BATCH COMPLETED
BATCH STARTED -- 1 requests
Skipping updateAccountNonces for BERA debugging
Creating block JSON for BERA block 15529298 (0x8d0ad62c39fb4319f7775907c56dacf766d03a21fff43e49f562591cb73d54f6)...
Searching for 12 transactions in transactions_BERA...
Created block json containing 12 txFull items.
[TxProcessor] broadcasting block 15529298 (0x8d0ad62c39fb4319f7775907c56dacf766d03a21fff43e49f562591cb73d54f6)
BATCH COMPLETED
BATCH STARTED -- 11 requests
Skipping updateAccountNonces for BERA debugging
BATCH COMPLETED
BATCH STARTED -- 7 requests
Skipping updateAccountNonces for BERA debugging
Creating block JSON for BERA block 15529299 (0xbd3e9a690af56917030b677c0fbca9e5be995a9b384e4632f983d8ee8cb1b6cd)...
Searching for 14 transactions in transactions_BERA...
Created block json containing 14 txFull items.
[TxProcessor] broadcasting block 15529299 (0xbd3e9a690af56917030b677c0fbca9e5be995a9b384e4632f983d8ee8cb1b6cd)
BATCH COMPLETED
BATCH STARTED -- 7 requests
Skipping updateAccountNonces for BERA debugging
BATCH COMPLETED
BATCH STARTED -- 5 requests
Skipping updateAccountNonces for BERA debugging
Creating block JSON for BERA block 15529300 (0x9396340f5165c6c7989a797e88dfeaa77f1b3049aec2056ef94ccea6ca1465bb)...
Searching for 11 transactions in transactions_BERA...
Created block json containing 11 txFull items.
[TxProcessor] broadcasting block 15529300 (0x9396340f5165c6c7989a797e88dfeaa77f1b3049aec2056ef94ccea6ca1465bb)
BATCH COMPLETED
BATCH STARTED -- 6 requests
Skipping updateAccountNonces for BERA debugging
BATCH COMPLETED
BATCH STARTED -- 2 requests
Skipping updateAccountNonces for BERA debugging
Creating block JSON for BERA block 15529301 (0xd699181cff403e61a53ed407908b2a13ff4c919a5e45d459fbd54d62887d8ca9)...
Searching for 6 transactions in transactions_BERA...
Created block json containing 6 txFull items.
[TxProcessor] broadcasting block 15529301 (0xd699181cff403e61a53ed407908b2a13ff4c919a5e45d459fbd54d62887d8ca9)
BATCH COMPLETED
BATCH STARTED -- 4 requests
Skipping updateAccountNonces for BERA debugging
BATCH COMPLETED
BATCH STARTED -- 4 requests
Skipping updateAccountNonces for BERA debugging
Creating block JSON for BERA block 15529302 (0x3c023853223e87ba01b688204a7c67c68ae7bdb5615ddf017a8bbfbe5b106bbd)...
Searching for 12 transactions in transactions_BERA...
Created block json containing 12 txFull items.
[TxProcessor] broadcasting block 15529302 (0x3c023853223e87ba01b688204a7c67c68ae7bdb5615ddf017a8bbfbe5b106bbd)
BATCH COMPLETED
BATCH STARTED -- 11 requests
Skipping updateAccountNonces for BERA debugging
Creating block JSON for BERA block 15529303 (0x135a3554d97a50b1158a8ff169d81ec36123a188d7cf115118bf393509090390)...
Searching for 9 transactions in transactions_BERA...
Created block json containing 9 txFull items.
[TxProcessor] broadcasting block 15529303 (0x135a3554d97a50b1158a8ff169d81ec36123a188d7cf115118bf393509090390)
BATCH COMPLETED
BATCH STARTED -- 6 requests
Skipping updateAccountNonces for BERA debugging
BATCH COMPLETED
BATCH STARTED -- 9 requests
Skipping updateAccountNonces for BERA debugging
Creating block JSON for BERA block 15529304 (0xc9d46b1ff52e0a80d680c2488dc80db7ef74f7dad410c78258a6aa71e174fe30)...
Searching for 16 transactions in transactions_BERA...
Created block json containing 16 txFull items.
[TxProcessor] broadcasting block 15529304 (0xc9d46b1ff52e0a80d680c2488dc80db7ef74f7dad410c78258a6aa71e174fe30)
BATCH COMPLETED
BATCH STARTED -- 14 requests
Skipping updateAccountNonces for BERA debugging
Creating block JSON for BERA block 15529305 (0x47e10a41bf7d8a60ae957d2893765b576b8ea3bfe65db07676b4641b93769632)...
Searching for 18 transactions in transactions_BERA...
Created block json containing 18 txFull items.
[TxProcessor] broadcasting block 15529305 (0x47e10a41bf7d8a60ae957d2893765b576b8ea3bfe65db07676b4641b93769632)
BATCH COMPLETED
BATCH STARTED -- 11 requests
Skipping updateAccountNonces for BERA debugging
BATCH COMPLETED
BATCH STARTED -- 5 requests
Skipping updateAccountNonces for BERA debugging
Creating block JSON for BERA block 15529306 (0x87243472134ecf7bf1d415c08a50b9879c51497a037c798b217ec0f94dd4efed)...
Searching for 5 transactions in transactions_BERA...
Created block json containing 5 txFull items.
[TxProcessor] broadcasting block 15529306 (0x87243472134ecf7bf1d415c08a50b9879c51497a037c798b217ec0f94dd4efed)
BATCH COMPLETED
BATCH STARTED -- 1 requests
Skipping updateAccountNonces for BERA debugging
Creating block JSON for BERA block 15529307 (0xc5f6f978c67ef1e85fd60a2cc01204e7094b8f3dfc7defae4799d8b82c53efde)...
Searching for 10 transactions in transactions_BERA...
Created block json containing 10 txFull items.
[TxProcessor] broadcasting block 15529307 (0xc5f6f978c67ef1e85fd60a2cc01204e7094b8f3dfc7defae4799d8b82c53efde)
BATCH COMPLETED
BATCH STARTED -- 9 requests
Skipping updateAccountNonces for BERA debugging
BATCH COMPLETED
BATCH STARTED -- 3 requests
Skipping updateAccountNonces for BERA debugging
Creating block JSON for BERA block 15529308 (0x3668c1a1c4a077c06a3bfcc66daddfa2d52ec7a94caf3149b25e156c48a8bc6f)...
Searching for 12 transactions in transactions_BERA...
Created block json containing 12 txFull items.
[TxProcessor] broadcasting block 15529308 (0x3668c1a1c4a077c06a3bfcc66daddfa2d52ec7a94caf3149b25e156c48a8bc6f)
BATCH COMPLETED
BATCH STARTED -- 10 requests
Skipping updateAccountNonces for BERA debugging
Creating block JSON for BERA block 15529309 (0x0584671f20f2afe9a88d60df0c1b89ff7cef9ef746b37cf5fe4a949f8b67c9c0)...
Searching for 12 transactions in transactions_BERA...
Created block json containing 12 txFull items.
[TxProcessor] broadcasting block 15529309 (0x0584671f20f2afe9a88d60df0c1b89ff7cef9ef746b37cf5fe4a949f8b67c9c0)
BATCH COMPLETED
BATCH STARTED -- 11 requests
Skipping updateAccountNonces for BERA debugging
BATCH COMPLETED
BATCH STARTED -- 7 requests
Skipping updateAccountNonces for BERA debugging
Creating block JSON for BERA block 15529310 (0xd6d47cc2c4a8fa2286a288a5b51a69b40bba741e642b5de394d728de31b27bcb)...
Searching for 7 transactions in transactions_BERA...
Created block json containing 7 txFull items.
[TxProcessor] broadcasting block 15529310 (0xd6d47cc2c4a8fa2286a288a5b51a69b40bba741e642b5de394d728de31b27bcb)
BATCH COMPLETED
BATCH STARTED -- 5 requests
Skipping updateAccountNonces for BERA debugging
Creating block JSON for BERA block 15529311 (0xc99c4f47d76adf3e1029111419ae285fd9aa8255372b15129f869dccc18d4fd0)...
Searching for 5 transactions in transactions_BERA...
Created block json containing 5 txFull items.
[TxProcessor] broadcasting block 15529311 (0xc99c4f47d76adf3e1029111419ae285fd9aa8255372b15129f869dccc18d4fd0)
BATCH COMPLETED
BATCH STARTED -- 7 requests
Skipping updateAccountNonces for BERA debugging
Creating block JSON for BERA block 15529312 (0xd285880a3c89c3e0b096effe703792a5ebf51761688a5ebb3eebeab62579e49f)...
Searching for 7 transactions in transactions_BERA...
Created block json containing 7 txFull items.
[TxProcessor] broadcasting block 15529312 (0xd285880a3c89c3e0b096effe703792a5ebf51761688a5ebb3eebeab62579e49f)
BATCH COMPLETED
BATCH STARTED -- 2 requests
Skipping updateAccountNonces for BERA debugging
Creating block JSON for BERA block 15529313 (0x73a81aa42059cebe3bc6b4a289b2207eb8f472fbd08c764eac7d9c5bf59b8863)...
Searching for 6 transactions in transactions_BERA...
Created block json containing 6 txFull items.
[TxProcessor] broadcasting block 15529313 (0x73a81aa42059cebe3bc6b4a289b2207eb8f472fbd08c764eac7d9c5bf59b8863)
BATCH COMPLETED
BATCH STARTED -- 4 requests
Skipping updateAccountNonces for BERA debugging
BATCH COMPLETED
BATCH STARTED -- 5 requests
Skipping updateAccountNonces for BERA debugging
Creating block JSON for BERA block 15529314 (0x8946ab2eec9cd26803bec8e793605ed5df25dd3e4757a05a6a9ff5d1d043bb18)...
Searching for 11 transactions in transactions_BERA...
Created block json containing 11 txFull items.
[TxProcessor] broadcasting block 15529314 (0x8946ab2eec9cd26803bec8e793605ed5df25dd3e4757a05a6a9ff5d1d043bb18)
BATCH COMPLETED
BATCH STARTED -- 6 requests
Skipping updateAccountNonces for BERA debugging
BATCH COMPLETED
BATCH STARTED -- 5 requests
Skipping updateAccountNonces for BERA debugging
Creating block JSON for BERA block 15529315 (0x43d18016c10e7d521d4a27e6df97e87a10f7be3b5e01562610dfbf4e4781fc39)...
Searching for 8 transactions in transactions_BERA...
Created block json containing 8 txFull items.
[TxProcessor] broadcasting block 15529315 (0x43d18016c10e7d521d4a27e6df97e87a10f7be3b5e01562610dfbf4e4781fc39)
BATCH COMPLETED
BATCH STARTED -- 3 requests
Skipping updateAccountNonces for BERA debugging
BATCH COMPLETED
BATCH STARTED -- 1 requests
Skipping updateAccountNonces for BERA debugging
Creating block JSON for BERA block 15529316 (0xead319585334917d77e6fa76738744b845d4cbe75bc797552342300abf3e3c1a)...
Searching for 8 transactions in transactions_BERA...
Created block json containing 8 txFull items.
[TxProcessor] broadcasting block 15529316 (0xead319585334917d77e6fa76738744b845d4cbe75bc797552342300abf3e3c1a)
BATCH COMPLETED
BATCH STARTED -- 7 requests
Skipping updateAccountNonces for BERA debugging
BATCH COMPLETED
BATCH STARTED -- 3 requests
Skipping updateAccountNonces for BERA debugging
Creating block JSON for BERA block 15529317 (0x833ece961430203abf523f886196de6cd16be137d4efe32cdb4c87fc9b9be224)...
Searching for 8 transactions in transactions_BERA...
Created block json containing 8 txFull items.
[TxProcessor] broadcasting block 15529317 (0x833ece961430203abf523f886196de6cd16be137d4efe32cdb4c87fc9b9be224)
BATCH COMPLETED
BATCH STARTED -- 5 requests
Skipping updateAccountNonces for BERA debugging
BATCH COMPLETED
BATCH STARTED -- 2 requests
Skipping updateAccountNonces for BERA debugging
Creating block JSON for BERA block 15529318 (0xa7f3b5b3bbc4f40a470a8a217cad99a58cb0f8616ebddd904e0b79824acd486e)...
Searching for 8 transactions in transactions_BERA...
Created block json containing 8 txFull items.
[TxProcessor] broadcasting block 15529318 (0xa7f3b5b3bbc4f40a470a8a217cad99a58cb0f8616ebddd904e0b79824acd486e)
BATCH COMPLETED
BATCH STARTED -- 6 requests
Skipping updateAccountNonces for BERA debugging
BATCH COMPLETED
BATCH STARTED -- 4 requests
Skipping updateAccountNonces for BERA debugging
Creating block JSON for BERA block 15529319 (0xea17d15e3e167414a1853f71d41dead6796ecaa1eb1c7d5e9aca000a3c84a858)...
Searching for 10 transactions in transactions_BERA...
Created block json containing 10 txFull items.
[TxProcessor] broadcasting block 15529319 (0xea17d15e3e167414a1853f71d41dead6796ecaa1eb1c7d5e9aca000a3c84a858)
BATCH COMPLETED
BATCH STARTED -- 6 requests
Skipping updateAccountNonces for BERA debugging
BATCH COMPLETED
BATCH STARTED -- 4 requests
Skipping updateAccountNonces for BERA debugging
Creating block JSON for BERA block 15529320 (0x0a67d1baa3b8f6c753ffbfeb8ed674ed7062f7f6ba564765b8dfe71434e006ab)...
Searching for 8 transactions in transactions_BERA...
Created block json containing 8 txFull items.
[TxProcessor] broadcasting block 15529320 (0x0a67d1baa3b8f6c753ffbfeb8ed674ed7062f7f6ba564765b8dfe71434e006ab)
BATCH COMPLETED
BATCH STARTED -- 4 requests
Skipping updateAccountNonces for BERA debugging
BATCH COMPLETED
BATCH STARTED -- 4 requests
Skipping updateAccountNonces for BERA debugging
Creating block JSON for BERA block 15529321 (0x803aa33dd693d9df4d3cd12b5f1132cd19cc861065f7aed57e80ccfc8384740f)...
Searching for 6 transactions in transactions_BERA...
Created block json containing 6 txFull items.
[TxProcessor] broadcasting block 15529321 (0x803aa33dd693d9df4d3cd12b5f1132cd19cc861065f7aed57e80ccfc8384740f)
BATCH COMPLETED
BATCH STARTED -- 2 requests
Skipping updateAccountNonces for BERA debugging
BATCH COMPLETED
BATCH STARTED -- 3 requests
Skipping updateAccountNonces for BERA debugging
Creating block JSON for BERA block 15529322 (0x3a0b84b5716d744a649518d705e7fb35dc25249327b0c1798b6c0842e527ad56)...
Searching for 12 transactions in transactions_BERA...
Created block json containing 12 txFull items.
[TxProcessor] broadcasting block 15529322 (0x3a0b84b5716d744a649518d705e7fb35dc25249327b0c1798b6c0842e527ad56)
BATCH COMPLETED
BATCH STARTED -- 9 requests
Skipping updateAccountNonces for BERA debugging
BATCH COMPLETED
BATCH STARTED -- 4 requests
Skipping updateAccountNonces for BERA debugging
Creating block JSON for BERA block 15529323 (0x147b0f1045685e6b2e4440870e693525b7e22abfe3b116400b7cff6aac15f230)...
Searching for 5 transactions in transactions_BERA...
Created block json containing 5 txFull items.
[TxProcessor] broadcasting block 15529323 (0x147b0f1045685e6b2e4440870e693525b7e22abfe3b116400b7cff6aac15f230)
BATCH COMPLETED
BATCH STARTED -- 1 requests
Skipping updateAccountNonces for BERA debugging
BATCH COMPLETED
BATCH STARTED -- 1 requests
Skipping updateAccountNonces for BERA debugging
Creating block JSON for BERA block 15529324 (0xc361652249a47b55ff78af30f54a6eb1ba83e8f29941c3b007105a54fd6e6433)...
Searching for 5 transactions in transactions_BERA...
Created block json containing 5 txFull items.
[TxProcessor] broadcasting block 15529324 (0xc361652249a47b55ff78af30f54a6eb1ba83e8f29941c3b007105a54fd6e6433)
BATCH COMPLETED
BATCH STARTED -- 4 requests
Skipping updateAccountNonces for BERA debugging
BATCH COMPLETED
BATCH STARTED -- 2 requests
Skipping updateAccountNonces for BERA debugging
Creating block JSON for BERA block 15529325 (0x935a20ee64210857f171e867131a33697a342d26f0522324dacf35408311c2e8)...
Searching for 12 transactions in transactions_BERA...
Created block json containing 10 txFull items.
[TxProcessor] broadcasting block 15529325 (0x935a20ee64210857f171e867131a33697a342d26f0522324dacf35408311c2e8)
BATCH COMPLETED
BATCH STARTED -- 10 requests
Skipping updateAccountNonces for BERA debugging
BATCH COMPLETED
BATCH STARTED -- 5 requests
Skipping updateAccountNonces for BERA debugging
Creating block JSON for BERA block 15529326 (0xbc580c8ccea3ed88e706c2bba3aae70c1de148bf6bbd00b345622a6c74568711)...
Searching for 16 transactions in transactions_BERA...
Created block json containing 16 txFull items.
[TxProcessor] broadcasting block 15529326 (0xbc580c8ccea3ed88e706c2bba3aae70c1de148bf6bbd00b345622a6c74568711)
BATCH COMPLETED
BATCH STARTED -- 11 requests
Skipping updateAccountNonces for BERA debugging
BATCH COMPLETED
BATCH STARTED -- 9 requests
Skipping updateAccountNonces for BERA debugging
Creating block JSON for BERA block 15529327 (0x5f3c140834ff279e4362a5ffcdd8bb8156c7012999fe143e933c457dc76016c9)...
Searching for 11 transactions in transactions_BERA...
Created block json containing 11 txFull items.
[TxProcessor] broadcasting block 15529327 (0x5f3c140834ff279e4362a5ffcdd8bb8156c7012999fe143e933c457dc76016c9)
BATCH COMPLETED
BATCH STARTED -- 4 requests
Skipping updateAccountNonces for BERA debugging
Creating block JSON for BERA block 15529328 (0x4bb33ee0184276b93345bc7a1df1d87c14e00e221b8173e440e3e8b971b1b72e)...
Searching for 6 transactions in transactions_BERA...
Created block json containing 6 txFull items.
[TxProcessor] broadcasting block 15529328 (0x4bb33ee0184276b93345bc7a1df1d87c14e00e221b8173e440e3e8b971b1b72e)
BATCH COMPLETED
BATCH STARTED -- 4 requests
Skipping updateAccountNonces for BERA debugging
BATCH COMPLETED
BATCH STARTED -- 4 requests
Skipping updateAccountNonces for BERA debugging
Creating block JSON for BERA block 15529329 (0xfe240ca4a58acdf605f6e93a80152eb00db87ae84b59b70a14199691b8be50c1)...
Searching for 7 transactions in transactions_BERA...
Created block json containing 7 txFull items.
[TxProcessor] broadcasting block 15529329 (0xfe240ca4a58acdf605f6e93a80152eb00db87ae84b59b70a14199691b8be50c1)
BATCH COMPLETED
BATCH STARTED -- 3 requests
Skipping updateAccountNonces for BERA debugging
BATCH COMPLETED
BATCH STARTED -- 4 requests
Skipping updateAccountNonces for BERA debugging
Creating block JSON for BERA block 15529330 (0xd775e55692c5022bccb9613b3beedc88c968e0f9f118ff6727a85a67248c0f0b)...
Searching for 4 transactions in transactions_BERA...
Created block json containing 4 txFull items.
[TxProcessor] broadcasting block 15529330 (0xd775e55692c5022bccb9613b3beedc88c968e0f9f118ff6727a85a67248c0f0b)
BATCH COMPLETED
BATCH STARTED -- 4 requests
Skipping updateAccountNonces for BERA debugging
Creating block JSON for BERA block 15529331 (0x7657c7492965d16f5da489d6f951554f1a830e12585f93c40e0aedae058dfaac)...
Searching for 8 transactions in transactions_BERA...
Created block json containing 8 txFull items.
[TxProcessor] broadcasting block 15529331 (0x7657c7492965d16f5da489d6f951554f1a830e12585f93c40e0aedae058dfaac)
BATCH COMPLETED
BATCH STARTED -- 4 requests
Skipping updateAccountNonces for BERA debugging
BATCH COMPLETED
BATCH STARTED -- 4 requests
Skipping updateAccountNonces for BERA debugging
Creating block JSON for BERA block 15529332 (0xdfcd59b90f5d147c6c754fe38db0149dcac2ccc04dc422868ec6b5ab64fe9a41)...
Searching for 14 transactions in transactions_BERA...
Created block json containing 14 txFull items.
[TxProcessor] broadcasting block 15529332 (0xdfcd59b90f5d147c6c754fe38db0149dcac2ccc04dc422868ec6b5ab64fe9a41)
BATCH COMPLETED
BATCH STARTED -- 10 requests
Skipping updateAccountNonces for BERA debugging
BATCH COMPLETED
BATCH STARTED -- 2 requests
Skipping updateAccountNonces for BERA debugging
Creating block JSON for BERA block 15529333 (0x0f7b2e923523706ed052336ede900c9f582d8209792243c6b354131968811dff)...
Searching for 8 transactions in transactions_BERA...
Created block json containing 8 txFull items.
[TxProcessor] broadcasting block 15529333 (0x0f7b2e923523706ed052336ede900c9f582d8209792243c6b354131968811dff)
BATCH COMPLETED
BATCH STARTED -- 6 requests
Skipping updateAccountNonces for BERA debugging
BATCH COMPLETED
BATCH STARTED -- 4 requests
Skipping updateAccountNonces for BERA debugging
Creating block JSON for BERA block 15529334 (0xc8eaf830b06d3ec8ce5b6ff12646f60672f6790c21057907fb46ad5318d349a3)...
Searching for 6 transactions in transactions_BERA...
Created block json containing 6 txFull items.
[TxProcessor] broadcasting block 15529334 (0xc8eaf830b06d3ec8ce5b6ff12646f60672f6790c21057907fb46ad5318d349a3)
BATCH COMPLETED
BATCH STARTED -- 2 requests
Skipping updateAccountNonces for BERA debugging
BATCH COMPLETED
BATCH STARTED -- 1 requests
Skipping updateAccountNonces for BERA debugging
Creating block JSON for BERA block 15529335 (0x524f4fc0555a816c55dcd44221674784fb9aaa57f4a7130019c19ba5c40ba7d9)...
Searching for 7 transactions in transactions_BERA...
Created block json containing 7 txFull items.
[TxProcessor] broadcasting block 15529335 (0x524f4fc0555a816c55dcd44221674784fb9aaa57f4a7130019c19ba5c40ba7d9)
BATCH COMPLETED
BATCH STARTED -- 6 requests
Skipping updateAccountNonces for BERA debugging
BATCH COMPLETED
BATCH STARTED -- 2 requests
Skipping updateAccountNonces for BERA debugging
Creating block JSON for BERA block 15529336 (0x5b2063421d274d736598c92130aad6b77b7422a7905890b95278f5458a22c876)...
Searching for 8 transactions in transactions_BERA...
Created block json containing 8 txFull items.
[TxProcessor] broadcasting block 15529336 (0x5b2063421d274d736598c92130aad6b77b7422a7905890b95278f5458a22c876)
BATCH COMPLETED
BATCH STARTED -- 6 requests
Skipping updateAccountNonces for BERA debugging
BATCH COMPLETED
BATCH STARTED -- 3 requests
Skipping updateAccountNonces for BERA debugging
Creating block JSON for BERA block 15529337 (0x07c4c5da7b06d78e4075f0a9e3e65cc9675db34a7c3661d4805037aac72b0a6c)...
Searching for 26 transactions in transactions_BERA...
Created block json containing 12 txFull items.
[TxProcessor] broadcasting block 15529337 (0x07c4c5da7b06d78e4075f0a9e3e65cc9675db34a7c3661d4805037aac72b0a6c)
BATCH COMPLETED
BATCH STARTED -- 16 requests
Skipping updateAccountNonces for BERA debugging
BATCH COMPLETED
BATCH STARTED -- 11 requests
Skipping updateAccountNonces for BERA debugging
Creating block JSON for BERA block 15529338 (0x1978f35f5d103f21715439f1e4d65d8cbac71a70c97160a9cbfbf25fc1293393)...
Searching for 18 transactions in transactions_BERA...
Created block json containing 18 txFull items.
[TxProcessor] broadcasting block 15529338 (0x1978f35f5d103f21715439f1e4d65d8cbac71a70c97160a9cbfbf25fc1293393)
BATCH COMPLETED
BATCH STARTED -- 14 requests
Skipping updateAccountNonces for BERA debugging
BATCH COMPLETED
BATCH STARTED -- 9 requests
Skipping updateAccountNonces for BERA debugging
Creating block JSON for BERA block 15529339 (0x4bd9f76ca35c91ba88833e6d4795923331549be614fe51ad427564b3921b0890)...
Searching for 22 transactions in transactions_BERA...
Created block json containing 22 txFull items.
[TxProcessor] broadcasting block 15529339 (0x4bd9f76ca35c91ba88833e6d4795923331549be614fe51ad427564b3921b0890)
BATCH COMPLETED
BATCH STARTED -- 13 requests
Skipping updateAccountNonces for BERA debugging
BATCH COMPLETED
BATCH STARTED -- 6 requests
Skipping updateAccountNonces for BERA debugging
Creating block JSON for BERA block 15529340 (0xc469aab36d1f8e381d0d1c11fcea4a90db0a35475522a5ccb005324102bbc837)...
Searching for 6 transactions in transactions_BERA...
Created block json containing 6 txFull items.
[TxProcessor] broadcasting block 15529340 (0xc469aab36d1f8e381d0d1c11fcea4a90db0a35475522a5ccb005324102bbc837)
BATCH COMPLETED
BATCH STARTED -- 2 requests
Skipping updateAccountNonces for BERA debugging
Creating block JSON for BERA block 15529341 (0xbe00a3a9b65450d038326df83c850aa7630832066e8a558deb967e22f4ecf210)...
Searching for 11 transactions in transactions_BERA...
Created block json containing 10 txFull items.
[TxProcessor] broadcasting block 15529341 (0xbe00a3a9b65450d038326df83c850aa7630832066e8a558deb967e22f4ecf210)
BATCH COMPLETED
BATCH STARTED -- 9 requests
Skipping updateAccountNonces for BERA debugging
BATCH COMPLETED
BATCH STARTED -- 2 requests
Skipping updateAccountNonces for BERA debugging
Creating block JSON for BERA block 15529342 (0xe1bc9ab7e0f3c681b530ccc5cf008faa048058a146e1e6c0d9343d9dd0c49f20)...
Searching for 13 transactions in transactions_BERA...
Created block json containing 8 txFull items.
[TxProcessor] broadcasting block 15529342 (0xe1bc9ab7e0f3c681b530ccc5cf008faa048058a146e1e6c0d9343d9dd0c49f20)
BATCH COMPLETED
BATCH STARTED -- 9 requests
Skipping updateAccountNonces for BERA debugging
BATCH COMPLETED
BATCH STARTED -- 2 requests
Skipping updateAccountNonces for BERA debugging
BATCH COMPLETED
BATCH STARTED -- 1 requests
Skipping updateAccountNonces for BERA debugging
Creating block JSON for BERA block 15529343 (0xb3248750abcdf50b94527d6ea0d79c2a23ea5e137b313589e65aa44defdbeb8c)...
Searching for 11 transactions in transactions_BERA...
Created block json containing 7 txFull items.
[TxProcessor] broadcasting block 15529343 (0xb3248750abcdf50b94527d6ea0d79c2a23ea5e137b313589e65aa44defdbeb8c)
BATCH COMPLETED
BATCH STARTED -- 9 requests
Skipping updateAccountNonces for BERA debugging
BATCH COMPLETED
BATCH STARTED -- 1 requests
Skipping updateAccountNonces for BERA debugging
BATCH COMPLETED
BATCH STARTED -- 1 requests
Skipping updateAccountNonces for BERA debugging
Creating block JSON for BERA block 15529344 (0xee7af961a5ff8b1c1ffa7b0b611a0109e9e8e449c2562e727ff4a72ec4729393)...
Searching for 14 transactions in transactions_BERA...
Created block json containing 9 txFull items.
[TxProcessor] broadcasting block 15529344 (0xee7af961a5ff8b1c1ffa7b0b611a0109e9e8e449c2562e727ff4a72ec4729393)
BATCH COMPLETED
BATCH STARTED -- 12 requests
Skipping updateAccountNonces for BERA debugging
BATCH COMPLETED
BATCH STARTED -- 1 requests
Skipping updateAccountNonces for BERA debugging
BATCH COMPLETED
BATCH STARTED -- 2 requests
Skipping updateAccountNonces for BERA debugging
Creating block JSON for BERA block 15529345 (0x649c45d7c064b92325663e2d5ae98f83320b9f6b236e5bd12f110944bd5ce305)...
Searching for 14 transactions in transactions_BERA...
Created block json containing 9 txFull items.
[TxProcessor] broadcasting block 15529345 (0x649c45d7c064b92325663e2d5ae98f83320b9f6b236e5bd12f110944bd5ce305)
BATCH COMPLETED
BATCH STARTED -- 10 requests
Skipping updateAccountNonces for BERA debugging
BATCH COMPLETED
BATCH STARTED -- 2 requests
Skipping updateAccountNonces for BERA debugging
BATCH COMPLETED
BATCH STARTED -- 2 requests
Skipping updateAccountNonces for BERA debugging
Creating block JSON for BERA block 15529346 (0x1094e4844572bfcdb62e061e8452334073483f79460df08d2c5b22446a0d1bf1)...
Searching for 15 transactions in transactions_BERA...
Created block json containing 10 txFull items.
[TxProcessor] broadcasting block 15529346 (0x1094e4844572bfcdb62e061e8452334073483f79460df08d2c5b22446a0d1bf1)
BATCH COMPLETED
BATCH STARTED -- 11 requests
Skipping updateAccountNonces for BERA debugging
BATCH COMPLETED
BATCH STARTED -- 2 requests
Skipping updateAccountNonces for BERA debugging
BATCH COMPLETED
BATCH STARTED -- 1 requests
Skipping updateAccountNonces for BERA debugging
Creating block JSON for BERA block 15529347 (0x8d58ebcfcf77901f2e18b12e0aab788a3c7c06f0e83246a57f3bec00959a7d5d)...
Searching for 13 transactions in transactions_BERA...
Created block json containing 8 txFull items.
[TxProcessor] broadcasting block 15529347 (0x8d58ebcfcf77901f2e18b12e0aab788a3c7c06f0e83246a57f3bec00959a7d5d)
BATCH COMPLETED
BATCH STARTED -- 12 requests
Skipping updateAccountNonces for BERA debugging
BATCH COMPLETED
BATCH STARTED -- 1 requests
Skipping updateAccountNonces for BERA debugging
Creating block JSON for BERA block 15529348 (0x96f4f4197f46729884417aa57a162b069e275b6e68adb36a80584f3ff65ac677)...
Searching for 19 transactions in transactions_BERA...
Created block json containing 7 txFull items.
[TxProcessor] broadcasting block 15529348 (0x96f4f4197f46729884417aa57a162b069e275b6e68adb36a80584f3ff65ac677)
BATCH COMPLETED
BATCH STARTED -- 9 requests
Skipping updateAccountNonces for BERA debugging
BATCH COMPLETED
BATCH STARTED -- 9 requests
Skipping updateAccountNonces for BERA debugging
BATCH COMPLETED
BATCH STARTED -- 4 requests
Skipping updateAccountNonces for BERA debugging
Creating block JSON for BERA block 15529349 (0x8e792d1526fb7ffd9f9cde5e0ca44bcdbc1ae87652edd67d4c2a2d1470d89ecf)...
Searching for 11 transactions in transactions_BERA...
Created block json containing 11 txFull items.
[TxProcessor] broadcasting block 15529349 (0x8e792d1526fb7ffd9f9cde5e0ca44bcdbc1ae87652edd67d4c2a2d1470d89ecf)
BATCH COMPLETED
BATCH STARTED -- 7 requests
Skipping updateAccountNonces for BERA debugging
BATCH COMPLETED
BATCH STARTED -- 2 requests
Skipping updateAccountNonces for BERA debugging
Creating block JSON for BERA block 15529350 (0x3d13d860c2211ab5b87d4516eca31ee306b337f0febc2c06ab9a0c4363cda6e1)...
Searching for 15 transactions in transactions_BERA...
Created block json containing 10 txFull items.
[TxProcessor] broadcasting block 15529350 (0x3d13d860c2211ab5b87d4516eca31ee306b337f0febc2c06ab9a0c4363cda6e1)
BATCH COMPLETED
BATCH STARTED -- 11 requests
Skipping updateAccountNonces for BERA debugging
BATCH COMPLETED
BATCH STARTED -- 2 requests
Skipping updateAccountNonces for BERA debugging
BATCH COMPLETED
BATCH STARTED -- 2 requests
Skipping updateAccountNonces for BERA debugging
Creating block JSON for BERA block 15529351 (0x5437d6a97f4c8b57a865c7f0271f2a67f6f3c0b3e83e7ea09e0d7cef3a90f44a)...
Searching for 28 transactions in transactions_BERA...
Created block json containing 9 txFull items.
[TxProcessor] broadcasting block 15529351 (0x5437d6a97f4c8b57a865c7f0271f2a67f6f3c0b3e83e7ea09e0d7cef3a90f44a)
BATCH COMPLETED
BATCH STARTED -- 10 requests
Skipping updateAccountNonces for BERA debugging
BATCH COMPLETED
BATCH STARTED -- 13 requests
Skipping updateAccountNonces for BERA debugging
BATCH COMPLETED
BATCH STARTED -- 12 requests
Skipping updateAccountNonces for BERA debugging
Creating block JSON for BERA block 15529352 (0x86c6729bf65f1a86c591602be89eb902a3ff8363190c9984922310d23223d514)...
Searching for 9 transactions in transactions_BERA...
Created block json containing 9 txFull items.
[TxProcessor] broadcasting block 15529352 (0x86c6729bf65f1a86c591602be89eb902a3ff8363190c9984922310d23223d514)
BATCH COMPLETED
BATCH STARTED -- 8 requests
Skipping updateAccountNonces for BERA debugging
Creating block JSON for BERA block 15529353 (0xac4e2cd3e7530de725c48cfe7206da66527c2c150ae84f51c97a814e4288bbe5)...
Searching for 16 transactions in transactions_BERA...
Created block json containing 16 txFull items.
[TxProcessor] broadcasting block 15529353 (0xac4e2cd3e7530de725c48cfe7206da66527c2c150ae84f51c97a814e4288bbe5)
BATCH COMPLETED
BATCH STARTED -- 8 requests
Skipping updateAccountNonces for BERA debugging
BATCH COMPLETED
BATCH STARTED -- 2 requests
Skipping updateAccountNonces for BERA debugging
Creating block JSON for BERA block 15529354 (0xfc75b355de55c1b484ba1831ab3c9545aa11ae6f0f989bc71fef5e959a94b0c1)...
Searching for 13 transactions in transactions_BERA...
Created block json containing 10 txFull items.
[TxProcessor] broadcasting block 15529354 (0xfc75b355de55c1b484ba1831ab3c9545aa11ae6f0f989bc71fef5e959a94b0c1)
BATCH COMPLETED
BATCH STARTED -- 11 requests
Skipping updateAccountNonces for BERA debugging
BATCH COMPLETED
BATCH STARTED -- 1 requests
Skipping updateAccountNonces for BERA debugging
Creating block JSON for BERA block 15529355 (0xcfd5cf92da47fd17c7809e76235367bd5a4811f1846f9ad6f4fdbe98a1b0c2ca)...
Searching for 7 transactions in transactions_BERA...
Created block json containing 7 txFull items.
[TxProcessor] broadcasting block 15529355 (0xcfd5cf92da47fd17c7809e76235367bd5a4811f1846f9ad6f4fdbe98a1b0c2ca)
BATCH COMPLETED
BATCH STARTED -- 6 requests
Skipping updateAccountNonces for BERA debugging
BATCH COMPLETED
BATCH STARTED -- 2 requests
Skipping updateAccountNonces for BERA debugging
Creating block JSON for BERA block 15529356 (0x3fcc27588fd8f3f7622b48df03b00d2edddc983372fab1118437d3e9023f6835)...
Searching for 17 transactions in transactions_BERA...
Created block json containing 8 txFull items.
[TxProcessor] broadcasting block 15529356 (0x3fcc27588fd8f3f7622b48df03b00d2edddc983372fab1118437d3e9023f6835)
BATCH COMPLETED
BATCH STARTED -- 11 requests
Skipping updateAccountNonces for BERA debugging
BATCH COMPLETED
BATCH STARTED -- 4 requests
Skipping updateAccountNonces for BERA debugging
BATCH COMPLETED
BATCH STARTED -- 1 requests
Skipping updateAccountNonces for BERA debugging
Creating block JSON for BERA block 15529357 (0xbdb4d5fa8f19117ead8552dd32dfed8de898699d6c87dcf571b859cb64e9952f)...
Searching for 8 transactions in transactions_BERA...
Created block json containing 6 txFull items.
[TxProcessor] broadcasting block 15529357 (0xbdb4d5fa8f19117ead8552dd32dfed8de898699d6c87dcf571b859cb64e9952f)
BATCH COMPLETED
BATCH STARTED -- 7 requests
Skipping updateAccountNonces for BERA debugging
BATCH COMPLETED
BATCH STARTED -- 2 requests
Skipping updateAccountNonces for BERA debugging
Creating block JSON for BERA block 15529358 (0x0720a85101993e09a9e419eaa837380b87c8468e4383dcb71a798fe3f77dc550)...
Searching for 6 transactions in transactions_BERA...
Created block json containing 6 txFull items.
[TxProcessor] broadcasting block 15529358 (0x0720a85101993e09a9e419eaa837380b87c8468e4383dcb71a798fe3f77dc550)
BATCH COMPLETED
BATCH STARTED -- 4 requests
Skipping updateAccountNonces for BERA debugging
BATCH COMPLETED
BATCH STARTED -- 2 requests
Skipping updateAccountNonces for BERA debugging
Creating block JSON for BERA block 15529359 (0xfe24298d47851fc3e2733ffc0cfb4c32717ddc51acb9056c454005bf86b8f161)...
Searching for 22 transactions in transactions_BERA...
Created block json containing 9 txFull items.
[TxProcessor] broadcasting block 15529359 (0xfe24298d47851fc3e2733ffc0cfb4c32717ddc51acb9056c454005bf86b8f161)
BATCH COMPLETED
BATCH STARTED -- 12 requests
Skipping updateAccountNonces for BERA debugging
BATCH COMPLETED
BATCH STARTED -- 8 requests
Skipping updateAccountNonces for BERA debugging
BATCH COMPLETED
BATCH STARTED -- 12 requests
Skipping updateAccountNonces for BERA debugging
Creating block JSON for BERA block 15529360 (0x695ec984aab6b748468b5281a04801d26dc9627ac3f218012e04a064d71c6373)...
Searching for 13 transactions in transactions_BERA...
Created block json containing 13 txFull items.
[TxProcessor] broadcasting block 15529360 (0x695ec984aab6b748468b5281a04801d26dc9627ac3f218012e04a064d71c6373)
BATCH COMPLETED
BATCH STARTED -- 12 requests
Skipping updateAccountNonces for BERA debugging
Creating block JSON for BERA block 15529361 (0x709109c031c1702c1a3b1c4c6ccbb3087b84d7dde332ba52a79d390918f17d54)...
Searching for 17 transactions in transactions_BERA...
Created block json containing 17 txFull items.
[TxProcessor] broadcasting block 15529361 (0x709109c031c1702c1a3b1c4c6ccbb3087b84d7dde332ba52a79d390918f17d54)
BATCH COMPLETED
BATCH STARTED -- 6 requests
Skipping updateAccountNonces for BERA debugging
BATCH COMPLETED
BATCH STARTED -- 9 requests
Skipping updateAccountNonces for BERA debugging
Creating block JSON for BERA block 15529362 (0x5d21c3df2e177df4b6c28dd7638f4f8496b38c7e502f2f5e556252052defc928)...
Searching for 13 transactions in transactions_BERA...
Created block json containing 13 txFull items.
[TxProcessor] broadcasting block 15529362 (0x5d21c3df2e177df4b6c28dd7638f4f8496b38c7e502f2f5e556252052defc928)
BATCH COMPLETED
BATCH STARTED -- 4 requests
Skipping updateAccountNonces for BERA debugging
BATCH COMPLETED
BATCH STARTED -- 2 requests
Skipping updateAccountNonces for BERA debugging
Creating block JSON for BERA block 15529363 (0xb475417250864c488ffb932fbadd715c75c8de3da70d18633209a3a84df8e9d9)...
Searching for 22 transactions in transactions_BERA...
Created block json containing 10 txFull items.
[TxProcessor] broadcasting block 15529363 (0xb475417250864c488ffb932fbadd715c75c8de3da70d18633209a3a84df8e9d9)
BATCH COMPLETED
BATCH STARTED -- 12 requests
Skipping updateAccountNonces for BERA debugging
BATCH COMPLETED
BATCH STARTED -- 8 requests
Skipping updateAccountNonces for BERA debugging
BATCH COMPLETED
BATCH STARTED -- 7 requests
Skipping updateAccountNonces for BERA debugging
Creating block JSON for BERA block 15529364 (0x739f71e0bae1cb6c36a4bf0bbf39689b90b445b7682c21d2cdb709457ed0bc0e)...
Searching for 17 transactions in transactions_BERA...
Created block json containing 17 txFull items.
[TxProcessor] broadcasting block 15529364 (0x739f71e0bae1cb6c36a4bf0bbf39689b90b445b7682c21d2cdb709457ed0bc0e)
BATCH COMPLETED
BATCH STARTED -- 10 requests
Skipping updateAccountNonces for BERA debugging
BATCH COMPLETED
BATCH STARTED -- 10 requests
Skipping updateAccountNonces for BERA debugging
Creating block JSON for BERA block 15529365 (0x5017e21c38b11086b5219fb7dbc2601803911a98dc6b5f9521840b4466fdc3c0)...
Searching for 14 transactions in transactions_BERA...
Created block json containing 14 txFull items.
[TxProcessor] broadcasting block 15529365 (0x5017e21c38b11086b5219fb7dbc2601803911a98dc6b5f9521840b4466fdc3c0)
BATCH COMPLETED
BATCH STARTED -- 4 requests
Skipping updateAccountNonces for BERA debugging
BATCH COMPLETED
BATCH STARTED -- 2 requests
Skipping updateAccountNonces for BERA debugging
Creating block JSON for BERA block 15529366 (0x77d4fbd4cc29ad1ace5ca3080c0501410c42378288c1207c6cd2ec810816bc94)...
Searching for 9 transactions in transactions_BERA...
Created block json containing 8 txFull items.
[TxProcessor] broadcasting block 15529366 (0x77d4fbd4cc29ad1ace5ca3080c0501410c42378288c1207c6cd2ec810816bc94)
BATCH COMPLETED
BATCH STARTED -- 7 requests
Skipping updateAccountNonces for BERA debugging
BATCH COMPLETED
BATCH STARTED -- 1 requests
Skipping updateAccountNonces for BERA debugging
Creating block JSON for BERA block 15529367 (0xdcdbde59e77013b234f3c9a28c5a1ff0891550da23784cc94d4ffbd9bd49c2c1)...
Searching for 16 transactions in transactions_BERA...
Created block json containing 7 txFull items.
[TxProcessor] broadcasting block 15529367 (0xdcdbde59e77013b234f3c9a28c5a1ff0891550da23784cc94d4ffbd9bd49c2c1)
BATCH COMPLETED
BATCH STARTED -- 9 requests
Skipping updateAccountNonces for BERA debugging
BATCH COMPLETED
BATCH STARTED -- 6 requests
Skipping updateAccountNonces for BERA debugging
BATCH COMPLETED
BATCH STARTED -- 2 requests
Skipping updateAccountNonces for BERA debugging
Creating block JSON for BERA block 15529368 (0x6f8d2588d89a5d42f0000e82d91ec97ae549ea247d9b86ea13540b2e3de82634)...
Searching for 18 transactions in transactions_BERA...
Created block json containing 8 txFull items.
[TxProcessor] broadcasting block 15529368 (0x6f8d2588d89a5d42f0000e82d91ec97ae549ea247d9b86ea13540b2e3de82634)
BATCH COMPLETED
BATCH STARTED -- 9 requests
Skipping updateAccountNonces for BERA debugging
BATCH COMPLETED
BATCH STARTED -- 7 requests
Skipping updateAccountNonces for BERA debugging
BATCH COMPLETED
BATCH STARTED -- 1 requests
Skipping updateAccountNonces for BERA debugging
Creating block JSON for BERA block 15529369 (0xe6c5b93cce11dfd102788fb6be5e96396d0f6863be0edb86e2f492bff99d2354)...
Searching for 11 transactions in transactions_BERA...
Created block json containing 7 txFull items.
[TxProcessor] broadcasting block 15529369 (0xe6c5b93cce11dfd102788fb6be5e96396d0f6863be0edb86e2f492bff99d2354)
BATCH COMPLETED
BATCH STARTED -- 9 requests
Skipping updateAccountNonces for BERA debugging
BATCH COMPLETED
BATCH STARTED -- 1 requests
Skipping updateAccountNonces for BERA debugging
BATCH COMPLETED
BATCH STARTED -- 3 requests
Skipping updateAccountNonces for BERA debugging
Creating block JSON for BERA block 15529370 (0x2b00f719bcf5d15ec629785a9a2ecbee66d1cffb45593f015b3d06f448788ac4)...
Searching for 14 transactions in transactions_BERA...
Created block json containing 11 txFull items.
[TxProcessor] broadcasting block 15529370 (0x2b00f719bcf5d15ec629785a9a2ecbee66d1cffb45593f015b3d06f448788ac4)
BATCH COMPLETED
BATCH STARTED -- 11 requests
Skipping updateAccountNonces for BERA debugging
BATCH COMPLETED
BATCH STARTED -- 3 requests
Skipping updateAccountNonces for BERA debugging
Creating block JSON for BERA block 15529371 (0x33263936b854f74a735e523fa066bc2fed07f7974fb773f07786a8665b7c50a4)...
Searching for 9 transactions in transactions_BERA...
Created block json containing 9 txFull items.
[TxProcessor] broadcasting block 15529371 (0x33263936b854f74a735e523fa066bc2fed07f7974fb773f07786a8665b7c50a4)
BATCH COMPLETED
BATCH STARTED -- 6 requests
Skipping updateAccountNonces for BERA debugging
BATCH COMPLETED
BATCH STARTED -- 2 requests
Skipping updateAccountNonces for BERA debugging
Creating block JSON for BERA block 15529372 (0xd36f3652bba172747a17b8faa2f9bfd4c42982a6bb1ad88ab4066b0aedf4ad74)...
Searching for 10 transactions in transactions_BERA...
Created block json containing 8 txFull items.
[TxProcessor] broadcasting block 15529372 (0xd36f3652bba172747a17b8faa2f9bfd4c42982a6bb1ad88ab4066b0aedf4ad74)
BATCH COMPLETED
BATCH STARTED -- 8 requests
Skipping updateAccountNonces for BERA debugging
BATCH COMPLETED
BATCH STARTED -- 1 requests
Skipping updateAccountNonces for BERA debugging
Creating block JSON for BERA block 15529373 (0xe4019e7fe333d08e8a19710175a6c595125ea4429331f8ea30c3911b7f56c2f6)...
Searching for 9 transactions in transactions_BERA...
Created block json containing 7 txFull items.
[TxProcessor] broadcasting block 15529373 (0xe4019e7fe333d08e8a19710175a6c595125ea4429331f8ea30c3911b7f56c2f6)
BATCH COMPLETED
BATCH STARTED -- 8 requests
Skipping updateAccountNonces for BERA debugging
BATCH COMPLETED
BATCH STARTED -- 2 requests
Skipping updateAccountNonces for BERA debugging
Creating block JSON for BERA block 15529374 (0x6aeb1721f77c6a38db0bd6aff513b2d91740c4e8a18e14785adc594e5cb6ae69)...
Searching for 7 transactions in transactions_BERA...
Created block json containing 7 txFull items.
[TxProcessor] broadcasting block 15529374 (0x6aeb1721f77c6a38db0bd6aff513b2d91740c4e8a18e14785adc594e5cb6ae69)
BATCH COMPLETED
BATCH STARTED -- 5 requests
Skipping updateAccountNonces for BERA debugging
BATCH COMPLETED
BATCH STARTED -- 2 requests
Skipping updateAccountNonces for BERA debugging
Creating block JSON for BERA block 15529375 (0xc9e6f9955c2bb80b1522e67e3221072449c9036e0b380f3d61d098f31f6c2343)...
Searching for 10 transactions in transactions_BERA...
Created block json containing 9 txFull items.
[TxProcessor] broadcasting block 15529375 (0xc9e6f9955c2bb80b1522e67e3221072449c9036e0b380f3d61d098f31f6c2343)
BATCH COMPLETED
BATCH STARTED -- 8 requests
Skipping updateAccountNonces for BERA debugging
BATCH COMPLETED
BATCH STARTED -- 1 requests
Skipping updateAccountNonces for BERA debugging
Creating block JSON for BERA block 15529376 (0x3c0aa39b0ea17505237c82486270ba323f91970990b2d844cedf9f81c8e89e1e)...
Searching for 8 transactions in transactions_BERA...
Created block json containing 7 txFull items.
[TxProcessor] broadcasting block 15529376 (0x3c0aa39b0ea17505237c82486270ba323f91970990b2d844cedf9f81c8e89e1e)
BATCH COMPLETED
BATCH STARTED -- 7 requests
Skipping updateAccountNonces for BERA debugging
BATCH COMPLETED
BATCH STARTED -- 3 requests
Skipping updateAccountNonces for BERA debugging
Creating block JSON for BERA block 15529377 (0xf8346bd5257e08fff8304148ebe7e9e6575144916c517e9cbff0ed9619308273)...
Searching for 8 transactions in transactions_BERA...
Created block json containing 8 txFull items.
[TxProcessor] broadcasting block 15529377 (0xf8346bd5257e08fff8304148ebe7e9e6575144916c517e9cbff0ed9619308273)
BATCH COMPLETED
BATCH STARTED -- 5 requests
Skipping updateAccountNonces for BERA debugging
BATCH COMPLETED
BATCH STARTED -- 1 requests
Skipping updateAccountNonces for BERA debugging
Creating block JSON for BERA block 15529378 (0x3dccb16a318a3f9807ad6ac3d2ed5b0b98144fbb9c444a71b491508c6ce6aaa5)...
Searching for 8 transactions in transactions_BERA...
Created block json containing 7 txFull items.
[TxProcessor] broadcasting block 15529378 (0x3dccb16a318a3f9807ad6ac3d2ed5b0b98144fbb9c444a71b491508c6ce6aaa5)
BATCH COMPLETED
BATCH STARTED -- 7 requests
Skipping updateAccountNonces for BERA debugging
BATCH COMPLETED
BATCH STARTED -- 2 requests
Skipping updateAccountNonces for BERA debugging
Creating block JSON for BERA block 15529379 (0x14cc191054876abcffe53018901d4e6a9de53351b194b3e8e03353cca3ee8695)...
Searching for 13 transactions in transactions_BERA...
Created block json containing 9 txFull items.
[TxProcessor] broadcasting block 15529379 (0x14cc191054876abcffe53018901d4e6a9de53351b194b3e8e03353cca3ee8695)
BATCH COMPLETED
BATCH STARTED -- 11 requests
Skipping updateAccountNonces for BERA debugging
BATCH COMPLETED
BATCH STARTED -- 1 requests
Skipping updateAccountNonces for BERA debugging
Creating block JSON for BERA block 15529380 (0x062a6dcb7158c0d6579d22dedb51c53f047c25e72c1ad95cd8d42daf2536846b)...
Searching for 8 transactions in transactions_BERA...
Created block json containing 8 txFull items.
[TxProcessor] broadcasting block 15529380 (0x062a6dcb7158c0d6579d22dedb51c53f047c25e72c1ad95cd8d42daf2536846b)
BATCH COMPLETED
BATCH STARTED -- 7 requests
Skipping updateAccountNonces for BERA debugging
BATCH COMPLETED
BATCH STARTED -- 1 requests
Skipping updateAccountNonces for BERA debugging
Creating block JSON for BERA block 15529381 (0xd49501166a7984600d3233eabde802af718ab6d343be2087003e62e852f1eec4)...
Searching for 6 transactions in transactions_BERA...
Created block json containing 6 txFull items.
[TxProcessor] broadcasting block 15529381 (0xd49501166a7984600d3233eabde802af718ab6d343be2087003e62e852f1eec4)
BATCH COMPLETED
BATCH STARTED -- 5 requests
Skipping updateAccountNonces for BERA debugging
BATCH COMPLETED
BATCH STARTED -- 2 requests
Skipping updateAccountNonces for BERA debugging
Creating block JSON for BERA block 15529382 (0x0ec84b54f2d7380116f6235f88bd838e248f0ce00b427240b50604e220af50ba)...
Searching for 18 transactions in transactions_BERA...
Created block json containing 9 txFull items.
[TxProcessor] broadcasting block 15529382 (0x0ec84b54f2d7380116f6235f88bd838e248f0ce00b427240b50604e220af50ba)
BATCH COMPLETED
BATCH STARTED -- 10 requests
Skipping updateAccountNonces for BERA debugging
BATCH COMPLETED
BATCH STARTED -- 6 requests
Skipping updateAccountNonces for BERA debugging
BATCH COMPLETED
BATCH STARTED -- 2 requests
Skipping updateAccountNonces for BERA debugging
Creating block JSON for BERA block 15529383 (0xc2b7639cc5b807ecbba9d4672430e22de9927014da68fc20acab8c2f844cd23d)...
Searching for 10 transactions in transactions_BERA...
Created block json containing 10 txFull items.
[TxProcessor] broadcasting block 15529383 (0xc2b7639cc5b807ecbba9d4672430e22de9927014da68fc20acab8c2f844cd23d)
BATCH COMPLETED
BATCH STARTED -- 8 requests
Skipping updateAccountNonces for BERA debugging
BATCH COMPLETED
BATCH STARTED -- 1 requests
Skipping updateAccountNonces for BERA debugging
Creating block JSON for BERA block 15529384 (0xabdcb420d70bbfe5a1b02775f704400722371ed61081c30ae87c95376cb521f2)...
Searching for 7 transactions in transactions_BERA...
Created block json containing 7 txFull items.
[TxProcessor] broadcasting block 15529384 (0xabdcb420d70bbfe5a1b02775f704400722371ed61081c30ae87c95376cb521f2)
BATCH COMPLETED
BATCH STARTED -- 6 requests
Skipping updateAccountNonces for BERA debugging
BATCH COMPLETED
BATCH STARTED -- 1 requests
Skipping updateAccountNonces for BERA debugging
Creating block JSON for BERA block 15529385 (0x42ef5d45a550e1ca2365e8c3e28351f69f6097e259d8a9449d488779a6aaebd5)...
Searching for 12 transactions in transactions_BERA...
Created block json containing 6 txFull items.
[TxProcessor] broadcasting block 15529385 (0x42ef5d45a550e1ca2365e8c3e28351f69f6097e259d8a9449d488779a6aaebd5)
BATCH COMPLETED
BATCH STARTED -- 9 requests
Skipping updateAccountNonces for BERA debugging
BATCH COMPLETED
BATCH STARTED -- 2 requests
Skipping updateAccountNonces for BERA debugging
BATCH COMPLETED
BATCH STARTED -- 1 requests
Skipping updateAccountNonces for BERA debugging
Creating block JSON for BERA block 15529386 (0x5eaac7eba98887ff9753d77c1ab3cca22df9c4a7ea144d4767366d79815e2785)...
Searching for 8 transactions in transactions_BERA...
Created block json containing 8 txFull items.
[TxProcessor] broadcasting block 15529386 (0x5eaac7eba98887ff9753d77c1ab3cca22df9c4a7ea144d4767366d79815e2785)
BATCH COMPLETED
BATCH STARTED -- 7 requests
Skipping updateAccountNonces for BERA debugging
BATCH COMPLETED
BATCH STARTED -- 1 requests
Skipping updateAccountNonces for BERA debugging
Creating block JSON for BERA block 15529387 (0x69c6ef0e4cc5c1e024aee630bf7f26242c103975c7af3ba2a8ac4e8091736e86)...
Searching for 7 transactions in transactions_BERA...
Created block json containing 7 txFull items.
[TxProcessor] broadcasting block 15529387 (0x69c6ef0e4cc5c1e024aee630bf7f26242c103975c7af3ba2a8ac4e8091736e86)
BATCH COMPLETED
BATCH STARTED -- 6 requests
Skipping updateAccountNonces for BERA debugging
BATCH COMPLETED
BATCH STARTED -- 3 requests
Skipping updateAccountNonces for BERA debugging
Creating block JSON for BERA block 15529388 (0xecccd0484cd7ddf6b980e00fee02bfbca845afa08b725f9277d096f77af27bfa)...
Searching for 7 transactions in transactions_BERA...
Created block json containing 7 txFull items.
[TxProcessor] broadcasting block 15529388 (0xecccd0484cd7ddf6b980e00fee02bfbca845afa08b725f9277d096f77af27bfa)
BATCH COMPLETED
BATCH STARTED -- 4 requests
Skipping updateAccountNonces for BERA debugging
BATCH COMPLETED
BATCH STARTED -- 1 requests
Skipping updateAccountNonces for BERA debugging
Creating block JSON for BERA block 15529389 (0x365e3043acfd89679a80eb6dc90a681c57d4268fd9c0102f73ede2f69f2b4c55)...
Searching for 7 transactions in transactions_BERA...
Created block json containing 7 txFull items.
[TxProcessor] broadcasting block 15529389 (0x365e3043acfd89679a80eb6dc90a681c57d4268fd9c0102f73ede2f69f2b4c55)
BATCH COMPLETED
BATCH STARTED -- 6 requests
Skipping updateAccountNonces for BERA debugging
BATCH COMPLETED
BATCH STARTED -- 1 requests
Skipping updateAccountNonces for BERA debugging
Creating block JSON for BERA block 15529390 (0x7cccdaa08d31d94ee64f6ada30dc3e411180bd7df98aaa1d8c1bb07ab26f0026)...
Searching for 3 transactions in transactions_BERA...
Created block json containing 3 txFull items.
[TxProcessor] broadcasting block 15529390 (0x7cccdaa08d31d94ee64f6ada30dc3e411180bd7df98aaa1d8c1bb07ab26f0026)
BATCH COMPLETED
BATCH STARTED -- 2 requests
Skipping updateAccountNonces for BERA debugging
BATCH COMPLETED
BATCH STARTED -- 1 requests
Skipping updateAccountNonces for BERA debugging
Creating block JSON for BERA block 15529391 (0xf7d334831e8edb47a7ec92fdc397e6399e4ad4e733c55ab38fba2c8b8fdbff70)...
Searching for 8 transactions in transactions_BERA...
Created block json containing 8 txFull items.
[TxProcessor] broadcasting block 15529391 (0xf7d334831e8edb47a7ec92fdc397e6399e4ad4e733c55ab38fba2c8b8fdbff70)
BATCH COMPLETED
BATCH STARTED -- 7 requests
Skipping updateAccountNonces for BERA debugging
BATCH COMPLETED
BATCH STARTED -- 2 requests
Skipping updateAccountNonces for BERA debugging
Creating block JSON for BERA block 15529392 (0x760f94aea9fe82cae6d38b8162922ef2961bfc22f2eac2407735156d095e7c30)...
Searching for 12 transactions in transactions_BERA...
Created block json containing 12 txFull items.
[TxProcessor] broadcasting block 15529392 (0x760f94aea9fe82cae6d38b8162922ef2961bfc22f2eac2407735156d095e7c30)
BATCH COMPLETED
BATCH STARTED -- 10 requests
Skipping updateAccountNonces for BERA debugging
BATCH COMPLETED
BATCH STARTED -- 3 requests
Skipping updateAccountNonces for BERA debugging
Creating block JSON for BERA block 15529393 (0x9b6960aa340c0431e88a73c00bb3bfbe8be29a4d296a2b02cbf27e9508ab8bd9)...
Searching for 11 transactions in transactions_BERA...
Created block json containing 11 txFull items.
[TxProcessor] broadcasting block 15529393 (0x9b6960aa340c0431e88a73c00bb3bfbe8be29a4d296a2b02cbf27e9508ab8bd9)
BATCH COMPLETED
BATCH STARTED -- 8 requests
Skipping updateAccountNonces for BERA debugging
BATCH COMPLETED
BATCH STARTED -- 2 requests
Skipping updateAccountNonces for BERA debugging
Creating block JSON for BERA block 15529394 (0x6c83e35ec144cc3098d2d15fa5ec8b050c578cb0af3b83a8b9dd02782d87699f)...
Searching for 9 transactions in transactions_BERA...
Created block json containing 8 txFull items.
[TxProcessor] broadcasting block 15529394 (0x6c83e35ec144cc3098d2d15fa5ec8b050c578cb0af3b83a8b9dd02782d87699f)
BATCH COMPLETED
BATCH STARTED -- 7 requests
Skipping updateAccountNonces for BERA debugging
BATCH COMPLETED
BATCH STARTED -- 1 requests
Skipping updateAccountNonces for BERA debugging
Creating block JSON for BERA block 15529395 (0xf713ce25078ce7acfcea75bcea086a05e2c9092829e7c65a2d9f6d9c39513c60)...
Searching for 9 transactions in transactions_BERA...
Created block json containing 6 txFull items.
[TxProcessor] broadcasting block 15529395 (0xf713ce25078ce7acfcea75bcea086a05e2c9092829e7c65a2d9f6d9c39513c60)
BATCH COMPLETED
BATCH STARTED -- 8 requests
Skipping updateAccountNonces for BERA debugging
BATCH COMPLETED
BATCH STARTED -- 2 requests
Skipping updateAccountNonces for BERA debugging
Creating block JSON for BERA block 15529396 (0x70101c7f57ec20bebdfdba13cad6140e27a67e02394b933eaf7cf78c5482443a)...
Searching for 10 transactions in transactions_BERA...
Created block json containing 8 txFull items.
[TxProcessor] broadcasting block 15529396 (0x70101c7f57ec20bebdfdba13cad6140e27a67e02394b933eaf7cf78c5482443a)
BATCH COMPLETED
BATCH STARTED -- 8 requests
Skipping updateAccountNonces for BERA debugging
BATCH COMPLETED
BATCH STARTED -- 1 requests
Skipping updateAccountNonces for BERA debugging
Creating block JSON for BERA block 15529397 (0x160b6fc9244b8db12c8bf70f2e588f661392f51f52d67318a890bdc442cd57b8)...
Searching for 5 transactions in transactions_BERA...
Created block json containing 5 txFull items.
[TxProcessor] broadcasting block 15529397 (0x160b6fc9244b8db12c8bf70f2e588f661392f51f52d67318a890bdc442cd57b8)
BATCH COMPLETED
BATCH STARTED -- 4 requests
Skipping updateAccountNonces for BERA debugging
BATCH COMPLETED
BATCH STARTED -- 1 requests
Skipping updateAccountNonces for BERA debugging
Creating block JSON for BERA block 15529398 (0xcf0b0bcbe5df902b79453c92b8b0752cb505db6b169dacdd21dfd1875d85cccf)...
Searching for 12 transactions in transactions_BERA...
Created block json containing 7 txFull items.
[TxProcessor] broadcasting block 15529398 (0xcf0b0bcbe5df902b79453c92b8b0752cb505db6b169dacdd21dfd1875d85cccf)
BATCH COMPLETED
BATCH STARTED -- 9 requests
Skipping updateAccountNonces for BERA debugging
BATCH COMPLETED
BATCH STARTED -- 2 requests
Skipping updateAccountNonces for BERA debugging
BATCH COMPLETED
BATCH STARTED -- 1 requests
Skipping updateAccountNonces for BERA debugging
Creating block JSON for BERA block 15529399 (0xf9e5eaf714865adfe3ed0e3c0e965ea807849579bd8a89cb922c92272b4fb961)...
Searching for 9 transactions in transactions_BERA...
Created block json containing 8 txFull items.
[TxProcessor] broadcasting block 15529399 (0xf9e5eaf714865adfe3ed0e3c0e965ea807849579bd8a89cb922c92272b4fb961)
BATCH COMPLETED
BATCH STARTED -- 8 requests
Skipping updateAccountNonces for BERA debugging
BATCH COMPLETED
BATCH STARTED -- 1 requests
Skipping updateAccountNonces for BERA debugging
Creating block JSON for BERA block 15529400 (0xce9fa829f15c525beccc92e554c52fc5860dab00cf654ef98d9911f80f30d8aa)...
Searching for 8 transactions in transactions_BERA...
Created block json containing 7 txFull items.
[TxProcessor] broadcasting block 15529400 (0xce9fa829f15c525beccc92e554c52fc5860dab00cf654ef98d9911f80f30d8aa)
BATCH COMPLETED
BATCH STARTED -- 7 requests
Skipping updateAccountNonces for BERA debugging
BATCH COMPLETED
BATCH STARTED -- 1 requests
Skipping updateAccountNonces for BERA debugging
Creating block JSON for BERA block 15529401 (0x0d045681464c102e572012dd685c48a78f2691053d23d1b3d74abe3db6341716)...
Searching for 5 transactions in transactions_BERA...
Created block json containing 5 txFull items.
[TxProcessor] broadcasting block 15529401 (0x0d045681464c102e572012dd685c48a78f2691053d23d1b3d74abe3db6341716)
BATCH COMPLETED
BATCH STARTED -- 4 requests
Skipping updateAccountNonces for BERA debugging
BATCH COMPLETED
BATCH STARTED -- 1 requests
Skipping updateAccountNonces for BERA debugging
Creating block JSON for BERA block 15529402 (0x4628af48cb10978af81d8d4ef99153d58c379655578e40e5d49b3b46c6be3e70)...
Searching for 12 transactions in transactions_BERA...
Created block json containing 7 txFull items.
[TxProcessor] broadcasting block 15529402 (0x4628af48cb10978af81d8d4ef99153d58c379655578e40e5d49b3b46c6be3e70)
BATCH COMPLETED
BATCH STARTED -- 9 requests
Skipping updateAccountNonces for BERA debugging
BATCH COMPLETED
BATCH STARTED -- 2 requests
Skipping updateAccountNonces for BERA debugging
BATCH COMPLETED
BATCH STARTED -- 1 requests
Skipping updateAccountNonces for BERA debugging
Creating block JSON for BERA block 15529403 (0xc17a9e311c94f176858f957c76d65b389646d125ce07c5a1942fe53b0b42b080)...
Searching for 11 transactions in transactions_BERA...
Created block json containing 7 txFull items.
[TxProcessor] broadcasting block 15529403 (0xc17a9e311c94f176858f957c76d65b389646d125ce07c5a1942fe53b0b42b080)
BATCH COMPLETED
BATCH STARTED -- 10 requests
Skipping updateAccountNonces for BERA debugging
BATCH COMPLETED
BATCH STARTED -- 1 requests
Skipping updateAccountNonces for BERA debugging
Creating block JSON for BERA block 15529404 (0x71f8a861a9e61aa5d4a0c36c2ed60e34b85cef6c707fa64d6629839676e76359)...
Searching for 9 transactions in transactions_BERA...
Created block json containing 9 txFull items.
[TxProcessor] broadcasting block 15529404 (0x71f8a861a9e61aa5d4a0c36c2ed60e34b85cef6c707fa64d6629839676e76359)
BATCH COMPLETED
BATCH STARTED -- 8 requests
Skipping updateAccountNonces for BERA debugging
BATCH COMPLETED
BATCH STARTED -- 3 requests
Skipping updateAccountNonces for BERA debugging
Creating block JSON for BERA block 15529405 (0xb2f7ce3b470f065b73a44d6e036b5747d1f3b80be47656f3595fc0376805b106)...
Searching for 10 transactions in transactions_BERA...
Created block json containing 10 txFull items.
[TxProcessor] broadcasting block 15529405 (0xb2f7ce3b470f065b73a44d6e036b5747d1f3b80be47656f3595fc0376805b106)
BATCH COMPLETED
BATCH STARTED -- 7 requests
Skipping updateAccountNonces for BERA debugging
BATCH COMPLETED
BATCH STARTED -- 3 requests
Skipping updateAccountNonces for BERA debugging
Creating block JSON for BERA block 15529406 (0xa098f7e0f17cee5eb7dea7cf9b0bd768147290eced8b063ffa1113c10204ec3d)...
Searching for 3 transactions in transactions_BERA...
Created block json containing 3 txFull items.
[TxProcessor] broadcasting block 15529406 (0xa098f7e0f17cee5eb7dea7cf9b0bd768147290eced8b063ffa1113c10204ec3d)
BATCH COMPLETED
BATCH STARTED -- 2 requests
Skipping updateAccountNonces for BERA debugging
Creating block JSON for BERA block 15529407 (0x54952d39dc8ef3f30ee27b1e98965fb28e06687348e921f2fbc316f2ef4fea5e)...
Searching for 9 transactions in transactions_BERA...
Created block json containing 8 txFull items.
[TxProcessor] broadcasting block 15529407 (0x54952d39dc8ef3f30ee27b1e98965fb28e06687348e921f2fbc316f2ef4fea5e)
BATCH COMPLETED
BATCH STARTED -- 7 requests
Skipping updateAccountNonces for BERA debugging
BATCH COMPLETED
BATCH STARTED -- 1 requests
Skipping updateAccountNonces for BERA debugging
Creating block JSON for BERA block 15529408 (0x19dac3ac6e8e4a548ed4b6fbdf87c97d5a5a8e713aa4c37feac0f57a2e38d69d)...
Searching for 7 transactions in transactions_BERA...
Created block json containing 7 txFull items.
[TxProcessor] broadcasting block 15529408 (0x19dac3ac6e8e4a548ed4b6fbdf87c97d5a5a8e713aa4c37feac0f57a2e38d69d)
BATCH COMPLETED
BATCH STARTED -- 6 requests
Skipping updateAccountNonces for BERA debugging
BATCH COMPLETED
BATCH STARTED -- 1 requests
Skipping updateAccountNonces for BERA debugging
Creating block JSON for BERA block 15529409 (0x13acaa0be84c464f2d5cf2904ba68bb18f83b7c93b5b2c56ca81fcb35f2c2b1d)...
Searching for 7 transactions in transactions_BERA...
Created block json containing 7 txFull items.
[TxProcessor] broadcasting block 15529409 (0x13acaa0be84c464f2d5cf2904ba68bb18f83b7c93b5b2c56ca81fcb35f2c2b1d)
BATCH COMPLETED
BATCH STARTED -- 6 requests
Skipping updateAccountNonces for BERA debugging
BATCH COMPLETED
BATCH STARTED -- 1 requests
Skipping updateAccountNonces for BERA debugging
Creating block JSON for BERA block 15529410 (0x7957d8c48c621fb0d9f4fdb1dd50fc2ff5e7895ac87745919f86772d5c663776)...
Searching for 8 transactions in transactions_BERA...
Created block json containing 6 txFull items.
[TxProcessor] broadcasting block 15529410 (0x7957d8c48c621fb0d9f4fdb1dd50fc2ff5e7895ac87745919f86772d5c663776)
BATCH COMPLETED
BATCH STARTED -- 7 requests
Skipping updateAccountNonces for BERA debugging
BATCH COMPLETED
BATCH STARTED -- 2 requests
Skipping updateAccountNonces for BERA debugging
Creating block JSON for BERA block 15529411 (0x07d963256eb53bcbf9deb4271ef15d9da658a0f7ce94a5df046160c5fcdef965)...
Searching for 8 transactions in transactions_BERA...
Created block json containing 8 txFull items.
[TxProcessor] broadcasting block 15529411 (0x07d963256eb53bcbf9deb4271ef15d9da658a0f7ce94a5df046160c5fcdef965)
BATCH COMPLETED
BATCH STARTED -- 6 requests
Skipping updateAccountNonces for BERA debugging
BATCH COMPLETED
BATCH STARTED -- 2 requests
Skipping updateAccountNonces for BERA debugging
Creating block JSON for BERA block 15529412 (0x6312b2c6041488e6f7a14f8d35261dc97bfe723361a6d5bb8100f013576be112)...
Searching for 9 transactions in transactions_BERA...
Created block json containing 8 txFull items.
[TxProcessor] broadcasting block 15529412 (0x6312b2c6041488e6f7a14f8d35261dc97bfe723361a6d5bb8100f013576be112)
BATCH COMPLETED
BATCH STARTED -- 7 requests
Skipping updateAccountNonces for BERA debugging
BATCH COMPLETED
BATCH STARTED -- 1 requests
Skipping updateAccountNonces for BERA debugging
Creating block JSON for BERA block 15529413 (0x1cf34774096a1b6ee3b0a2e1d45d107bdf2dcf1cf9480d0b56ce3c7562912736)...
Searching for 10 transactions in transactions_BERA...
Created block json containing 7 txFull items.
[TxProcessor] broadcasting block 15529413 (0x1cf34774096a1b6ee3b0a2e1d45d107bdf2dcf1cf9480d0b56ce3c7562912736)
BATCH COMPLETED
BATCH STARTED -- 9 requests
Skipping updateAccountNonces for BERA debugging
BATCH COMPLETED
BATCH STARTED -- 1 requests
Skipping updateAccountNonces for BERA debugging
Creating block JSON for BERA block 15529414 (0x3fcd837369d2166a7f6c043d426726134ebf594929d42ada0241b1d693131a67)...
Searching for 11 transactions in transactions_BERA...
Created block json containing 7 txFull items.
[TxProcessor] broadcasting block 15529414 (0x3fcd837369d2166a7f6c043d426726134ebf594929d42ada0241b1d693131a67)
BATCH COMPLETED
BATCH STARTED -- 8 requests
Skipping updateAccountNonces for BERA debugging
BATCH COMPLETED
BATCH STARTED -- 2 requests
Skipping updateAccountNonces for BERA debugging
BATCH COMPLETED
BATCH STARTED -- 1 requests
Skipping updateAccountNonces for BERA debugging
Creating block JSON for BERA block 15529415 (0xfc77b72b5ad3084648233175d9db42b713e7137d0e03c433150fe6e3cfdfb86c)...
Searching for 13 transactions in transactions_BERA...
Created block json containing 6 txFull items.
[TxProcessor] broadcasting block 15529415 (0xfc77b72b5ad3084648233175d9db42b713e7137d0e03c433150fe6e3cfdfb86c)
BATCH COMPLETED
BATCH STARTED -- 8 requests
Skipping updateAccountNonces for BERA debugging
BATCH COMPLETED
BATCH STARTED -- 4 requests
Skipping updateAccountNonces for BERA debugging
BATCH COMPLETED
BATCH STARTED -- 1 requests
Skipping updateAccountNonces for BERA debugging
Creating block JSON for BERA block 15529416 (0xc8be6b9b2f66ba896b56229b91e4a33259500dc373ce06f95b9face01f3fb953)...
Searching for 9 transactions in transactions_BERA...
Created block json containing 6 txFull items.
[TxProcessor] broadcasting block 15529416 (0xc8be6b9b2f66ba896b56229b91e4a33259500dc373ce06f95b9face01f3fb953)
BATCH COMPLETED
BATCH STARTED -- 8 requests
Skipping updateAccountNonces for BERA debugging
BATCH COMPLETED
BATCH STARTED -- 1 requests
Skipping updateAccountNonces for BERA debugging
Creating block JSON for BERA block 15529417 (0x860f13b02311d81b47a7dc0950d594b2078bc317c702dffa8dda6b4040999f38)...
Searching for 7 transactions in transactions_BERA...
Created block json containing 6 txFull items.
[TxProcessor] broadcasting block 15529417 (0x860f13b02311d81b47a7dc0950d594b2078bc317c702dffa8dda6b4040999f38)
BATCH COMPLETED
BATCH STARTED -- 6 requests
Skipping updateAccountNonces for BERA debugging
BATCH COMPLETED
BATCH STARTED -- 1 requests
Skipping updateAccountNonces for BERA debugging
Creating block JSON for BERA block 15529418 (0x66a62e4166caf2db33b713a42159a47bdb62c4f3a0fda604f9d36effee94462e)...
Searching for 16 transactions in transactions_BERA...
Created block json containing 8 txFull items.
[TxProcessor] broadcasting block 15529418 (0x66a62e4166caf2db33b713a42159a47bdb62c4f3a0fda604f9d36effee94462e)
BATCH COMPLETED
BATCH STARTED -- 11 requests
Skipping updateAccountNonces for BERA debugging
BATCH COMPLETED
BATCH STARTED -- 6 requests
Skipping updateAccountNonces for BERA debugging
Creating block JSON for BERA block 15529419 (0x74247f289660827c06d1b31daa53684384bb7dcfe30fc15ede98de061d4fd678)...
Searching for 9 transactions in transactions_BERA...
Created block json containing 9 txFull items.
[TxProcessor] broadcasting block 15529419 (0x74247f289660827c06d1b31daa53684384bb7dcfe30fc15ede98de061d4fd678)
BATCH COMPLETED
BATCH STARTED -- 7 requests
Skipping updateAccountNonces for BERA debugging
BATCH COMPLETED
BATCH STARTED -- 2 requests
Skipping updateAccountNonces for BERA debugging
Creating block JSON for BERA block 15529420 (0x56432ed6dd31e39288f981a8e7c11e27539f3bc265586fdce25ff8e59873be29)...
Searching for 8 transactions in transactions_BERA...
Created block json containing 8 txFull items.
[TxProcessor] broadcasting block 15529420 (0x56432ed6dd31e39288f981a8e7c11e27539f3bc265586fdce25ff8e59873be29)
BATCH COMPLETED
BATCH STARTED -- 6 requests
Skipping updateAccountNonces for BERA debugging
BATCH COMPLETED
BATCH STARTED -- 1 requests
Skipping updateAccountNonces for BERA debugging
Creating block JSON for BERA block 15529421 (0x1335be26502fe968a58ddec0f66a7cf6bea39c46a2198b8c0e17dd01434f41ce)...
Searching for 6 transactions in transactions_BERA...
Created block json containing 6 txFull items.
[TxProcessor] broadcasting block 15529421 (0x1335be26502fe968a58ddec0f66a7cf6bea39c46a2198b8c0e17dd01434f41ce)
BATCH COMPLETED
BATCH STARTED -- 5 requests
Skipping updateAccountNonces for BERA debugging
BATCH COMPLETED
BATCH STARTED -- 1 requests
Skipping updateAccountNonces for BERA debugging
Creating block JSON for BERA block 15529422 (0xfbc645da342fdfa2c826fc54efdc835edf9684ce99930d8c8d8245f6b7c0661c)...
Searching for 10 transactions in transactions_BERA...
Created block json containing 6 txFull items.
[TxProcessor] broadcasting block 15529422 (0xfbc645da342fdfa2c826fc54efdc835edf9684ce99930d8c8d8245f6b7c0661c)
BATCH COMPLETED
BATCH STARTED -- 8 requests
Skipping updateAccountNonces for BERA debugging
BATCH COMPLETED
BATCH STARTED -- 1 requests
Skipping updateAccountNonces for BERA debugging
BATCH COMPLETED
BATCH STARTED -- 1 requests
Skipping updateAccountNonces for BERA debugging
Creating block JSON for BERA block 15529423 (0xe3a5eae7d50d2cefd6453019548f69afd8d46af2b51f6455ae59c00549c34959)...
Searching for 10 transactions in transactions_BERA...
Created block json containing 6 txFull items.
[TxProcessor] broadcasting block 15529423 (0xe3a5eae7d50d2cefd6453019548f69afd8d46af2b51f6455ae59c00549c34959)
BATCH COMPLETED
BATCH STARTED -- 9 requests
Skipping updateAccountNonces for BERA debugging
BATCH COMPLETED
BATCH STARTED -- 1 requests
Skipping updateAccountNonces for BERA debugging
Creating block JSON for BERA block 15529424 (0x1bb9581955bb371bd9e19ecd730f8c2b845f9321c5e59c90a92e46562a516dbd)...
Searching for 9 transactions in transactions_BERA...
Created block json containing 6 txFull items.
[TxProcessor] broadcasting block 15529424 (0x1bb9581955bb371bd9e19ecd730f8c2b845f9321c5e59c90a92e46562a516dbd)
BATCH COMPLETED
BATCH STARTED -- 7 requests
Skipping updateAccountNonces for BERA debugging
BATCH COMPLETED
BATCH STARTED -- 1 requests
Skipping updateAccountNonces for BERA debugging
BATCH COMPLETED
BATCH STARTED -- 1 requests
Skipping updateAccountNonces for BERA debugging
Creating block JSON for BERA block 15529425 (0x82835efc59e91d75f0eff9a0f1ca27fdacd523202b2942d810a9b131aa3c0bbb)...
Searching for 5 transactions in transactions_BERA...
Created block json containing 5 txFull items.
[TxProcessor] broadcasting block 15529425 (0x82835efc59e91d75f0eff9a0f1ca27fdacd523202b2942d810a9b131aa3c0bbb)
BATCH COMPLETED
BATCH STARTED -- 4 requests
Skipping updateAccountNonces for BERA debugging
BATCH COMPLETED
BATCH STARTED -- 1 requests
Skipping updateAccountNonces for BERA debugging
Creating block JSON for BERA block 15529426 (0xc82e65d95bfa7fb858e436abd683237224482ad81a4beb3c2b8f9a52da2e77b7)...
Searching for 6 transactions in transactions_BERA...
Created block json containing 6 txFull items.
[TxProcessor] broadcasting block 15529426 (0xc82e65d95bfa7fb858e436abd683237224482ad81a4beb3c2b8f9a52da2e77b7)
BATCH COMPLETED
BATCH STARTED -- 5 requests
Skipping updateAccountNonces for BERA debugging
BATCH COMPLETED
BATCH STARTED -- 1 requests
Skipping updateAccountNonces for BERA debugging
Creating block JSON for BERA block 15529427 (0x7ed595c291d67cf349d0e096cd3634bf79de66cae104ff8a2e3c5201868bf966)...
Searching for 6 transactions in transactions_BERA...
Created block json containing 6 txFull items.
[TxProcessor] broadcasting block 15529427 (0x7ed595c291d67cf349d0e096cd3634bf79de66cae104ff8a2e3c5201868bf966)
BATCH COMPLETED
BATCH STARTED -- 5 requests
Skipping updateAccountNonces for BERA debugging
BATCH COMPLETED
BATCH STARTED -- 1 requests
Skipping updateAccountNonces for BERA debugging
Creating block JSON for BERA block 15529428 (0x458f3a344ae2f7dfd3d7c38c98f2ae41839ab67d7abd990d15815f54b12dc6dd)...
Searching for 12 transactions in transactions_BERA...
Created block json containing 7 txFull items.
[TxProcessor] broadcasting block 15529428 (0x458f3a344ae2f7dfd3d7c38c98f2ae41839ab67d7abd990d15815f54b12dc6dd)
BATCH COMPLETED
BATCH STARTED -- 10 requests
Skipping updateAccountNonces for BERA debugging
BATCH COMPLETED
BATCH STARTED -- 8 requests
Skipping updateAccountNonces for BERA debugging
Creating block JSON for BERA block 15529429 (0xda61ecd22f164234e4e4e423dcbd4f7bf08aac15427fb1a432d634e2d5517db7)...
Searching for 8 transactions in transactions_BERA...
Created block json containing 8 txFull items.
[TxProcessor] broadcasting block 15529429 (0xda61ecd22f164234e4e4e423dcbd4f7bf08aac15427fb1a432d634e2d5517db7)
BATCH COMPLETED
BATCH STARTED -- 1 requests
Skipping updateAccountNonces for BERA debugging
BATCH COMPLETED
BATCH STARTED -- 1 requests
Skipping updateAccountNonces for BERA debugging
Creating block JSON for BERA block 15529430 (0x35a6d19aa9aff8e39a48f4755dcd2ce9ade03efb408530a3557263d69084b91e)...
Searching for 8 transactions in transactions_BERA...
Created block json containing 6 txFull items.
[TxProcessor] broadcasting block 15529430 (0x35a6d19aa9aff8e39a48f4755dcd2ce9ade03efb408530a3557263d69084b91e)
BATCH COMPLETED
BATCH STARTED -- 7 requests
Skipping updateAccountNonces for BERA debugging
BATCH COMPLETED
BATCH STARTED -- 1 requests
Skipping updateAccountNonces for BERA debugging
Creating block JSON for BERA block 15529431 (0x205c0cf695c5f3521933e7cb4e55193cfb544ff0d468db258530270fe207f085)...
Searching for 3 transactions in transactions_BERA...
Created block json containing 3 txFull items.
[TxProcessor] broadcasting block 15529431 (0x205c0cf695c5f3521933e7cb4e55193cfb544ff0d468db258530270fe207f085)
BATCH COMPLETED
BATCH STARTED -- 2 requests
Skipping updateAccountNonces for BERA debugging
BATCH COMPLETED
BATCH STARTED -- 2 requests
Skipping updateAccountNonces for BERA debugging
Creating block JSON for BERA block 15529432 (0x99c4c07e9f034cedcb836e4fdd2490492cef3f2f3985da026ab26046184a1f23)...
Searching for 9 transactions in transactions_BERA...
Created block json containing 9 txFull items.
[TxProcessor] broadcasting block 15529432 (0x99c4c07e9f034cedcb836e4fdd2490492cef3f2f3985da026ab26046184a1f23)
BATCH COMPLETED
BATCH STARTED -- 7 requests
Skipping updateAccountNonces for BERA debugging
BATCH COMPLETED
BATCH STARTED -- 1 requests
Skipping updateAccountNonces for BERA debugging
Creating block JSON for BERA block 15529433 (0x08581928c0be4fde06412f6a0023cc7780627da5df731faffc74913ee445d5f7)...
Searching for 7 transactions in transactions_BERA...
Created block json containing 7 txFull items.
[TxProcessor] broadcasting block 15529433 (0x08581928c0be4fde06412f6a0023cc7780627da5df731faffc74913ee445d5f7)
BATCH COMPLETED
BATCH STARTED -- 6 requests
Skipping updateAccountNonces for BERA debugging
BATCH COMPLETED
BATCH STARTED -- 1 requests
Skipping updateAccountNonces for BERA debugging
Creating block JSON for BERA block 15529434 (0x81e0da9c3d3a76ab87671139517ecc1ad6ca8515ed13b2df837dd3ca2ef70308)...
Searching for 9 transactions in transactions_BERA...
Created block json containing 7 txFull items.
[TxProcessor] broadcasting block 15529434 (0x81e0da9c3d3a76ab87671139517ecc1ad6ca8515ed13b2df837dd3ca2ef70308)
BATCH COMPLETED
BATCH STARTED -- 8 requests
Skipping updateAccountNonces for BERA debugging
BATCH COMPLETED
BATCH STARTED -- 1 requests
Skipping updateAccountNonces for BERA debugging
Creating block JSON for BERA block 15529435 (0x5823a979ae5fc46e3fa90331263c1c36b65e85286732b359b95cc3194787998f)...
Searching for 11 transactions in transactions_BERA...
Created block json containing 8 txFull items.
[TxProcessor] broadcasting block 15529435 (0x5823a979ae5fc46e3fa90331263c1c36b65e85286732b359b95cc3194787998f)
BATCH COMPLETED
BATCH STARTED -- 10 requests
Skipping updateAccountNonces for BERA debugging
BATCH COMPLETED
BATCH STARTED -- 2 requests
Skipping updateAccountNonces for BERA debugging
Creating block JSON for BERA block 15529436 (0x5f95935a0fae709413029b1bc3c99ad832f40820f8e4b11159e18e3b18356298)...
Searching for 13 transactions in transactions_BERA...
Created block json containing 8 txFull items.
[TxProcessor] broadcasting block 15529436 (0x5f95935a0fae709413029b1bc3c99ad832f40820f8e4b11159e18e3b18356298)
BATCH COMPLETED
BATCH STARTED -- 10 requests
Skipping updateAccountNonces for BERA debugging
BATCH COMPLETED
BATCH STARTED -- 1 requests
Skipping updateAccountNonces for BERA debugging
BATCH COMPLETED
BATCH STARTED -- 1 requests
Skipping updateAccountNonces for BERA debugging
Creating block JSON for BERA block 15529437 (0xc70ec90da604daf88bbd35720984d6178256c93968f35d49565ca5140d5f756b)...
Searching for 17 transactions in transactions_BERA...
Created block json containing 7 txFull items.
[TxProcessor] broadcasting block 15529437 (0xc70ec90da604daf88bbd35720984d6178256c93968f35d49565ca5140d5f756b)
BATCH COMPLETED
BATCH STARTED -- 9 requests
Skipping updateAccountNonces for BERA debugging
BATCH COMPLETED
BATCH STARTED -- 7 requests
Skipping updateAccountNonces for BERA debugging
BATCH COMPLETED
BATCH STARTED -- 1 requests
Skipping updateAccountNonces for BERA debugging
Creating block JSON for BERA block 15529438 (0x2dcfa729c510d31516dcdf986ee7316e9e353ef2dcac30817de139f2f1c29cc4)...
Searching for 14 transactions in transactions_BERA...
Created block json containing 8 txFull items.
[TxProcessor] broadcasting block 15529438 (0x2dcfa729c510d31516dcdf986ee7316e9e353ef2dcac30817de139f2f1c29cc4)
BATCH COMPLETED
BATCH STARTED -- 10 requests
Skipping updateAccountNonces for BERA debugging
BATCH COMPLETED
BATCH STARTED -- 3 requests
Skipping updateAccountNonces for BERA debugging
BATCH COMPLETED
BATCH STARTED -- 1 requests
Skipping updateAccountNonces for BERA debugging
Creating block JSON for BERA block 15529439 (0xaa2fe8b63b5724f9e2bf1aa0b9d245cbf7b8510316c39469956ce9e7e9baa29d)...
Searching for 14 transactions in transactions_BERA...
Created block json containing 7 txFull items.
[TxProcessor] broadcasting block 15529439 (0xaa2fe8b63b5724f9e2bf1aa0b9d245cbf7b8510316c39469956ce9e7e9baa29d)
BATCH COMPLETED
BATCH STARTED -- 8 requests
Skipping updateAccountNonces for BERA debugging
BATCH COMPLETED
BATCH STARTED -- 5 requests
Skipping updateAccountNonces for BERA debugging
BATCH COMPLETED
BATCH STARTED -- 2 requests
Skipping updateAccountNonces for BERA debugging
Creating block JSON for BERA block 15529440 (0x7ecd066b2e35f800974f212bcb1b67db7d650adf03e7e02b768af6e2ecce6460)...
Searching for 18 transactions in transactions_BERA...
Created block json containing 8 txFull items.
[TxProcessor] broadcasting block 15529440 (0x7ecd066b2e35f800974f212bcb1b67db7d650adf03e7e02b768af6e2ecce6460)
BATCH COMPLETED
BATCH STARTED -- 10 requests
Skipping updateAccountNonces for BERA debugging
BATCH COMPLETED
BATCH STARTED -- 6 requests
Skipping updateAccountNonces for BERA debugging
BATCH COMPLETED
BATCH STARTED -- 3 requests
Skipping updateAccountNonces for BERA debugging
Creating block JSON for BERA block 15529441 (0x6a1f3e571586cacd3764f4e999acec44829dc9da40b78967f24a888c2f71e984)...
Searching for 7 transactions in transactions_BERA...
Created block json containing 7 txFull items.
[TxProcessor] broadcasting block 15529441 (0x6a1f3e571586cacd3764f4e999acec44829dc9da40b78967f24a888c2f71e984)
BATCH COMPLETED
BATCH STARTED -- 4 requests
Skipping updateAccountNonces for BERA debugging
BATCH COMPLETED
BATCH STARTED -- 3 requests
Skipping updateAccountNonces for BERA debugging
Creating block JSON for BERA block 15529442 (0xf0a31f3f5445e003a8e8b30ff21df06b894a8cd537729985568e57ec3a40cc0f)...
Searching for 8 transactions in transactions_BERA...
Created block json containing 8 txFull items.
[TxProcessor] broadcasting block 15529442 (0xf0a31f3f5445e003a8e8b30ff21df06b894a8cd537729985568e57ec3a40cc0f)
BATCH COMPLETED
BATCH STARTED -- 5 requests
Skipping updateAccountNonces for BERA debugging
BATCH COMPLETED
BATCH STARTED -- 1 requests
Skipping updateAccountNonces for BERA debugging
Creating block JSON for BERA block 15529443 (0x41753d6d5c08c00c15618b052ff9a80a1d4d415f915c1b25aeb1be2a84f8bdc8)...
Searching for 17 transactions in transactions_BERA...
Created block json containing 6 txFull items.
[TxProcessor] broadcasting block 15529443 (0x41753d6d5c08c00c15618b052ff9a80a1d4d415f915c1b25aeb1be2a84f8bdc8)
BATCH COMPLETED
BATCH STARTED -- 8 requests
Skipping updateAccountNonces for BERA debugging
BATCH COMPLETED
BATCH STARTED -- 8 requests
Skipping updateAccountNonces for BERA debugging
BATCH COMPLETED
BATCH STARTED -- 1 requests
Skipping updateAccountNonces for BERA debugging
Creating block JSON for BERA block 15529444 (0x86fdf35188ad7b4f444fcd70a9c4073e03151b49d4dd416db9f7a3d65bc07a36)...
Searching for 7 transactions in transactions_BERA...
Created block json containing 7 txFull items.
[TxProcessor] broadcasting block 15529444 (0x86fdf35188ad7b4f444fcd70a9c4073e03151b49d4dd416db9f7a3d65bc07a36)
BATCH COMPLETED
BATCH STARTED -- 6 requests
Skipping updateAccountNonces for BERA debugging
BATCH COMPLETED
BATCH STARTED -- 1 requests
Skipping updateAccountNonces for BERA debugging
Creating block JSON for BERA block 15529445 (0x39931019b975c52e2447ad20b78fbe141e9cb785f541785b1a85e99bf4920bc5)...
Searching for 9 transactions in transactions_BERA...
Created block json containing 9 txFull items.
[TxProcessor] broadcasting block 15529445 (0x39931019b975c52e2447ad20b78fbe141e9cb785f541785b1a85e99bf4920bc5)
BATCH COMPLETED
BATCH STARTED -- 8 requests
Skipping updateAccountNonces for BERA debugging
BATCH COMPLETED
BATCH STARTED -- 2 requests
Skipping updateAccountNonces for BERA debugging
Creating block JSON for BERA block 15529446 (0xd60fe516135a05f705aaf72f12ed05b714c10c7d317f38ca4be83e8e1d39acea)...
Searching for 7 transactions in transactions_BERA...
Created block json containing 7 txFull items.
[TxProcessor] broadcasting block 15529446 (0xd60fe516135a05f705aaf72f12ed05b714c10c7d317f38ca4be83e8e1d39acea)
BATCH COMPLETED
BATCH STARTED -- 5 requests
Skipping updateAccountNonces for BERA debugging
BATCH COMPLETED
BATCH STARTED -- 1 requests
Skipping updateAccountNonces for BERA debugging
Creating block JSON for BERA block 15529447 (0x5e9ca7fb58525811de6098e2080b11e3945f285b544c511175b4645f7d5893c6)...
Searching for 7 transactions in transactions_BERA...
Created block json containing 7 txFull items.
[TxProcessor] broadcasting block 15529447 (0x5e9ca7fb58525811de6098e2080b11e3945f285b544c511175b4645f7d5893c6)
BATCH COMPLETED
BATCH STARTED -- 6 requests
Skipping updateAccountNonces for BERA debugging
BATCH COMPLETED
BATCH STARTED -- 2 requests
Skipping updateAccountNonces for BERA debugging
Creating block JSON for BERA block 15529448 (0x870d5a57b5bbcaf87470da1d557b95234765cf460c8645f63a770626582930a9)...
Searching for 7 transactions in transactions_BERA...
Created block json containing 7 txFull items.
[TxProcessor] broadcasting block 15529448 (0x870d5a57b5bbcaf87470da1d557b95234765cf460c8645f63a770626582930a9)
BATCH COMPLETED
BATCH STARTED -- 5 requests
Skipping updateAccountNonces for BERA debugging
BATCH COMPLETED
BATCH STARTED -- 1 requests
Skipping updateAccountNonces for BERA debugging
Creating block JSON for BERA block 15529449 (0x78b6593d47fe20279738b55c2190c6b3a9565d7f30ba4eafed8d09ca5b4d468f)...
Searching for 7 transactions in transactions_BERA...
Created block json containing 7 txFull items.
[TxProcessor] broadcasting block 15529449 (0x78b6593d47fe20279738b55c2190c6b3a9565d7f30ba4eafed8d09ca5b4d468f)
BATCH COMPLETED
BATCH STARTED -- 6 requests
Skipping updateAccountNonces for BERA debugging
BATCH COMPLETED
BATCH STARTED -- 2 requests
Skipping updateAccountNonces for BERA debugging
Creating block JSON for BERA block 15529450 (0xec4c2589896ea57ec705f5eb0d5a00492a3c574cf5ca9b140ae249ef23b4e413)...
Searching for 8 transactions in transactions_BERA...
Created block json containing 8 txFull items.
[TxProcessor] broadcasting block 15529450 (0xec4c2589896ea57ec705f5eb0d5a00492a3c574cf5ca9b140ae249ef23b4e413)
BATCH COMPLETED
BATCH STARTED -- 6 requests
Skipping updateAccountNonces for BERA debugging
BATCH COMPLETED
BATCH STARTED -- 1 requests
Skipping updateAccountNonces for BERA debugging
Creating block JSON for BERA block 15529451 (0xd868d667ce0f626c6b71f71a4a34e3670ccdaa55a9243155110583e6f8887cb5)...
Searching for 7 transactions in transactions_BERA...
Created block json containing 7 txFull items.
[TxProcessor] broadcasting block 15529451 (0xd868d667ce0f626c6b71f71a4a34e3670ccdaa55a9243155110583e6f8887cb5)
BATCH COMPLETED
BATCH STARTED -- 6 requests
Skipping updateAccountNonces for BERA debugging
BATCH COMPLETED
BATCH STARTED -- 1 requests
Skipping updateAccountNonces for BERA debugging
Creating block JSON for BERA block 15529452 (0x2f9b1da4dbf95e7239f623b7254dfd1943485521266371ecad50300d011dc688)...
Searching for 3 transactions in transactions_BERA...
Created block json containing 3 txFull items.
[TxProcessor] broadcasting block 15529452 (0x2f9b1da4dbf95e7239f623b7254dfd1943485521266371ecad50300d011dc688)
BATCH COMPLETED
BATCH STARTED -- 2 requests
Skipping updateAccountNonces for BERA debugging
BATCH COMPLETED
BATCH STARTED -- 2 requests
Skipping updateAccountNonces for BERA debugging
Creating block JSON for BERA block 15529453 (0x31e862da10ae84497d7e404899a42c1bf7e09503bdebff562536da9fe5422081)...
Searching for 11 transactions in transactions_BERA...
Created block json containing 11 txFull items.
[TxProcessor] broadcasting block 15529453 (0x31e862da10ae84497d7e404899a42c1bf7e09503bdebff562536da9fe5422081)
BATCH COMPLETED
BATCH STARTED -- 9 requests
Skipping updateAccountNonces for BERA debugging
BATCH COMPLETED
BATCH STARTED -- 2 requests
Skipping updateAccountNonces for BERA debugging
Creating block JSON for BERA block 15529454 (0x623f39e1a1fc992587ee964ef5aceef1c66efa0bcac6b3eb644612eeed0bf6c1)...
Searching for 7 transactions in transactions_BERA...
Created block json containing 7 txFull items.
[TxProcessor] broadcasting block 15529454 (0x623f39e1a1fc992587ee964ef5aceef1c66efa0bcac6b3eb644612eeed0bf6c1)
BATCH COMPLETED
BATCH STARTED -- 5 requests
Skipping updateAccountNonces for BERA debugging
BATCH COMPLETED
BATCH STARTED -- 1 requests
Skipping updateAccountNonces for BERA debugging
Creating block JSON for BERA block 15529455 (0xeb45e9faf7b5d37bef2f9835c539ba0412e4074a7a03ec61ca9d8f4f65059086)...
Searching for 9 transactions in transactions_BERA...
Created block json containing 6 txFull items.
[TxProcessor] broadcasting block 15529455 (0xeb45e9faf7b5d37bef2f9835c539ba0412e4074a7a03ec61ca9d8f4f65059086)
BATCH COMPLETED
BATCH STARTED -- 8 requests
Skipping updateAccountNonces for BERA debugging
BATCH COMPLETED
BATCH STARTED -- 2 requests
Skipping updateAccountNonces for BERA debugging
Creating block JSON for BERA block 15529456 (0xb2cd9354b93a414ddc2ae8c585507dc8d82f56d586b0d99dd28f7d0be5b0ceb9)...
Searching for 6 transactions in transactions_BERA...
Created block json containing 6 txFull items.
[TxProcessor] broadcasting block 15529456 (0xb2cd9354b93a414ddc2ae8c585507dc8d82f56d586b0d99dd28f7d0be5b0ceb9)
BATCH COMPLETED
BATCH STARTED -- 4 requests
Skipping updateAccountNonces for BERA debugging
BATCH COMPLETED
BATCH STARTED -- 1 requests
Skipping updateAccountNonces for BERA debugging
Creating block JSON for BERA block 15529457 (0x56ebb110ae3ede0e2f4dc6dad084f818acbb822e28a9bba48086fafece4404e3)...
Searching for 15 transactions in transactions_BERA...
Created block json containing 6 txFull items.
[TxProcessor] broadcasting block 15529457 (0x56ebb110ae3ede0e2f4dc6dad084f818acbb822e28a9bba48086fafece4404e3)
BATCH COMPLETED
BATCH STARTED -- 8 requests
Skipping updateAccountNonces for BERA debugging
BATCH COMPLETED
BATCH STARTED -- 6 requests
Skipping updateAccountNonces for BERA debugging
BATCH COMPLETED
BATCH STARTED -- 7 requests
Skipping updateAccountNonces for BERA debugging
Creating block JSON for BERA block 15529458 (0xd367f092e9402022a5ece0f40d30fe029574eb2f103eda6f14d4021ac3ad7b8d)...
Searching for 7 transactions in transactions_BERA...
Created block json containing 7 txFull items.
[TxProcessor] broadcasting block 15529458 (0xd367f092e9402022a5ece0f40d30fe029574eb2f103eda6f14d4021ac3ad7b8d)
BATCH COMPLETED
BATCH STARTED -- 1 requests
Skipping updateAccountNonces for BERA debugging
Creating block JSON for BERA block 15529459 (0x57cff7ac1b324b5daed8bd5e26a5795869a67bb8fa56822b0a8c81f5c2765541)...
Searching for 10 transactions in transactions_BERA...
Created block json containing 7 txFull items.
[TxProcessor] broadcasting block 15529459 (0x57cff7ac1b324b5daed8bd5e26a5795869a67bb8fa56822b0a8c81f5c2765541)
BATCH COMPLETED
BATCH STARTED -- 9 requests
Skipping updateAccountNonces for BERA debugging
BATCH COMPLETED
BATCH STARTED -- 1 requests
Skipping updateAccountNonces for BERA debugging
Creating block JSON for BERA block 15529460 (0xf68071395a628aae520fa90c1e361d4b7bbba45a273010bdaf83fd8b64e4b6c4)...
Searching for 7 transactions in transactions_BERA...
Created block json containing 7 txFull items.
[TxProcessor] broadcasting block 15529460 (0xf68071395a628aae520fa90c1e361d4b7bbba45a273010bdaf83fd8b64e4b6c4)
BATCH COMPLETED
BATCH STARTED -- 6 requests
Skipping updateAccountNonces for BERA debugging
BATCH COMPLETED
BATCH STARTED -- 2 requests
Skipping updateAccountNonces for BERA debugging
Creating block JSON for BERA block 15529461 (0x3803b9c71c151ec9f598d00255b6ba4fffc6e6e710fd1dedc90503a829773de3)...
Searching for 11 transactions in transactions_BERA...
Created block json containing 9 txFull items.
[TxProcessor] broadcasting block 15529461 (0x3803b9c71c151ec9f598d00255b6ba4fffc6e6e710fd1dedc90503a829773de3)
BATCH COMPLETED
BATCH STARTED -- 9 requests
Skipping updateAccountNonces for BERA debugging
BATCH COMPLETED
BATCH STARTED -- 1 requests
Skipping updateAccountNonces for BERA debugging
Creating block JSON for BERA block 15529462 (0xe55ed19530aa181762dc9863a4fce16c678a2806798c7d042b4b0db572695c8b)...
Searching for 17 transactions in transactions_BERA...
Created block json containing 6 txFull items.
[TxProcessor] broadcasting block 15529462 (0xe55ed19530aa181762dc9863a4fce16c678a2806798c7d042b4b0db572695c8b)
BATCH COMPLETED
BATCH STARTED -- 9 requests
Skipping updateAccountNonces for BERA debugging
BATCH COMPLETED
BATCH STARTED -- 7 requests
Skipping updateAccountNonces for BERA debugging
BATCH COMPLETED
BATCH STARTED -- 2 requests
Skipping updateAccountNonces for BERA debugging
Creating block JSON for BERA block 15529463 (0x1fe576c2ea22c6603ac4a777c57c9e19e0929588a0c04e575c0b26725058eeeb)...
Searching for 12 transactions in transactions_BERA...
Created block json containing 9 txFull items.
[TxProcessor] broadcasting block 15529463 (0x1fe576c2ea22c6603ac4a777c57c9e19e0929588a0c04e575c0b26725058eeeb)
BATCH COMPLETED
BATCH STARTED -- 10 requests
Skipping updateAccountNonces for BERA debugging
BATCH COMPLETED
BATCH STARTED -- 2 requests
Skipping updateAccountNonces for BERA debugging
Creating block JSON for BERA block 15529464 (0xb8d54699c892c771a4e29a613045362c282dd09502650ab96d57993cdd9ed72f)...
Searching for 9 transactions in transactions_BERA...
Created block json containing 9 txFull items.
[TxProcessor] broadcasting block 15529464 (0xb8d54699c892c771a4e29a613045362c282dd09502650ab96d57993cdd9ed72f)
BATCH COMPLETED
BATCH STARTED -- 7 requests
Skipping updateAccountNonces for BERA debugging
BATCH COMPLETED
BATCH STARTED -- 2 requests
Skipping updateAccountNonces for BERA debugging
Creating block JSON for BERA block 15529465 (0x8f6c2c8408c3aa524e6a174676807db4c6ce8217aaaecec5557ab661544e4e80)...
Searching for 11 transactions in transactions_BERA...
Created block json containing 9 txFull items.
[TxProcessor] broadcasting block 15529465 (0x8f6c2c8408c3aa524e6a174676807db4c6ce8217aaaecec5557ab661544e4e80)
BATCH COMPLETED
BATCH STARTED -- 9 requests
Skipping updateAccountNonces for BERA debugging
BATCH COMPLETED
BATCH STARTED -- 2 requests
Skipping updateAccountNonces for BERA debugging
Creating block JSON for BERA block 15529466 (0x89733eedb2221b8ae96bfd0889f21e86bf518d2ee9f186c3b9186c4c8ae6d55d)...
Searching for 4 transactions in transactions_BERA...
Created block json containing 4 txFull items.
[TxProcessor] broadcasting block 15529466 (0x89733eedb2221b8ae96bfd0889f21e86bf518d2ee9f186c3b9186c4c8ae6d55d)
BATCH COMPLETED
BATCH STARTED -- 2 requests
Skipping updateAccountNonces for BERA debugging
BATCH COMPLETED
BATCH STARTED -- 1 requests
Skipping updateAccountNonces for BERA debugging
Creating block JSON for BERA block 15529467 (0x11ad68fda44ffa6e9816e571cb64b31e82c845789c2a24fd20b9bb30d325358d)...
Searching for 18 transactions in transactions_BERA...
Created block json containing 7 txFull items.
[TxProcessor] broadcasting block 15529467 (0x11ad68fda44ffa6e9816e571cb64b31e82c845789c2a24fd20b9bb30d325358d)
BATCH COMPLETED
BATCH STARTED -- 9 requests
Skipping updateAccountNonces for BERA debugging
BATCH COMPLETED
BATCH STARTED -- 8 requests
Skipping updateAccountNonces for BERA debugging
BATCH COMPLETED
BATCH STARTED -- 1 requests
Skipping updateAccountNonces for BERA debugging
Creating block JSON for BERA block 15529468 (0x09a8b3d13f1fd6f834df01b59a70486689942e1c0674d8df063807aa05bfa404)...
Searching for 11 transactions in transactions_BERA...
Created block json containing 6 txFull items.
[TxProcessor] broadcasting block 15529468 (0x09a8b3d13f1fd6f834df01b59a70486689942e1c0674d8df063807aa05bfa404)
BATCH COMPLETED
BATCH STARTED -- 9 requests
Skipping updateAccountNonces for BERA debugging
BATCH COMPLETED
BATCH STARTED -- 1 requests
Skipping updateAccountNonces for BERA debugging
BATCH COMPLETED
BATCH STARTED -- 1 requests
Skipping updateAccountNonces for BERA debugging
Creating block JSON for BERA block 15529469 (0xe218f330e4c7e34070e464a60c18738908a474bb2fab20137fe029d07b7a2341)...
Searching for 10 transactions in transactions_BERA...
Created block json containing 10 txFull items.
[TxProcessor] broadcasting block 15529469 (0xe218f330e4c7e34070e464a60c18738908a474bb2fab20137fe029d07b7a2341)
BATCH COMPLETED
BATCH STARTED -- 9 requests
Skipping updateAccountNonces for BERA debugging
BATCH COMPLETED
BATCH STARTED -- 1 requests
Skipping updateAccountNonces for BERA debugging
Creating block JSON for BERA block 15529470 (0xed1af8e95cdb9a6fcce94338ab15ca92187474c019b7fa4c1b830add40d0f901)...
Searching for 11 transactions in transactions_BERA...
Created block json containing 7 txFull items.
[TxProcessor] broadcasting block 15529470 (0xed1af8e95cdb9a6fcce94338ab15ca92187474c019b7fa4c1b830add40d0f901)
BATCH COMPLETED
BATCH STARTED -- 10 requests
Skipping updateAccountNonces for BERA debugging
BATCH COMPLETED
BATCH STARTED -- 7 requests
Skipping updateAccountNonces for BERA debugging
Creating block JSON for BERA block 15529471 (0xd1153919224e55a1593d97d6ade6531789f989caf691efe1d428fa25fb34997d)...
Searching for 7 transactions in transactions_BERA...
Created block json containing 7 txFull items.
[TxProcessor] broadcasting block 15529471 (0xd1153919224e55a1593d97d6ade6531789f989caf691efe1d428fa25fb34997d)
BATCH COMPLETED
BATCH STARTED -- 1 requests
Skipping updateAccountNonces for BERA debugging
Creating block JSON for BERA block 15529472 (0xa8d7784bd15230e488b7d23c591c5ab9671020abe9ce7b122c84ea468dbfa3a1)...
Searching for 14 transactions in transactions_BERA...
Created block json containing 7 txFull items.
[TxProcessor] broadcasting block 15529472 (0xa8d7784bd15230e488b7d23c591c5ab9671020abe9ce7b122c84ea468dbfa3a1)
BATCH COMPLETED
BATCH STARTED -- 9 requests
Skipping updateAccountNonces for BERA debugging
BATCH COMPLETED
BATCH STARTED -- 4 requests
Skipping updateAccountNonces for BERA debugging
BATCH COMPLETED
BATCH STARTED -- 1 requests
Skipping updateAccountNonces for BERA debugging
Creating block JSON for BERA block 15529473 (0x945045bc1b4322a84088e6e291da29f7ffef48f3d5e447d1b1f46381e29da78b)...
Searching for 6 transactions in transactions_BERA...
Created block json containing 6 txFull items.
[TxProcessor] broadcasting block 15529473 (0x945045bc1b4322a84088e6e291da29f7ffef48f3d5e447d1b1f46381e29da78b)
BATCH COMPLETED
BATCH STARTED -- 5 requests
Skipping updateAccountNonces for BERA debugging
BATCH COMPLETED
BATCH STARTED -- 5 requests
Skipping updateAccountNonces for BERA debugging
Creating block JSON for BERA block 15529474 (0x6973239b2c8dcafe489b5b109f5867f76e668d71f96ed3e20a49d041ceae36a5)...
Searching for 11 transactions in transactions_BERA...
Created block json containing 11 txFull items.
[TxProcessor] broadcasting block 15529474 (0x6973239b2c8dcafe489b5b109f5867f76e668d71f96ed3e20a49d041ceae36a5)
BATCH COMPLETED
BATCH STARTED -- 6 requests
Skipping updateAccountNonces for BERA debugging
BATCH COMPLETED
BATCH STARTED -- 2 requests
Skipping updateAccountNonces for BERA debugging
Creating block JSON for BERA block 15529475 (0xe979d264024392d7b513e42cb66f9601ff97552c9bbde61e3bc05a081e07eea8)...
Searching for 11 transactions in transactions_BERA...
Created block json containing 9 txFull items.
[TxProcessor] broadcasting block 15529475 (0xe979d264024392d7b513e42cb66f9601ff97552c9bbde61e3bc05a081e07eea8)
BATCH COMPLETED
BATCH STARTED -- 9 requests
Skipping updateAccountNonces for BERA debugging
BATCH COMPLETED
BATCH STARTED -- 2 requests
Skipping updateAccountNonces for BERA debugging
Creating block JSON for BERA block 15529476 (0xd74a79c25b1038e5cb98397dc7d37a630c5bbdf9ac907eb9f95a2ae3ecdf0ec5)...
Searching for 6 transactions in transactions_BERA...
Created block json containing 6 txFull items.
[TxProcessor] broadcasting block 15529476 (0xd74a79c25b1038e5cb98397dc7d37a630c5bbdf9ac907eb9f95a2ae3ecdf0ec5)
BATCH COMPLETED
BATCH STARTED -- 4 requests
Skipping updateAccountNonces for BERA debugging
BATCH COMPLETED
BATCH STARTED -- 2 requests
Skipping updateAccountNonces for BERA debugging
Creating block JSON for BERA block 15529477 (0x972d1229c0e3a086bce3be00c1d56bef73e592c5dec95285a7eab354b6ba9621)...
Searching for 5 transactions in transactions_BERA...
Created block json containing 5 txFull items.
[TxProcessor] broadcasting block 15529477 (0x972d1229c0e3a086bce3be00c1d56bef73e592c5dec95285a7eab354b6ba9621)
BATCH COMPLETED
BATCH STARTED -- 3 requests
Skipping updateAccountNonces for BERA debugging
BATCH COMPLETED
BATCH STARTED -- 1 requests
Skipping updateAccountNonces for BERA debugging
Creating block JSON for BERA block 15529478 (0xbdea41c1fa835e4cb541737019e774580d7ec2ef55330a697b3d221b3e211384)...
Searching for 9 transactions in transactions_BERA...
Created block json containing 7 txFull items.
[TxProcessor] broadcasting block 15529478 (0xbdea41c1fa835e4cb541737019e774580d7ec2ef55330a697b3d221b3e211384)
BATCH COMPLETED
BATCH STARTED -- 8 requests
Skipping updateAccountNonces for BERA debugging
BATCH COMPLETED
BATCH STARTED -- 3 requests
Skipping updateAccountNonces for BERA debugging
Creating block JSON for BERA block 15529479 (0x1da453acbf53f9619421b783381293d743ac8c3c4aa24d799f779899b7d1a81e)...
Searching for 9 transactions in transactions_BERA...
Created block json containing 9 txFull items.
[TxProcessor] broadcasting block 15529479 (0x1da453acbf53f9619421b783381293d743ac8c3c4aa24d799f779899b7d1a81e)
BATCH COMPLETED
BATCH STARTED -- 6 requests
Skipping updateAccountNonces for BERA debugging
BATCH COMPLETED
BATCH STARTED -- 1 requests
Skipping updateAccountNonces for BERA debugging
Creating block JSON for BERA block 15529480 (0xbd333c82fcec1c397fded562c8378ccd5f85b487c11c5e42830a99f613a9a174)...
Searching for 7 transactions in transactions_BERA...
Created block json containing 7 txFull items.
[TxProcessor] broadcasting block 15529480 (0xbd333c82fcec1c397fded562c8378ccd5f85b487c11c5e42830a99f613a9a174)
BATCH COMPLETED
BATCH STARTED -- 6 requests
Skipping updateAccountNonces for BERA debugging
BATCH COMPLETED
BATCH STARTED -- 2 requests
Skipping updateAccountNonces for BERA debugging
Creating block JSON for BERA block 15529481 (0xdb82d32bc7a3e58e07a976d0b0bb7601f3b4966d377c79ee8bf4df9eeebdc339)...
Searching for 11 transactions in transactions_BERA...
Created block json containing 9 txFull items.
[TxProcessor] broadcasting block 15529481 (0xdb82d32bc7a3e58e07a976d0b0bb7601f3b4966d377c79ee8bf4df9eeebdc339)
BATCH COMPLETED
BATCH STARTED -- 9 requests
Skipping updateAccountNonces for BERA debugging
BATCH COMPLETED
BATCH STARTED -- 2 requests
Skipping updateAccountNonces for BERA debugging
Creating block JSON for BERA block 15529482 (0x6b5ba654e6ac06866d4a795551e2f2b707a03b36c7f56af03fdc6b19ad3af8eb)...
Searching for 5 transactions in transactions_BERA...
Created block json containing 5 txFull items.
[TxProcessor] broadcasting block 15529482 (0x6b5ba654e6ac06866d4a795551e2f2b707a03b36c7f56af03fdc6b19ad3af8eb)
BATCH COMPLETED
BATCH STARTED -- 3 requests
Skipping updateAccountNonces for BERA debugging
BATCH COMPLETED
BATCH STARTED -- 1 requests
Skipping updateAccountNonces for BERA debugging
Creating block JSON for BERA block 15529483 (0x3fb5970434d80cd0af5def0ba5e3825847e1c5b1b8158676ca2026da969bd126)...
Searching for 11 transactions in transactions_BERA...
Created block json containing 6 txFull items.
[TxProcessor] broadcasting block 15529483 (0x3fb5970434d80cd0af5def0ba5e3825847e1c5b1b8158676ca2026da969bd126)
BATCH COMPLETED
BATCH STARTED -- 8 requests
Skipping updateAccountNonces for BERA debugging
BATCH COMPLETED
BATCH STARTED -- 2 requests
Skipping updateAccountNonces for BERA debugging
BATCH COMPLETED
BATCH STARTED -- 1 requests
Skipping updateAccountNonces for BERA debugging
Creating block JSON for BERA block 15529484 (0xa264d773491af2f9c74c041d159c5c692fa190ff50626c178883868572124d23)...
Searching for 5 transactions in transactions_BERA...
Created block json containing 5 txFull items.
[TxProcessor] broadcasting block 15529484 (0xa264d773491af2f9c74c041d159c5c692fa190ff50626c178883868572124d23)
BATCH COMPLETED
BATCH STARTED -- 4 requests
Skipping updateAccountNonces for BERA debugging
BATCH COMPLETED
BATCH STARTED -- 2 requests
Skipping updateAccountNonces for BERA debugging
Creating block JSON for BERA block 15529485 (0x4411ee3e7fe59b2be8c482f073e821f6645642354e1cd15aa8297c99a6415ef9)...
Searching for 7 transactions in transactions_BERA...
Created block json containing 7 txFull items.
[TxProcessor] broadcasting block 15529485 (0x4411ee3e7fe59b2be8c482f073e821f6645642354e1cd15aa8297c99a6415ef9)
BATCH COMPLETED
BATCH STARTED -- 5 requests
Skipping updateAccountNonces for BERA debugging
BATCH COMPLETED
BATCH STARTED -- 1 requests
Skipping updateAccountNonces for BERA debugging
Creating block JSON for BERA block 15529486 (0xfe15e03a746548485c84f3d63948442b7ba5dfc0404aa0d86d5c20bc6504744f)...
Searching for 10 transactions in transactions_BERA...
Created block json containing 7 txFull items.
[TxProcessor] broadcasting block 15529486 (0xfe15e03a746548485c84f3d63948442b7ba5dfc0404aa0d86d5c20bc6504744f)
BATCH COMPLETED
BATCH STARTED -- 8 requests
Skipping updateAccountNonces for BERA debugging
BATCH COMPLETED
BATCH STARTED -- 1 requests
Skipping updateAccountNonces for BERA debugging
BATCH COMPLETED
BATCH STARTED -- 1 requests
Skipping updateAccountNonces for BERA debugging
Creating block JSON for BERA block 15529487 (0x8a12c6520dd9965cf207fe9bed5eed27bf51ebdc52bdbd10e1829df7f5d68d05)...
Searching for 8 transactions in transactions_BERA...
Created block json containing 6 txFull items.
[TxProcessor] broadcasting block 15529487 (0x8a12c6520dd9965cf207fe9bed5eed27bf51ebdc52bdbd10e1829df7f5d68d05)
BATCH COMPLETED
BATCH STARTED -- 7 requests
Skipping updateAccountNonces for BERA debugging
BATCH COMPLETED
BATCH STARTED -- 2 requests
Skipping updateAccountNonces for BERA debugging
Creating block JSON for BERA block 15529488 (0x3980d981e54c37f974691924085d06a63e8882c20b18c1fa7f58c08c8346a53a)...
Searching for 9 transactions in transactions_BERA...
Created block json containing 8 txFull items.
[TxProcessor] broadcasting block 15529488 (0x3980d981e54c37f974691924085d06a63e8882c20b18c1fa7f58c08c8346a53a)
BATCH COMPLETED
BATCH STARTED -- 7 requests
Skipping updateAccountNonces for BERA debugging
BATCH COMPLETED
BATCH STARTED -- 1 requests
Skipping updateAccountNonces for BERA debugging
Creating block JSON for BERA block 15529489 (0x3e4f35b9c4b5a7cc8455fbe865bd00f53a7d155d104a23a9216da2fc49065ce8)...
Searching for 9 transactions in transactions_BERA...
Created block json containing 7 txFull items.
[TxProcessor] broadcasting block 15529489 (0x3e4f35b9c4b5a7cc8455fbe865bd00f53a7d155d104a23a9216da2fc49065ce8)
BATCH COMPLETED
BATCH STARTED -- 8 requests
Skipping updateAccountNonces for BERA debugging
BATCH COMPLETED
BATCH STARTED -- 1 requests
Skipping updateAccountNonces for BERA debugging
Creating block JSON for BERA block 15529490 (0x41f0456a4b82a2c787596fc59e4abcc4943682f168569eb45c7591eca9dc91d2)...
Searching for 8 transactions in transactions_BERA...
Created block json containing 7 txFull items.
[TxProcessor] broadcasting block 15529490 (0x41f0456a4b82a2c787596fc59e4abcc4943682f168569eb45c7591eca9dc91d2)
BATCH COMPLETED
BATCH STARTED -- 7 requests
Skipping updateAccountNonces for BERA debugging
BATCH COMPLETED
BATCH STARTED -- 2 requests
Skipping updateAccountNonces for BERA debugging
Creating block JSON for BERA block 15529491 (0x05c7016acee0c9f5a5a9fd3516ad224790a0d8e72c2d076c77cd78e75ce96db6)...
Searching for 8 transactions in transactions_BERA...
Created block json containing 8 txFull items.
[TxProcessor] broadcasting block 15529491 (0x05c7016acee0c9f5a5a9fd3516ad224790a0d8e72c2d076c77cd78e75ce96db6)
BATCH COMPLETED
BATCH STARTED -- 6 requests
Skipping updateAccountNonces for BERA debugging
BATCH COMPLETED
BATCH STARTED -- 2 requests
Skipping updateAccountNonces for BERA debugging
Creating block JSON for BERA block 15529492 (0xcd702af412db2815d6b82ac06ab606bfb8326a15072838b26adc412ba6145083)...
Searching for 18 transactions in transactions_BERA...
Created block json containing 9 txFull items.
[TxProcessor] broadcasting block 15529492 (0xcd702af412db2815d6b82ac06ab606bfb8326a15072838b26adc412ba6145083)
BATCH COMPLETED
BATCH STARTED -- 10 requests
Skipping updateAccountNonces for BERA debugging
BATCH COMPLETED
BATCH STARTED -- 6 requests
Skipping updateAccountNonces for BERA debugging
BATCH COMPLETED
BATCH STARTED -- 1 requests
Skipping updateAccountNonces for BERA debugging
Creating block JSON for BERA block 15529493 (0x4955b25201d0e7f7ae8b7b7ad7a5426e677eeacffa183b030777b7c6c7c0b375)...
Searching for 17 transactions in transactions_BERA...
Created block json containing 6 txFull items.
[TxProcessor] broadcasting block 15529493 (0x4955b25201d0e7f7ae8b7b7ad7a5426e677eeacffa183b030777b7c6c7c0b375)
BATCH COMPLETED
BATCH STARTED -- 8 requests
Skipping updateAccountNonces for BERA debugging
BATCH COMPLETED
BATCH STARTED -- 8 requests
Skipping updateAccountNonces for BERA debugging
BATCH COMPLETED
BATCH STARTED -- 2 requests
Skipping updateAccountNonces for BERA debugging
Creating block JSON for BERA block 15529494 (0x3bd53d4e8accbc5b39925cd9f4e27bbb59bbe555f79f674f1254c3898c439f72)...
Searching for 16 transactions in transactions_BERA...
Created block json containing 9 txFull items.
[TxProcessor] broadcasting block 15529494 (0x3bd53d4e8accbc5b39925cd9f4e27bbb59bbe555f79f674f1254c3898c439f72)
BATCH COMPLETED
BATCH STARTED -- 11 requests
Skipping updateAccountNonces for BERA debugging
BATCH COMPLETED
BATCH STARTED -- 3 requests
Skipping updateAccountNonces for BERA debugging
BATCH COMPLETED
BATCH STARTED -- 1 requests
Skipping updateAccountNonces for BERA debugging
Creating block JSON for BERA block 15529495 (0xd5bdf7ffe5ea0fb9c5661a5050a9d3dcdf132aa012107447ddbddbf20a2cfc07)...
Searching for 11 transactions in transactions_BERA...
Created block json containing 5 txFull items.
[TxProcessor] broadcasting block 15529495 (0xd5bdf7ffe5ea0fb9c5661a5050a9d3dcdf132aa012107447ddbddbf20a2cfc07)
BATCH COMPLETED
BATCH STARTED -- 7 requests
Skipping updateAccountNonces for BERA debugging
BATCH COMPLETED
BATCH STARTED -- 3 requests
Skipping updateAccountNonces for BERA debugging
BATCH COMPLETED
BATCH STARTED -- 1 requests
Skipping updateAccountNonces for BERA debugging
Creating block JSON for BERA block 15529496 (0x798c1fa75576ccb7a21e9c5fd9085a3c90d2175781c996745a08bca397de3941)...
Searching for 11 transactions in transactions_BERA...
Created block json containing 7 txFull items.
[TxProcessor] broadcasting block 15529496 (0x798c1fa75576ccb7a21e9c5fd9085a3c90d2175781c996745a08bca397de3941)
BATCH COMPLETED
BATCH STARTED -- 8 requests
Skipping updateAccountNonces for BERA debugging
BATCH COMPLETED
BATCH STARTED -- 2 requests
Skipping updateAccountNonces for BERA debugging
BATCH COMPLETED
BATCH STARTED -- 2 requests
Skipping updateAccountNonces for BERA debugging
Creating block JSON for BERA block 15529497 (0xba5ef3808c25412c9c52a6a6f52bbf63b83762cde620efdae88ac38d19e72546)...
Searching for 14 transactions in transactions_BERA...
Created block json containing 9 txFull items.
[TxProcessor] broadcasting block 15529497 (0xba5ef3808c25412c9c52a6a6f52bbf63b83762cde620efdae88ac38d19e72546)
BATCH COMPLETED
BATCH STARTED -- 11 requests
Skipping updateAccountNonces for BERA debugging
BATCH COMPLETED
BATCH STARTED -- 1 requests
Skipping updateAccountNonces for BERA debugging
BATCH COMPLETED
BATCH STARTED -- 2 requests
Skipping updateAccountNonces for BERA debugging
Creating block JSON for BERA block 15529498 (0x23885a83c378e104a111322215fee87f3835ca0009b42a7e63222603fc6a3da7)...
Searching for 10 transactions in transactions_BERA...
Created block json containing 9 txFull items.
[TxProcessor] broadcasting block 15529498 (0x23885a83c378e104a111322215fee87f3835ca0009b42a7e63222603fc6a3da7)
BATCH COMPLETED
BATCH STARTED -- 8 requests
Skipping updateAccountNonces for BERA debugging
BATCH COMPLETED
BATCH STARTED -- 1 requests
Skipping updateAccountNonces for BERA debugging
Creating block JSON for BERA block 15529499 (0x7a7120a8a7d8491534f429575364a2ad025b7fbe2f11d8f5c5f8fb6f9a92ca2c)...
Searching for 8 transactions in transactions_BERA...
Created block json containing 7 txFull items.
[TxProcessor] broadcasting block 15529499 (0x7a7120a8a7d8491534f429575364a2ad025b7fbe2f11d8f5c5f8fb6f9a92ca2c)
BATCH COMPLETED
BATCH STARTED -- 7 requests
Skipping updateAccountNonces for BERA debugging
BATCH COMPLETED
BATCH STARTED -- 2 requests
Skipping updateAccountNonces for BERA debugging
Creating block JSON for BERA block 15529500 (0x927b0e01140468f5f78a4f6acdbb7b3db02a3a2df24e30fe4810333bde4dd136)...
Searching for 6 transactions in transactions_BERA...
Created block json containing 6 txFull items.
[TxProcessor] broadcasting block 15529500 (0x927b0e01140468f5f78a4f6acdbb7b3db02a3a2df24e30fe4810333bde4dd136)
BATCH COMPLETED
BATCH STARTED -- 4 requests
Skipping updateAccountNonces for BERA debugging
BATCH COMPLETED
BATCH STARTED -- 1 requests
Skipping updateAccountNonces for BERA debugging
Creating block JSON for BERA block 15529501 (0xdd3324dee60bc4e0b452062dfb7261d97572f950652d90960d06e3caead86629)...
Searching for 8 transactions in transactions_BERA...
Created block json containing 6 txFull items.
[TxProcessor] broadcasting block 15529501 (0xdd3324dee60bc4e0b452062dfb7261d97572f950652d90960d06e3caead86629)
BATCH COMPLETED
BATCH STARTED -- 7 requests
Skipping updateAccountNonces for BERA debugging
BATCH COMPLETED
BATCH STARTED -- 1 requests
Skipping updateAccountNonces for BERA debugging
Creating block JSON for BERA block 15529502 (0x32789a5ed1fd41c51a1973abad5a578eea70867951fda3a3ec79e15dc44c47f2)...
Searching for 8 transactions in transactions_BERA...
Created block json containing 7 txFull items.
[TxProcessor] broadcasting block 15529502 (0x32789a5ed1fd41c51a1973abad5a578eea70867951fda3a3ec79e15dc44c47f2)
BATCH COMPLETED
BATCH STARTED -- 7 requests
Skipping updateAccountNonces for BERA debugging
BATCH COMPLETED
BATCH STARTED -- 2 requests
Skipping updateAccountNonces for BERA debugging
Creating block JSON for BERA block 15529503 (0x29326413cb7768ad72d4ba8ed8feea7625192812a508e8b303404499cd80fc85)...
Searching for 11 transactions in transactions_BERA...
Created block json containing 8 txFull items.
[TxProcessor] broadcasting block 15529503 (0x29326413cb7768ad72d4ba8ed8feea7625192812a508e8b303404499cd80fc85)
BATCH COMPLETED
BATCH STARTED -- 9 requests
Skipping updateAccountNonces for BERA debugging
BATCH COMPLETED
BATCH STARTED -- 2 requests
Skipping updateAccountNonces for BERA debugging
Creating block JSON for BERA block 15529504 (0x262a8bef46307d90e720f278dc6b44624c61d51c6a18dcfdcd0e72307e7fac15)...
Searching for 10 transactions in transactions_BERA...
Created block json containing 8 txFull items.
[TxProcessor] broadcasting block 15529504 (0x262a8bef46307d90e720f278dc6b44624c61d51c6a18dcfdcd0e72307e7fac15)
BATCH COMPLETED
BATCH STARTED -- 8 requests
Skipping updateAccountNonces for BERA debugging
BATCH COMPLETED
BATCH STARTED -- 2 requests
Skipping updateAccountNonces for BERA debugging
Creating block JSON for BERA block 15529505 (0xd277e665b23186ba232b992904d5bceb718e483d7c02f3052f0c67592e9c87e4)...
Searching for 6 transactions in transactions_BERA...
Created block json containing 6 txFull items.
[TxProcessor] broadcasting block 15529505 (0xd277e665b23186ba232b992904d5bceb718e483d7c02f3052f0c67592e9c87e4)
BATCH COMPLETED
BATCH STARTED -- 4 requests
Skipping updateAccountNonces for BERA debugging
BATCH COMPLETED
BATCH STARTED -- 1 requests
Skipping updateAccountNonces for BERA debugging
Creating block JSON for BERA block 15529506 (0xd9b793fb9d48e227e125a2cbd1853bd4935c97ac232dc2c2b7c26815a62b95cb)...
Searching for 9 transactions in transactions_BERA...
Created block json containing 7 txFull items.
[TxProcessor] broadcasting block 15529506 (0xd9b793fb9d48e227e125a2cbd1853bd4935c97ac232dc2c2b7c26815a62b95cb)
BATCH COMPLETED
BATCH STARTED -- 8 requests
Skipping updateAccountNonces for BERA debugging
BATCH COMPLETED
BATCH STARTED -- 1 requests
Skipping updateAccountNonces for BERA debugging
Creating block JSON for BERA block 15529507 (0x9f68610e8a9a671cb0537e3c15ae7ced7020fe1477cabde3e09fddfda944b890)...
Searching for 8 transactions in transactions_BERA...
Created block json containing 7 txFull items.
[TxProcessor] broadcasting block 15529507 (0x9f68610e8a9a671cb0537e3c15ae7ced7020fe1477cabde3e09fddfda944b890)
BATCH COMPLETED
BATCH STARTED -- 7 requests
Skipping updateAccountNonces for BERA debugging
BATCH COMPLETED
BATCH STARTED -- 1 requests
Skipping updateAccountNonces for BERA debugging
Creating block JSON for BERA block 15529508 (0x7ad3999344b789a2e68b014c46677174260feaef5dbafcff8fc6779f63acead9)...
Searching for 7 transactions in transactions_BERA...
Created block json containing 7 txFull items.
[TxProcessor] broadcasting block 15529508 (0x7ad3999344b789a2e68b014c46677174260feaef5dbafcff8fc6779f63acead9)
BATCH COMPLETED
BATCH STARTED -- 6 requests
Skipping updateAccountNonces for BERA debugging
BATCH COMPLETED
BATCH STARTED -- 2 requests
Skipping updateAccountNonces for BERA debugging
Creating block JSON for BERA block 15529509 (0xa76fe7a655d8a06556fcb5840f1787c89c15629936deefeb855af969cdc57e19)...
Searching for 6 transactions in transactions_BERA...
Created block json containing 6 txFull items.
[TxProcessor] broadcasting block 15529509 (0xa76fe7a655d8a06556fcb5840f1787c89c15629936deefeb855af969cdc57e19)
BATCH COMPLETED
BATCH STARTED -- 4 requests
Skipping updateAccountNonces for BERA debugging
BATCH COMPLETED
BATCH STARTED -- 1 requests
Skipping updateAccountNonces for BERA debugging
Creating block JSON for BERA block 15529510 (0x8ee4a150152c388f588f25f3165047aff72a52317e1089a7c7c326e298064154)...
Searching for 6 transactions in transactions_BERA...
Created block json containing 6 txFull items.
[TxProcessor] broadcasting block 15529510 (0x8ee4a150152c388f588f25f3165047aff72a52317e1089a7c7c326e298064154)
BATCH COMPLETED
BATCH STARTED -- 5 requests
Skipping updateAccountNonces for BERA debugging
BATCH COMPLETED
BATCH STARTED -- 2 requests
Skipping updateAccountNonces for BERA debugging
Creating block JSON for BERA block 15529511 (0xa286b15ace39ac21ec6f121f7ec5f62872488bd3aaa18b2070dfcc8f88dddf40)...
Searching for 6 transactions in transactions_BERA...
Created block json containing 6 txFull items.
[TxProcessor] broadcasting block 15529511 (0xa286b15ace39ac21ec6f121f7ec5f62872488bd3aaa18b2070dfcc8f88dddf40)
BATCH COMPLETED
BATCH STARTED -- 4 requests
Skipping updateAccountNonces for BERA debugging
BATCH COMPLETED
BATCH STARTED -- 1 requests
Skipping updateAccountNonces for BERA debugging
Creating block JSON for BERA block 15529512 (0xdfda08030bdac36c864e48aa2fd7b6bf6a07f30eb0acd0036c89b642bbaa2072)...
Searching for 9 transactions in transactions_BERA...
Created block json containing 6 txFull items.
[TxProcessor] broadcasting block 15529512 (0xdfda08030bdac36c864e48aa2fd7b6bf6a07f30eb0acd0036c89b642bbaa2072)
BATCH COMPLETED
BATCH STARTED -- 8 requests
Skipping updateAccountNonces for BERA debugging
BATCH COMPLETED
BATCH STARTED -- 2 requests
Skipping updateAccountNonces for BERA debugging
Creating block JSON for BERA block 15529513 (0x47236d8aabe06779a3bedc930fa60caa43c2c442ae4145b4f51fba8a1c2c9d0e)...
Searching for 11 transactions in transactions_BERA...
Created block json containing 9 txFull items.
[TxProcessor] broadcasting block 15529513 (0x47236d8aabe06779a3bedc930fa60caa43c2c442ae4145b4f51fba8a1c2c9d0e)
BATCH COMPLETED
BATCH STARTED -- 9 requests
Skipping updateAccountNonces for BERA debugging
BATCH COMPLETED
BATCH STARTED -- 2 requests
Skipping updateAccountNonces for BERA debugging
Creating block JSON for BERA block 15529514 (0xdb4ff7f18aa67e2f75f6e16be4dddab0caeed435d0ecc9901af2431ee01cfcd1)...
Searching for 12 transactions in transactions_BERA...
Created block json containing 9 txFull items.
[TxProcessor] broadcasting block 15529514 (0xdb4ff7f18aa67e2f75f6e16be4dddab0caeed435d0ecc9901af2431ee01cfcd1)
BATCH COMPLETED
BATCH STARTED -- 10 requests
Skipping updateAccountNonces for BERA debugging
BATCH COMPLETED
BATCH STARTED -- 2 requests
Skipping updateAccountNonces for BERA debugging
Creating block JSON for BERA block 15529515 (0x8baee91877a4bc472bc30b2911437460a2206ed03a78a53305c1140bdbe5c324)...
Searching for 6 transactions in transactions_BERA...
Created block json containing 6 txFull items.
[TxProcessor] broadcasting block 15529515 (0x8baee91877a4bc472bc30b2911437460a2206ed03a78a53305c1140bdbe5c324)
BATCH COMPLETED
BATCH STARTED -- 4 requests
Skipping updateAccountNonces for BERA debugging
BATCH COMPLETED
BATCH STARTED -- 1 requests
Skipping updateAccountNonces for BERA debugging
Creating block JSON for BERA block 15529516 (0xdc2a91af3472468dc3ddb9f0aa4703811508b9a63dbd49997d8d98278fb0ec91)...
Searching for 10 transactions in transactions_BERA...
Created block json containing 7 txFull items.
[TxProcessor] broadcasting block 15529516 (0xdc2a91af3472468dc3ddb9f0aa4703811508b9a63dbd49997d8d98278fb0ec91)
BATCH COMPLETED
BATCH STARTED -- 8 requests
Skipping updateAccountNonces for BERA debugging
BATCH COMPLETED
BATCH STARTED -- 1 requests
Skipping updateAccountNonces for BERA debugging
BATCH COMPLETED
BATCH STARTED -- 2 requests
Skipping updateAccountNonces for BERA debugging
Creating block JSON for BERA block 15529517 (0x776a5f2681f480596456e7f70e84ac4330e4daf9adb4bbdbd6538abef254421a)...
Searching for 9 transactions in transactions_BERA...
Created block json containing 8 txFull items.
[TxProcessor] broadcasting block 15529517 (0x776a5f2681f480596456e7f70e84ac4330e4daf9adb4bbdbd6538abef254421a)
BATCH COMPLETED
BATCH STARTED -- 7 requests
Skipping updateAccountNonces for BERA debugging
BATCH COMPLETED
BATCH STARTED -- 2 requests
Skipping updateAccountNonces for BERA debugging
Creating block JSON for BERA block 15529518 (0x508316881358447a2a332310bd9a40e25a4777f68ae4b29afc1a71b8281f11cb)...
Searching for 8 transactions in transactions_BERA...
Created block json containing 8 txFull items.
[TxProcessor] broadcasting block 15529518 (0x508316881358447a2a332310bd9a40e25a4777f68ae4b29afc1a71b8281f11cb)
BATCH COMPLETED
BATCH STARTED -- 6 requests
Skipping updateAccountNonces for BERA debugging
BATCH COMPLETED
BATCH STARTED -- 2 requests
Skipping updateAccountNonces for BERA debugging
Creating block JSON for BERA block 15529519 (0x214046096b25e2c8deae3f50074d0f2eed1230799c07a3dcad28971e7c89ed4c)...
Searching for 5 transactions in transactions_BERA...
Created block json containing 5 txFull items.
[TxProcessor] broadcasting block 15529519 (0x214046096b25e2c8deae3f50074d0f2eed1230799c07a3dcad28971e7c89ed4c)
BATCH COMPLETED
BATCH STARTED -- 3 requests
Skipping updateAccountNonces for BERA debugging
BATCH COMPLETED
BATCH STARTED -- 1 requests
Skipping updateAccountNonces for BERA debugging
Creating block JSON for BERA block 15529520 (0x2cca4383cec15fd7cc217b84f8e83928f4c76a195d0b2aff3ba90cf7d59aab2a)...
Searching for 10 transactions in transactions_BERA...
Created block json containing 7 txFull items.
[TxProcessor] broadcasting block 15529520 (0x2cca4383cec15fd7cc217b84f8e83928f4c76a195d0b2aff3ba90cf7d59aab2a)
BATCH COMPLETED
BATCH STARTED -- 9 requests
Skipping updateAccountNonces for BERA debugging
BATCH COMPLETED
BATCH STARTED -- 1 requests
Skipping updateAccountNonces for BERA debugging
Creating block JSON for BERA block 15529521 (0xffc48df9682c34439aa023cad589b7e29ec45d0aa1aec1485abcc3f52714774a)...
Searching for 11 transactions in transactions_BERA...
Created block json containing 7 txFull items.
[TxProcessor] broadcasting block 15529521 (0xffc48df9682c34439aa023cad589b7e29ec45d0aa1aec1485abcc3f52714774a)
BATCH COMPLETED
BATCH STARTED -- 9 requests
Skipping updateAccountNonces for BERA debugging
BATCH COMPLETED
BATCH STARTED -- 1 requests
Skipping updateAccountNonces for BERA debugging
BATCH COMPLETED
BATCH STARTED -- 1 requests
Skipping updateAccountNonces for BERA debugging
Creating block JSON for BERA block 15529522 (0x8f1ba0cf2c564ee9e27b73f6ca128a0bedc22811045d48b6f5ba8599560fd4b4)...
Searching for 9 transactions in transactions_BERA...
Created block json containing 7 txFull items.
[TxProcessor] broadcasting block 15529522 (0x8f1ba0cf2c564ee9e27b73f6ca128a0bedc22811045d48b6f5ba8599560fd4b4)
BATCH COMPLETED
BATCH STARTED -- 8 requests
Skipping updateAccountNonces for BERA debugging
BATCH COMPLETED
BATCH STARTED -- 2 requests
Skipping updateAccountNonces for BERA debugging
Creating block JSON for BERA block 15529523 (0xc225f05c554dabf8397c06b41f6f444e91fbc2333b26a69466f9924d199349aa)...
Searching for 13 transactions in transactions_BERA...
Created block json containing 8 txFull items.
[TxProcessor] broadcasting block 15529523 (0xc225f05c554dabf8397c06b41f6f444e91fbc2333b26a69466f9924d199349aa)
BATCH COMPLETED
BATCH STARTED -- 9 requests
Skipping updateAccountNonces for BERA debugging
BATCH COMPLETED
BATCH STARTED -- 2 requests
Skipping updateAccountNonces for BERA debugging
BATCH COMPLETED
BATCH STARTED -- 2 requests
Skipping updateAccountNonces for BERA debugging
Creating block JSON for BERA block 15529524 (0xb4d78da5fd4bfede7dac6f9d1fc83f2b0acdfe754d0269343242e55f165d0b53)...
Searching for 13 transactions in transactions_BERA...
Created block json containing 9 txFull items.
[TxProcessor] broadcasting block 15529524 (0xb4d78da5fd4bfede7dac6f9d1fc83f2b0acdfe754d0269343242e55f165d0b53)
BATCH COMPLETED
BATCH STARTED -- 10 requests
Skipping updateAccountNonces for BERA debugging
BATCH COMPLETED
BATCH STARTED -- 1 requests
Skipping updateAccountNonces for BERA debugging
BATCH COMPLETED
BATCH STARTED -- 1 requests
Skipping updateAccountNonces for BERA debugging
Creating block JSON for BERA block 15529525 (0x7b4fa0537119a8d3f9ea25aa6fe412d3a57c6cf0ef8899c8c88bdc24b12bde4c)...
Searching for 17 transactions in transactions_BERA...
Created block json containing 6 txFull items.
[TxProcessor] broadcasting block 15529525 (0x7b4fa0537119a8d3f9ea25aa6fe412d3a57c6cf0ef8899c8c88bdc24b12bde4c)
BATCH COMPLETED
BATCH STARTED -- 7 requests
Skipping updateAccountNonces for BERA debugging
BATCH COMPLETED
BATCH STARTED -- 9 requests
Skipping updateAccountNonces for BERA debugging
BATCH COMPLETED
BATCH STARTED -- 2 requests
Skipping updateAccountNonces for BERA debugging
Creating block JSON for BERA block 15529526 (0xb390364cbe36921906bfc1545e1d4fb6172b98e50702a7b19dcd3420e5bf2331)...
Searching for 11 transactions in transactions_BERA...
Created block json containing 8 txFull items.
[TxProcessor] broadcasting block 15529526 (0xb390364cbe36921906bfc1545e1d4fb6172b98e50702a7b19dcd3420e5bf2331)
BATCH COMPLETED
BATCH STARTED -- 9 requests
Skipping updateAccountNonces for BERA debugging
BATCH COMPLETED
BATCH STARTED -- 2 requests
Skipping updateAccountNonces for BERA debugging
Creating block JSON for BERA block 15529527 (0x030919819a5778467c2d6fc9c4a18dbede93f5c27a2701b3773ef95e179b3d0f)...
Searching for 12 transactions in transactions_BERA...
Created block json containing 8 txFull items.
[TxProcessor] broadcasting block 15529527 (0x030919819a5778467c2d6fc9c4a18dbede93f5c27a2701b3773ef95e179b3d0f)
BATCH COMPLETED
BATCH STARTED -- 10 requests
Skipping updateAccountNonces for BERA debugging
BATCH COMPLETED
BATCH STARTED -- 2 requests
Skipping updateAccountNonces for BERA debugging
Creating block JSON for BERA block 15529528 (0x4274b6da0a4b651b8dc4189713957fbb05f36303b2c39dfa3ca8809afddf753b)...
Searching for 5 transactions in transactions_BERA...
Created block json containing 5 txFull items.
[TxProcessor] broadcasting block 15529528 (0x4274b6da0a4b651b8dc4189713957fbb05f36303b2c39dfa3ca8809afddf753b)
BATCH COMPLETED
BATCH STARTED -- 3 requests
Skipping updateAccountNonces for BERA debugging
BATCH COMPLETED
BATCH STARTED -- 2 requests
Skipping updateAccountNonces for BERA debugging
Creating block JSON for BERA block 15529529 (0xca9481386f433c9aa8f868b01e4705d3f6c00fbd983fc3ba1faa49681c72dd18)...
Searching for 8 transactions in transactions_BERA...
Created block json containing 8 txFull items.
[TxProcessor] broadcasting block 15529529 (0xca9481386f433c9aa8f868b01e4705d3f6c00fbd983fc3ba1faa49681c72dd18)
BATCH COMPLETED
BATCH STARTED -- 6 requests
Skipping updateAccountNonces for BERA debugging
BATCH COMPLETED
BATCH STARTED -- 1 requests
Skipping updateAccountNonces for BERA debugging
Creating block JSON for BERA block 15529530 (0xb59d8ae84a3675e1aa233c64c62df2120effefaf67f885d539da6429064640e6)...
Searching for 12 transactions in transactions_BERA...
Created block json containing 7 txFull items.
[TxProcessor] broadcasting block 15529530 (0xb59d8ae84a3675e1aa233c64c62df2120effefaf67f885d539da6429064640e6)
BATCH COMPLETED
BATCH STARTED -- 9 requests
Skipping updateAccountNonces for BERA debugging
BATCH COMPLETED
BATCH STARTED -- 2 requests
Skipping updateAccountNonces for BERA debugging
BATCH COMPLETED
BATCH STARTED -- 1 requests
Skipping updateAccountNonces for BERA debugging
Creating block JSON for BERA block 15529531 (0x63ae7b97ca8333e3787f92f28eb3d660514837240fd002fe0f7147600e7a8a68)...
Searching for 5 transactions in transactions_BERA...
Created block json containing 5 txFull items.
[TxProcessor] broadcasting block 15529531 (0x63ae7b97ca8333e3787f92f28eb3d660514837240fd002fe0f7147600e7a8a68)
BATCH COMPLETED
BATCH STARTED -- 4 requests
Skipping updateAccountNonces for BERA debugging
BATCH COMPLETED
BATCH STARTED -- 1 requests
Skipping updateAccountNonces for BERA debugging
Creating block JSON for BERA block 15529532 (0x5fdb4afaea95e7471c065ae320918b45eab45bbbadc938d05f0ca4ff9502ddfe)...
Searching for 21 transactions in transactions_BERA...
Created block json containing 6 txFull items.
[TxProcessor] broadcasting block 15529532 (0x5fdb4afaea95e7471c065ae320918b45eab45bbbadc938d05f0ca4ff9502ddfe)
BATCH COMPLETED
BATCH STARTED -- 8 requests
Skipping updateAccountNonces for BERA debugging
BATCH COMPLETED
BATCH STARTED -- 12 requests
Skipping updateAccountNonces for BERA debugging
BATCH COMPLETED
BATCH STARTED -- 1 requests
Skipping updateAccountNonces for BERA debugging
Creating block JSON for BERA block 15529533 (0xac048ddea95b5c1cc51e505ed7eaa6c2c4f6996b8d1abaa51ca549965ce69b74)...
Searching for 3 transactions in transactions_BERA...
Created block json containing 3 txFull items.
[TxProcessor] broadcasting block 15529533 (0xac048ddea95b5c1cc51e505ed7eaa6c2c4f6996b8d1abaa51ca549965ce69b74)
BATCH COMPLETED
BATCH STARTED -- 2 requests
Skipping updateAccountNonces for BERA debugging
BATCH COMPLETED
BATCH STARTED -- 1 requests
Skipping updateAccountNonces for BERA debugging
Creating block JSON for BERA block 15529534 (0x8995d5c991ae48972260a3f9bb4255f94bde48c8d415797f9eeea363e475e674)...
Searching for 12 transactions in transactions_BERA...
Created block json containing 12 txFull items.
[TxProcessor] broadcasting block 15529534 (0x8995d5c991ae48972260a3f9bb4255f94bde48c8d415797f9eeea363e475e674)
BATCH COMPLETED
BATCH STARTED -- 11 requests
Skipping updateAccountNonces for BERA debugging
BATCH COMPLETED
BATCH STARTED -- 1 requests
Skipping updateAccountNonces for BERA debugging
Creating block JSON for BERA block 15529535 (0x720afebdda9ee9650571a60ae72e126afa829eea6b9d438abfc206032509bae8)...
Searching for 10 transactions in transactions_BERA...
Created block json containing 9 txFull items.
[TxProcessor] broadcasting block 15529535 (0x720afebdda9ee9650571a60ae72e126afa829eea6b9d438abfc206032509bae8)
BATCH COMPLETED
BATCH STARTED -- 9 requests
Skipping updateAccountNonces for BERA debugging
BATCH COMPLETED
BATCH STARTED -- 1 requests
Skipping updateAccountNonces for BERA debugging
Creating block JSON for BERA block 15529536 (0xcb0636413911db8aff4d36e97e45e1890f8367a35b804e8cabbb3e64df3fc078)...
Searching for 9 transactions in transactions_BERA...
Created block json containing 7 txFull items.
[TxProcessor] broadcasting block 15529536 (0xcb0636413911db8aff4d36e97e45e1890f8367a35b804e8cabbb3e64df3fc078)
BATCH COMPLETED
BATCH STARTED -- 8 requests
Skipping updateAccountNonces for BERA debugging
BATCH COMPLETED
BATCH STARTED -- 1 requests
Skipping updateAccountNonces for BERA debugging
Creating block JSON for BERA block 15529537 (0x03c34270f2bbbbefc8a577fdb564366fe42f00c13aad7e33811dd70e3e0d2c11)...
Searching for 9 transactions in transactions_BERA...
Created block json containing 7 txFull items.
[TxProcessor] broadcasting block 15529537 (0x03c34270f2bbbbefc8a577fdb564366fe42f00c13aad7e33811dd70e3e0d2c11)
BATCH COMPLETED
BATCH STARTED -- 8 requests
Skipping updateAccountNonces for BERA debugging
BATCH COMPLETED
BATCH STARTED -- 1 requests
Skipping updateAccountNonces for BERA debugging
Creating block JSON for BERA block 15529538 (0x90e1201ced74442bfbce427a55ea963dced605ebf4b1fca6cd0db33fe854de79)...
Searching for 9 transactions in transactions_BERA...
Created block json containing 7 txFull items.
[TxProcessor] broadcasting block 15529538 (0x90e1201ced74442bfbce427a55ea963dced605ebf4b1fca6cd0db33fe854de79)
BATCH COMPLETED
BATCH STARTED -- 8 requests
Skipping updateAccountNonces for BERA debugging
BATCH COMPLETED
BATCH STARTED -- 2 requests
Skipping updateAccountNonces for BERA debugging
Creating block JSON for BERA block 15529539 (0x78989194da9c00b7b09e972364311add97e8bfefeaa212d6b045cd576b8017be)...
Searching for 9 transactions in transactions_BERA...
Created block json containing 9 txFull items.
[TxProcessor] broadcasting block 15529539 (0x78989194da9c00b7b09e972364311add97e8bfefeaa212d6b045cd576b8017be)
BATCH COMPLETED
BATCH STARTED -- 7 requests
Skipping updateAccountNonces for BERA debugging
BATCH COMPLETED
BATCH STARTED -- 1 requests
Skipping updateAccountNonces for BERA debugging
Creating block JSON for BERA block 15529540 (0xfcc235ede8147b495f288569b3cb25c67783495acf38b1d38978abef2c5beadd)...
Searching for 9 transactions in transactions_BERA...
Created block json containing 7 txFull items.
[TxProcessor] broadcasting block 15529540 (0xfcc235ede8147b495f288569b3cb25c67783495acf38b1d38978abef2c5beadd)
BATCH COMPLETED
BATCH STARTED -- 8 requests
Skipping updateAccountNonces for BERA debugging
BATCH COMPLETED
BATCH STARTED -- 2 requests
Skipping updateAccountNonces for BERA debugging
Creating block JSON for BERA block 15529541 (0x36b0cb5b7f77c2176c7ea8a2f035272b420be1808eadea1b1db62da50672b13b)...
Searching for 10 transactions in transactions_BERA...
Created block json containing 8 txFull items.
[TxProcessor] broadcasting block 15529541 (0x36b0cb5b7f77c2176c7ea8a2f035272b420be1808eadea1b1db62da50672b13b)
BATCH COMPLETED
BATCH STARTED -- 8 requests
Skipping updateAccountNonces for BERA debugging
BATCH COMPLETED
BATCH STARTED -- 1 requests
Skipping updateAccountNonces for BERA debugging
Creating block JSON for BERA block 15529542 (0xbb4782b313afbcfe9eed1f37b800c336c40ea60551de54214f41198329a3ec6d)...
Searching for 6 transactions in transactions_BERA...
Created block json containing 6 txFull items.
[TxProcessor] broadcasting block 15529542 (0xbb4782b313afbcfe9eed1f37b800c336c40ea60551de54214f41198329a3ec6d)
BATCH COMPLETED
BATCH STARTED -- 5 requests
Skipping updateAccountNonces for BERA debugging
BATCH COMPLETED
BATCH STARTED -- 2 requests
Skipping updateAccountNonces for BERA debugging
Creating block JSON for BERA block 15529543 (0x97ec053403d9302712a94945340616292b497b55d4bc7bf039645afb741551af)...
Searching for 10 transactions in transactions_BERA...
Created block json containing 10 txFull items.
[TxProcessor] broadcasting block 15529543 (0x97ec053403d9302712a94945340616292b497b55d4bc7bf039645afb741551af)
BATCH COMPLETED
BATCH STARTED -- 8 requests
Skipping updateAccountNonces for BERA debugging
BATCH COMPLETED
BATCH STARTED -- 1 requests
Skipping updateAccountNonces for BERA debugging
Creating block JSON for BERA block 15529544 (0x8f8511168aab603f42534214c9589f527dc30b894a036faf1692a88e5e8a2fa2)...
Searching for 9 transactions in transactions_BERA...
Created block json containing 6 txFull items.
[TxProcessor] broadcasting block 15529544 (0x8f8511168aab603f42534214c9589f527dc30b894a036faf1692a88e5e8a2fa2)
BATCH COMPLETED
BATCH STARTED -- 8 requests
Skipping updateAccountNonces for BERA debugging
BATCH COMPLETED
BATCH STARTED -- 2 requests
Skipping updateAccountNonces for BERA debugging
Creating block JSON for BERA block 15529545 (0x19d77ec1eb4477536371f8179b8074bf747fffecf07f2cee188f83a6785b944e)...
Searching for 10 transactions in transactions_BERA...
Created block json containing 9 txFull items.
[TxProcessor] broadcasting block 15529545 (0x19d77ec1eb4477536371f8179b8074bf747fffecf07f2cee188f83a6785b944e)
BATCH COMPLETED
BATCH STARTED -- 8 requests
Skipping updateAccountNonces for BERA debugging
BATCH COMPLETED
BATCH STARTED -- 2 requests
Skipping updateAccountNonces for BERA debugging
Creating block JSON for BERA block 15529546 (0xb5b2d892e60050694825ad7c1ecbe4645bb58e2efb552afcb8838651491b7872)...
Searching for 8 transactions in transactions_BERA...
Created block json containing 8 txFull items.
[TxProcessor] broadcasting block 15529546 (0xb5b2d892e60050694825ad7c1ecbe4645bb58e2efb552afcb8838651491b7872)
BATCH COMPLETED
BATCH STARTED -- 6 requests
Skipping updateAccountNonces for BERA debugging
BATCH COMPLETED
BATCH STARTED -- 2 requests
Skipping updateAccountNonces for BERA debugging
Creating block JSON for BERA block 15529547 (0xa84fd9e0ad728f27e408ee9b2c35f1fee948e5e356e9af13e94e771a7846ac1e)...
Searching for 7 transactions in transactions_BERA...
Created block json containing 7 txFull items.
[TxProcessor] broadcasting block 15529547 (0xa84fd9e0ad728f27e408ee9b2c35f1fee948e5e356e9af13e94e771a7846ac1e)
BATCH COMPLETED
BATCH STARTED -- 5 requests
Skipping updateAccountNonces for BERA debugging
BATCH COMPLETED
BATCH STARTED -- 1 requests
Skipping updateAccountNonces for BERA debugging
Creating block JSON for BERA block 15529548 (0x28838468f838d7e64d727daa3b00e07461c553d39d0f9f6fd27ca3d1a5b28c90)...
Searching for 9 transactions in transactions_BERA...
Created block json containing 7 txFull items.
[TxProcessor] broadcasting block 15529548 (0x28838468f838d7e64d727daa3b00e07461c553d39d0f9f6fd27ca3d1a5b28c90)
BATCH COMPLETED
BATCH STARTED -- 8 requests
Skipping updateAccountNonces for BERA debugging
BATCH COMPLETED
BATCH STARTED -- 1 requests
Skipping updateAccountNonces for BERA debugging
Creating block JSON for BERA block 15529549 (0x23e310df03f1c37ded93877ac7fc7c697706781aa796f7b20184cd313f040e19)...
Searching for 9 transactions in transactions_BERA...
Created block json containing 6 txFull items.
[TxProcessor] broadcasting block 15529549 (0x23e310df03f1c37ded93877ac7fc7c697706781aa796f7b20184cd313f040e19)
BATCH COMPLETED
BATCH STARTED -- 8 requests
Skipping updateAccountNonces for BERA debugging
BATCH COMPLETED
BATCH STARTED -- 1 requests
Skipping updateAccountNonces for BERA debugging
Creating block JSON for BERA block 15529550 (0xdc9eb16a6f547cb263f8b0c8d6461ecb8c7fc1c06fa4ce12f2581302c527baa0)...
Searching for 8 transactions in transactions_BERA...
Created block json containing 6 txFull items.
[TxProcessor] broadcasting block 15529550 (0xdc9eb16a6f547cb263f8b0c8d6461ecb8c7fc1c06fa4ce12f2581302c527baa0)
BATCH COMPLETED
BATCH STARTED -- 7 requests
Skipping updateAccountNonces for BERA debugging
BATCH COMPLETED
BATCH STARTED -- 1 requests
Skipping updateAccountNonces for BERA debugging
Creating block JSON for BERA block 15529551 (0x095ce37d51a13d9d5693ef2bfb601b477472f2d9d810a75f9b0293fe2c2dbbca)...
Searching for 11 transactions in transactions_BERA...
Created block json containing 7 txFull items.
[TxProcessor] broadcasting block 15529551 (0x095ce37d51a13d9d5693ef2bfb601b477472f2d9d810a75f9b0293fe2c2dbbca)
BATCH COMPLETED
BATCH STARTED -- 10 requests
Skipping updateAccountNonces for BERA debugging
BATCH COMPLETED
BATCH STARTED -- 5 requests
Skipping updateAccountNonces for BERA debugging
Creating block JSON for BERA block 15529552 (0xbfad0eacb3a969c3abc801837e463209e93292e02fa1fcb7ced35bb015ddc909)...
Searching for 5 transactions in transactions_BERA...
Created block json containing 5 txFull items.
[TxProcessor] broadcasting block 15529552 (0xbfad0eacb3a969c3abc801837e463209e93292e02fa1fcb7ced35bb015ddc909)
BATCH COMPLETED
BATCH STARTED -- 1 requests
Skipping updateAccountNonces for BERA debugging
Creating block JSON for BERA block 15529553 (0x160260c727b168d159a8c1ee3150743abada9e0f0ba44f644cd469a21a5473ed)...
Searching for 11 transactions in transactions_BERA...
Created block json containing 7 txFull items.
[TxProcessor] broadcasting block 15529553 (0x160260c727b168d159a8c1ee3150743abada9e0f0ba44f644cd469a21a5473ed)
BATCH COMPLETED
BATCH STARTED -- 10 requests
Skipping updateAccountNonces for BERA debugging
BATCH COMPLETED
BATCH STARTED -- 2 requests
Skipping updateAccountNonces for BERA debugging
Creating block JSON for BERA block 15529554 (0x04fd3b05df750e353f2d2ecae3e4943430f57ec8183e913c6709f9a1b75a7250)...
Searching for 5 transactions in transactions_BERA...
Created block json containing 5 txFull items.
[TxProcessor] broadcasting block 15529554 (0x04fd3b05df750e353f2d2ecae3e4943430f57ec8183e913c6709f9a1b75a7250)
BATCH COMPLETED
BATCH STARTED -- 3 requests
Skipping updateAccountNonces for BERA debugging
BATCH COMPLETED
BATCH STARTED -- 2 requests
Skipping updateAccountNonces for BERA debugging
Creating block JSON for BERA block 15529555 (0x771ea28982126956cb1a1070169c10288e446610e186bdb52391e7b52a5d8dc6)...
Searching for 8 transactions in transactions_BERA...
Created block json containing 8 txFull items.
[TxProcessor] broadcasting block 15529555 (0x771ea28982126956cb1a1070169c10288e446610e186bdb52391e7b52a5d8dc6)
BATCH COMPLETED
BATCH STARTED -- 6 requests
Skipping updateAccountNonces for BERA debugging
BATCH COMPLETED
BATCH STARTED -- 1 requests
Skipping updateAccountNonces for BERA debugging
Creating block JSON for BERA block 15529556 (0xb79a083b2572542a3d1f9a14b77ca92377e3d053f256f5952a8709d730fbdc9b)...
Searching for 9 transactions in transactions_BERA...
Created block json containing 8 txFull items.
[TxProcessor] broadcasting block 15529556 (0xb79a083b2572542a3d1f9a14b77ca92377e3d053f256f5952a8709d730fbdc9b)
BATCH COMPLETED
BATCH STARTED -- 8 requests
Skipping updateAccountNonces for BERA debugging
BATCH COMPLETED
BATCH STARTED -- 5 requests
Skipping updateAccountNonces for BERA debugging
Creating block JSON for BERA block 15529557 (0xc86bf7108f2382a02bb06cee007bd096def8bc66f9263ffcf918bc97d07f6248)...
Searching for 5 transactions in transactions_BERA...
Created block json containing 5 txFull items.
[TxProcessor] broadcasting block 15529557 (0xc86bf7108f2382a02bb06cee007bd096def8bc66f9263ffcf918bc97d07f6248)
BATCH COMPLETED
BATCH STARTED -- 2 requests
Skipping updateAccountNonces for BERA debugging
Creating block JSON for BERA block 15529558 (0xc14b95f36d45bbce3960da67853b2375578098fde88954af3886b13c7250b88e)...
Searching for 10 transactions in transactions_BERA...
Created block json containing 10 txFull items.
[TxProcessor] broadcasting block 15529558 (0xc14b95f36d45bbce3960da67853b2375578098fde88954af3886b13c7250b88e)
BATCH COMPLETED
BATCH STARTED -- 8 requests
Skipping updateAccountNonces for BERA debugging
BATCH COMPLETED
BATCH STARTED -- 1 requests
Skipping updateAccountNonces for BERA debugging
Creating block JSON for BERA block 15529559 (0xec554ea4b3fbcb8b7512d225944cb8d3c5c29d8b96d51bfacc06f1fe459022a4)...
Searching for 11 transactions in transactions_BERA...
Created block json containing 9 txFull items.
[TxProcessor] broadcasting block 15529559 (0xec554ea4b3fbcb8b7512d225944cb8d3c5c29d8b96d51bfacc06f1fe459022a4)
BATCH COMPLETED
BATCH STARTED -- 10 requests
Skipping updateAccountNonces for BERA debugging
BATCH COMPLETED
BATCH STARTED -- 1 requests
Skipping updateAccountNonces for BERA debugging
Creating block JSON for BERA block 15529560 (0xc9a57e18719b46813fc475ad2e3fdddd5a1b2e5236041bf2cac850c4aa069660)...
Searching for 7 transactions in transactions_BERA...
Created block json containing 7 txFull items.
[TxProcessor] broadcasting block 15529560 (0xc9a57e18719b46813fc475ad2e3fdddd5a1b2e5236041bf2cac850c4aa069660)
BATCH COMPLETED
BATCH STARTED -- 6 requests
Skipping updateAccountNonces for BERA debugging
BATCH COMPLETED
BATCH STARTED -- 2 requests
Skipping updateAccountNonces for BERA debugging
Creating block JSON for BERA block 15529561 (0x0edcc2f189b7a9231391c2c116fac28dfd2d3d29cf5690decede6c77751129ab)...
Searching for 7 transactions in transactions_BERA...
Created block json containing 7 txFull items.
[TxProcessor] broadcasting block 15529561 (0x0edcc2f189b7a9231391c2c116fac28dfd2d3d29cf5690decede6c77751129ab)
BATCH COMPLETED
BATCH STARTED -- 5 requests
Skipping updateAccountNonces for BERA debugging
BATCH COMPLETED
BATCH STARTED -- 2 requests
Skipping updateAccountNonces for BERA debugging
Creating block JSON for BERA block 15529562 (0x731176579cdb299783d6c679160d3522d9b4ef0c464fd5a905af83af3c8c4cb4)...
Searching for 12 transactions in transactions_BERA...
Created block json containing 11 txFull items.
[TxProcessor] broadcasting block 15529562 (0x731176579cdb299783d6c679160d3522d9b4ef0c464fd5a905af83af3c8c4cb4)
BATCH COMPLETED
BATCH STARTED -- 10 requests
Skipping updateAccountNonces for BERA debugging
BATCH COMPLETED
BATCH STARTED -- 2 requests
Skipping updateAccountNonces for BERA debugging
Creating block JSON for BERA block 15529563 (0x81ac72060a0fdfe104355ca3e12fe8aac05c76e1687c85a53830e098cf0d84cc)...
Searching for 5 transactions in transactions_BERA...
Created block json containing 5 txFull items.
[TxProcessor] broadcasting block 15529563 (0x81ac72060a0fdfe104355ca3e12fe8aac05c76e1687c85a53830e098cf0d84cc)
BATCH COMPLETED
BATCH STARTED -- 3 requests
Skipping updateAccountNonces for BERA debugging
BATCH COMPLETED
BATCH STARTED -- 1 requests
Skipping updateAccountNonces for BERA debugging
Creating block JSON for BERA block 15529564 (0x9e0106e93b831c55dc7bc6e8f06237740fe2e6d34e11a7b9506f9b5b649f0d74)...
Searching for 11 transactions in transactions_BERA...
Created block json containing 7 txFull items.
[TxProcessor] broadcasting block 15529564 (0x9e0106e93b831c55dc7bc6e8f06237740fe2e6d34e11a7b9506f9b5b649f0d74)
BATCH COMPLETED
BATCH STARTED -- 9 requests
Skipping updateAccountNonces for BERA debugging
BATCH COMPLETED
BATCH STARTED -- 1 requests
Skipping updateAccountNonces for BERA debugging
BATCH COMPLETED
BATCH STARTED -- 1 requests
Skipping updateAccountNonces for BERA debugging
Creating block JSON for BERA block 15529565 (0x478979ee4ffaa31c0ffbcde049c8d26ba3a4f9797626661a0c89d24d3a4f4cc3)...
Searching for 6 transactions in transactions_BERA...
Created block json containing 6 txFull items.
[TxProcessor] broadcasting block 15529565 (0x478979ee4ffaa31c0ffbcde049c8d26ba3a4f9797626661a0c89d24d3a4f4cc3)
BATCH COMPLETED
BATCH STARTED -- 5 requests
Skipping updateAccountNonces for BERA debugging
BATCH COMPLETED
BATCH STARTED -- 1 requests
Skipping updateAccountNonces for BERA debugging
Creating block JSON for BERA block 15529566 (0x2c87d15b9c3405b6a3eab1b0fde311ac4b9c38929c8064966029fca7b0dd5bfe)...
Searching for 5 transactions in transactions_BERA...
Created block json containing 5 txFull items.
[TxProcessor] broadcasting block 15529566 (0x2c87d15b9c3405b6a3eab1b0fde311ac4b9c38929c8064966029fca7b0dd5bfe)
BATCH COMPLETED
BATCH STARTED -- 4 requests
Skipping updateAccountNonces for BERA debugging
BATCH COMPLETED
BATCH STARTED -- 1 requests
Skipping updateAccountNonces for BERA debugging
Creating block JSON for BERA block 15529567 (0x2c88c269813a2ce96de1c50eeb4d08cb4caec097024d34609e59fef645d77cc4)...
Searching for 5 transactions in transactions_BERA...
Created block json containing 5 txFull items.
[TxProcessor] broadcasting block 15529567 (0x2c88c269813a2ce96de1c50eeb4d08cb4caec097024d34609e59fef645d77cc4)
BATCH COMPLETED
BATCH STARTED -- 4 requests
Skipping updateAccountNonces for BERA debugging
BATCH COMPLETED
BATCH STARTED -- 1 requests
Skipping updateAccountNonces for BERA debugging
Creating block JSON for BERA block 15529568 (0xee0842dc994766b931aa3522b65902d23fed22e30a5ddbabe6e61856811de31e)...
Searching for 7 transactions in transactions_BERA...
Created block json containing 7 txFull items.
[TxProcessor] broadcasting block 15529568 (0xee0842dc994766b931aa3522b65902d23fed22e30a5ddbabe6e61856811de31e)
BATCH COMPLETED
BATCH STARTED -- 6 requests
Skipping updateAccountNonces for BERA debugging
BATCH COMPLETED
BATCH STARTED -- 3 requests
Skipping updateAccountNonces for BERA debugging
Creating block JSON for BERA block 15529569 (0x0739594131336dacc9d5eef4b51b7aa5bfe0d8becca55924e330d98998ed8f13)...
Searching for 10 transactions in transactions_BERA...
Created block json containing 10 txFull items.
[TxProcessor] broadcasting block 15529569 (0x0739594131336dacc9d5eef4b51b7aa5bfe0d8becca55924e330d98998ed8f13)
BATCH COMPLETED
BATCH STARTED -- 7 requests
Skipping updateAccountNonces for BERA debugging
BATCH COMPLETED
BATCH STARTED -- 2 requests
Skipping updateAccountNonces for BERA debugging
Creating block JSON for BERA block 15529570 (0xedfc32cb422e598e735dc3b2ebadfbb3573d439ff65170665ab29854dd235200)...
Searching for 7 transactions in transactions_BERA...
Created block json containing 7 txFull items.
[TxProcessor] broadcasting block 15529570 (0xedfc32cb422e598e735dc3b2ebadfbb3573d439ff65170665ab29854dd235200)
BATCH COMPLETED
BATCH STARTED -- 5 requests
Skipping updateAccountNonces for BERA debugging
BATCH COMPLETED
BATCH STARTED -- 3 requests
Skipping updateAccountNonces for BERA debugging
Creating block JSON for BERA block 15529571 (0xd3e0e114a86d62282cce0444001e22a9a3bcd7a47a6218545c4db86d50b43dc1)...
Searching for 6 transactions in transactions_BERA...
Created block json containing 6 txFull items.
[TxProcessor] broadcasting block 15529571 (0xd3e0e114a86d62282cce0444001e22a9a3bcd7a47a6218545c4db86d50b43dc1)
BATCH COMPLETED
BATCH STARTED -- 3 requests
Skipping updateAccountNonces for BERA debugging
BATCH COMPLETED
BATCH STARTED -- 1 requests
Skipping updateAccountNonces for BERA debugging
Creating block JSON for BERA block 15529572 (0x59f54dbe8e940bcc108241cb51b63d2b25db9e69992e70ca6efe24dd2e9d18ca)...
Searching for 5 transactions in transactions_BERA...
Created block json containing 5 txFull items.
[TxProcessor] broadcasting block 15529572 (0x59f54dbe8e940bcc108241cb51b63d2b25db9e69992e70ca6efe24dd2e9d18ca)
BATCH COMPLETED
BATCH STARTED -- 4 requests
Skipping updateAccountNonces for BERA debugging
BATCH COMPLETED
BATCH STARTED -- 2 requests
Skipping updateAccountNonces for BERA debugging
Creating block JSON for BERA block 15529573 (0x495dc2df621baa3d09c50fb5b3de90ff1edd4070368178f99b5f8f8d1b86c144)...
Searching for 10 transactions in transactions_BERA...
Created block json containing 10 txFull items.
[TxProcessor] broadcasting block 15529573 (0x495dc2df621baa3d09c50fb5b3de90ff1edd4070368178f99b5f8f8d1b86c144)
BATCH COMPLETED
BATCH STARTED -- 17 requests
Skipping updateAccountNonces for BERA debugging
Creating block JSON for BERA block 15529574 (0x6b6b7b1f83d85a9fb99ec450144b13725ec4cc912cabbeca4024fabd86b78990)...
Searching for 9 transactions in transactions_BERA...
Created block json containing 9 txFull items.
[TxProcessor] broadcasting block 15529574 (0x6b6b7b1f83d85a9fb99ec450144b13725ec4cc912cabbeca4024fabd86b78990)
BATCH COMPLETED
BATCH STARTED -- 9 requests
Skipping updateAccountNonces for BERA debugging
Creating block JSON for BERA block 15529575 (0x30e18be7e984203d8a473cfd7cb0b564d60048ab298918a9cec76321accb00ed)...
Searching for 9 transactions in transactions_BERA...
Created block json containing 9 txFull items.
[TxProcessor] broadcasting block 15529575 (0x30e18be7e984203d8a473cfd7cb0b564d60048ab298918a9cec76321accb00ed)
BATCH COMPLETED
BATCH STARTED -- 1 requests
Skipping updateAccountNonces for BERA debugging
Creating block JSON for BERA block 15529576 (0xb1e2977534cfb327fb77fde8886e0a691e5896276a9f2436faeb4e7b09de3db0)...
Searching for 12 transactions in transactions_BERA...
Created block json containing 8 txFull items.
[TxProcessor] broadcasting block 15529576 (0xb1e2977534cfb327fb77fde8886e0a691e5896276a9f2436faeb4e7b09de3db0)
BATCH COMPLETED
BATCH STARTED -- 11 requests
Skipping updateAccountNonces for BERA debugging
BATCH COMPLETED
BATCH STARTED -- 1 requests
Skipping updateAccountNonces for BERA debugging
Creating block JSON for BERA block 15529577 (0x2e54d179127f10c7b35f1ae5bed239e4ccfc379146b70ccc293810eb77cb3cb4)...
Searching for 6 transactions in transactions_BERA...
Created block json containing 6 txFull items.
[TxProcessor] broadcasting block 15529577 (0x2e54d179127f10c7b35f1ae5bed239e4ccfc379146b70ccc293810eb77cb3cb4)
BATCH COMPLETED
BATCH STARTED -- 5 requests
Skipping updateAccountNonces for BERA debugging
BATCH COMPLETED
BATCH STARTED -- 1 requests
Skipping updateAccountNonces for BERA debugging
Creating block JSON for BERA block 15529578 (0x9567b02537d217bdad86e2fec5be1653e57f9502252921ed9c4b9889a671e390)...
Searching for 11 transactions in transactions_BERA...
Created block json containing 6 txFull items.
[TxProcessor] broadcasting block 15529578 (0x9567b02537d217bdad86e2fec5be1653e57f9502252921ed9c4b9889a671e390)
BATCH COMPLETED
BATCH STARTED -- 10 requests
Skipping updateAccountNonces for BERA debugging
BATCH COMPLETED
BATCH STARTED -- 1 requests
Skipping updateAccountNonces for BERA debugging
Creating block JSON for BERA block 15529579 (0xe7316e9b72534fced3c1f5a0c36940815612195b10ebe10769ae79e64c6d0356)...
Searching for 9 transactions in transactions_BERA...
Created block json containing 7 txFull items.
[TxProcessor] broadcasting block 15529579 (0xe7316e9b72534fced3c1f5a0c36940815612195b10ebe10769ae79e64c6d0356)
BATCH COMPLETED
BATCH STARTED -- 8 requests
Skipping updateAccountNonces for BERA debugging
BATCH COMPLETED
BATCH STARTED -- 2 requests
Skipping updateAccountNonces for BERA debugging
Creating block JSON for BERA block 15529580 (0x4d6e48b22656854f5686be34b9e45b0dfd013113b1ba1fed37edb9d8775cddab)...
Searching for 8 transactions in transactions_BERA...
Created block json containing 8 txFull items.
[TxProcessor] broadcasting block 15529580 (0x4d6e48b22656854f5686be34b9e45b0dfd013113b1ba1fed37edb9d8775cddab)
BATCH COMPLETED
BATCH STARTED -- 6 requests
Skipping updateAccountNonces for BERA debugging
BATCH COMPLETED
BATCH STARTED -- 1 requests
Skipping updateAccountNonces for BERA debugging
Creating block JSON for BERA block 15529581 (0xaac0185c8a7a27d5264ac1fb143bcdb6d1c2bba42c6b1e529d5ba94bc7573c97)...
Searching for 9 transactions in transactions_BERA...
Created block json containing 9 txFull items.
[TxProcessor] broadcasting block 15529581 (0xaac0185c8a7a27d5264ac1fb143bcdb6d1c2bba42c6b1e529d5ba94bc7573c97)
BATCH COMPLETED
BATCH STARTED -- 8 requests
Skipping updateAccountNonces for BERA debugging
BATCH COMPLETED
BATCH STARTED -- 2 requests
Skipping updateAccountNonces for BERA debugging
Creating block JSON for BERA block 15529582 (0x5001f250fb41eb9bca8e8fec0d05b599a9ad5bb1856327bb51d970f25703a432)...
Searching for 13 transactions in transactions_BERA...
Created block json containing 9 txFull items.
[TxProcessor] broadcasting block 15529582 (0x5001f250fb41eb9bca8e8fec0d05b599a9ad5bb1856327bb51d970f25703a432)
BATCH COMPLETED
BATCH STARTED -- 11 requests
Skipping updateAccountNonces for BERA debugging
BATCH COMPLETED
BATCH STARTED -- 1 requests
Skipping updateAccountNonces for BERA debugging
Creating block JSON for BERA block 15529583 (0x96ecb1fa8ecac9cecc58df034b3b75a69b02ce91c330bcd6e5a7793a8a7c374d)...
Searching for 8 transactions in transactions_BERA...
Created block json containing 8 txFull items.
[TxProcessor] broadcasting block 15529583 (0x96ecb1fa8ecac9cecc58df034b3b75a69b02ce91c330bcd6e5a7793a8a7c374d)
BATCH COMPLETED
BATCH STARTED -- 7 requests
Skipping updateAccountNonces for BERA debugging
BATCH COMPLETED
BATCH STARTED -- 1 requests
Skipping updateAccountNonces for BERA debugging
Creating block JSON for BERA block 15529584 (0x136744364d5eb5bb2e90e375a7965d85f31e0e25238dfbd4a8762ca5b1737192)...
Searching for 8 transactions in transactions_BERA...
Created block json containing 7 txFull items.
[TxProcessor] broadcasting block 15529584 (0x136744364d5eb5bb2e90e375a7965d85f31e0e25238dfbd4a8762ca5b1737192)
BATCH COMPLETED
BATCH STARTED -- 7 requests
Skipping updateAccountNonces for BERA debugging
BATCH COMPLETED
BATCH STARTED -- 1 requests
Skipping updateAccountNonces for BERA debugging
Creating block JSON for BERA block 15529585 (0x8cc1630d612bea46b65d68f4c6b9828127528ea7ae1e404deff3c89a43c3c054)...
Searching for 6 transactions in transactions_BERA...
Created block json containing 6 txFull items.
[TxProcessor] broadcasting block 15529585 (0x8cc1630d612bea46b65d68f4c6b9828127528ea7ae1e404deff3c89a43c3c054)
BATCH COMPLETED
BATCH STARTED -- 5 requests
Skipping updateAccountNonces for BERA debugging
BATCH COMPLETED
BATCH STARTED -- 1 requests
Skipping updateAccountNonces for BERA debugging
Creating block JSON for BERA block 15529586 (0xeaaa14217e5b267d19bff5715b1ef7b26f5acf2ba93c41279f6cd560fef72ba4)...
Searching for 6 transactions in transactions_BERA...
Created block json containing 6 txFull items.
[TxProcessor] broadcasting block 15529586 (0xeaaa14217e5b267d19bff5715b1ef7b26f5acf2ba93c41279f6cd560fef72ba4)
BATCH COMPLETED
BATCH STARTED -- 5 requests
Skipping updateAccountNonces for BERA debugging
BATCH COMPLETED
BATCH STARTED -- 2 requests
Skipping updateAccountNonces for BERA debugging
Creating block JSON for BERA block 15529587 (0x8dffcc9e1c6d4516188f82a5b290f20ec211f8b148a51e4c5e9234afa778da36)...
Searching for 8 transactions in transactions_BERA...
Created block json containing 8 txFull items.
[TxProcessor] broadcasting block 15529587 (0x8dffcc9e1c6d4516188f82a5b290f20ec211f8b148a51e4c5e9234afa778da36)
BATCH COMPLETED
BATCH STARTED -- 6 requests
Skipping updateAccountNonces for BERA debugging
BATCH COMPLETED
BATCH STARTED -- 2 requests
Skipping updateAccountNonces for BERA debugging
Creating block JSON for BERA block 15529588 (0xd181df1cb2fb8f6b35d372654e7a108834277c3d7123bc34c65f7f0b1ecb1952)...
Searching for 10 transactions in transactions_BERA...
Created block json containing 10 txFull items.
[TxProcessor] broadcasting block 15529588 (0xd181df1cb2fb8f6b35d372654e7a108834277c3d7123bc34c65f7f0b1ecb1952)
BATCH COMPLETED
BATCH STARTED -- 8 requests
Skipping updateAccountNonces for BERA debugging
BATCH COMPLETED
BATCH STARTED -- 1 requests
Skipping updateAccountNonces for BERA debugging
Creating block JSON for BERA block 15529589 (0xefa2ccb858b3f4d5c11a2028e26e24d05ba72f47726ed8b4dd357879a0bee609)...
Searching for 9 transactions in transactions_BERA...
Created block json containing 9 txFull items.
[TxProcessor] broadcasting block 15529589 (0xefa2ccb858b3f4d5c11a2028e26e24d05ba72f47726ed8b4dd357879a0bee609)
BATCH COMPLETED
BATCH STARTED -- 8 requests
Skipping updateAccountNonces for BERA debugging
BATCH COMPLETED
BATCH STARTED -- 1 requests
Skipping updateAccountNonces for BERA debugging
Creating block JSON for BERA block 15529590 (0xa79cf1588d61339feb12eb45d3f81fd4ea586b4cf3f1ba68c2d5b9a6b74121c6)...
Searching for 7 transactions in transactions_BERA...
Created block json containing 7 txFull items.
[TxProcessor] broadcasting block 15529590 (0xa79cf1588d61339feb12eb45d3f81fd4ea586b4cf3f1ba68c2d5b9a6b74121c6)
BATCH COMPLETED
BATCH STARTED -- 6 requests
Skipping updateAccountNonces for BERA debugging
BATCH COMPLETED
BATCH STARTED -- 2 requests
Skipping updateAccountNonces for BERA debugging
Creating block JSON for BERA block 15529591 (0x3ad4836bdda995b285b26821a43fd8c26b208f69bea539898b08a847ccf85972)...
Searching for 21 transactions in transactions_BERA...
Created block json containing 12 txFull items.
[TxProcessor] broadcasting block 15529591 (0x3ad4836bdda995b285b26821a43fd8c26b208f69bea539898b08a847ccf85972)
BATCH COMPLETED
BATCH STARTED -- 13 requests
Skipping updateAccountNonces for BERA debugging
BATCH COMPLETED
BATCH STARTED -- 6 requests
Skipping updateAccountNonces for BERA debugging
BATCH COMPLETED
BATCH STARTED -- 7 requests
Skipping updateAccountNonces for BERA debugging
Creating block JSON for BERA block 15529592 (0x41793a8df02262d85d487c0382e996629c4e8babdf0ac4a34cb6f273c4beda5b)...
Searching for 17 transactions in transactions_BERA...
Created block json containing 17 txFull items.
[TxProcessor] broadcasting block 15529592 (0x41793a8df02262d85d487c0382e996629c4e8babdf0ac4a34cb6f273c4beda5b)
BATCH COMPLETED
BATCH STARTED -- 10 requests
Skipping updateAccountNonces for BERA debugging
BATCH COMPLETED
BATCH STARTED -- 1 requests
Skipping updateAccountNonces for BERA debugging
Creating block JSON for BERA block 15529593 (0xc5bfaf27276136fb3fdb2ae6818c22a64fa5bfa5153fbdc1e5e810d730b6aa32)...
Searching for 24 transactions in transactions_BERA...
Created block json containing 6 txFull items.
[TxProcessor] broadcasting block 15529593 (0xc5bfaf27276136fb3fdb2ae6818c22a64fa5bfa5153fbdc1e5e810d730b6aa32)
BATCH COMPLETED
BATCH STARTED -- 7 requests
Skipping updateAccountNonces for BERA debugging
BATCH COMPLETED
BATCH STARTED -- 10 requests
Skipping updateAccountNonces for BERA debugging
BATCH COMPLETED
BATCH STARTED -- 8 requests
Skipping updateAccountNonces for BERA debugging
Creating block JSON for BERA block 15529594 (0x91d2cb048065b4e040a043feb361b017a63abcee0c9e717fa7757afbe35b4528)...
Searching for 11 transactions in transactions_BERA...
Created block json containing 11 txFull items.
[TxProcessor] broadcasting block 15529594 (0x91d2cb048065b4e040a043feb361b017a63abcee0c9e717fa7757afbe35b4528)
BATCH COMPLETED
BATCH STARTED -- 9 requests
Skipping updateAccountNonces for BERA debugging
BATCH COMPLETED
BATCH STARTED -- 1 requests
Skipping updateAccountNonces for BERA debugging
Creating block JSON for BERA block 15529595 (0xef6b3e5b45012454b6c6afc2c260c785d1ea88e444fe5a273e175cdb02cc27f0)...
Searching for 19 transactions in transactions_BERA...
Created block json containing 7 txFull items.
[TxProcessor] broadcasting block 15529595 (0xef6b3e5b45012454b6c6afc2c260c785d1ea88e444fe5a273e175cdb02cc27f0)
BATCH COMPLETED
BATCH STARTED -- 9 requests
Skipping updateAccountNonces for BERA debugging
BATCH COMPLETED
BATCH STARTED -- 9 requests
Skipping updateAccountNonces for BERA debugging
BATCH COMPLETED
BATCH STARTED -- 2 requests
Skipping updateAccountNonces for BERA debugging
Creating block JSON for BERA block 15529596 (0xa35881d63a380b99e7af215aa8f5158eaef0b94c50dc5072607d01fddecde685)...
Searching for 13 transactions in transactions_BERA...
Created block json containing 10 txFull items.
[TxProcessor] broadcasting block 15529596 (0xa35881d63a380b99e7af215aa8f5158eaef0b94c50dc5072607d01fddecde685)
BATCH COMPLETED
BATCH STARTED -- 11 requests
Skipping updateAccountNonces for BERA debugging
BATCH COMPLETED
BATCH STARTED -- 2 requests
Skipping updateAccountNonces for BERA debugging
Creating block JSON for BERA block 15529597 (0x8d9ac8f4aea7d6785a19419001cf272196ce20f2c3d767ad6310438cd9a48690)...
Searching for 9 transactions in transactions_BERA...
Created block json containing 9 txFull items.
[TxProcessor] broadcasting block 15529597 (0x8d9ac8f4aea7d6785a19419001cf272196ce20f2c3d767ad6310438cd9a48690)
BATCH COMPLETED
BATCH STARTED -- 7 requests
Skipping updateAccountNonces for BERA debugging
BATCH COMPLETED
BATCH STARTED -- 2 requests
Skipping updateAccountNonces for BERA debugging
Creating block JSON for BERA block 15529598 (0xd9bc778eeed5773125fb95db86d995c619633c0bbe6ddeb561027051d9a37263)...
Searching for 11 transactions in transactions_BERA...
Created block json containing 11 txFull items.
[TxProcessor] broadcasting block 15529598 (0xd9bc778eeed5773125fb95db86d995c619633c0bbe6ddeb561027051d9a37263)
BATCH COMPLETED
BATCH STARTED -- 9 requests
Skipping updateAccountNonces for BERA debugging
BATCH COMPLETED
BATCH STARTED -- 1 requests
Skipping updateAccountNonces for BERA debugging
Creating block JSON for BERA block 15529599 (0x732921055cadca41cab6cbfec983b42411676cde83725613fa45b3631d30d5a6)...
Searching for 11 transactions in transactions_BERA...
Created block json containing 10 txFull items.
[TxProcessor] broadcasting block 15529599 (0x732921055cadca41cab6cbfec983b42411676cde83725613fa45b3631d30d5a6)
BATCH COMPLETED
BATCH STARTED -- 10 requests
Skipping updateAccountNonces for BERA debugging
BATCH COMPLETED
BATCH STARTED -- 1 requests
Skipping updateAccountNonces for BERA debugging
Creating block JSON for BERA block 15529600 (0x8555a538d5640539cd5513072c57487cb57cb0b20b98c59eedbc715681275558)...
Searching for 11 transactions in transactions_BERA...
Created block json containing 6 txFull items.
[TxProcessor] broadcasting block 15529600 (0x8555a538d5640539cd5513072c57487cb57cb0b20b98c59eedbc715681275558)
BATCH COMPLETED
BATCH STARTED -- 8 requests
Skipping updateAccountNonces for BERA debugging
BATCH COMPLETED
BATCH STARTED -- 2 requests
Skipping updateAccountNonces for BERA debugging
BATCH COMPLETED
BATCH STARTED -- 1 requests
Skipping updateAccountNonces for BERA debugging
Creating block JSON for BERA block 15529601 (0x94faf8dadbac0d8a10d8ff97b6c66bc9ebaf282cfcfa70b5e72ad3a771939780)...
Searching for 7 transactions in transactions_BERA...
Created block json containing 7 txFull items.
[TxProcessor] broadcasting block 15529601 (0x94faf8dadbac0d8a10d8ff97b6c66bc9ebaf282cfcfa70b5e72ad3a771939780)
BATCH COMPLETED
BATCH STARTED -- 6 requests
Skipping updateAccountNonces for BERA debugging
BATCH COMPLETED
BATCH STARTED -- 2 requests
Skipping updateAccountNonces for BERA debugging
Creating block JSON for BERA block 15529602 (0x9bf1ea3b9548e3f4520ccdf6d20d0c2cd1e7eaf969fd9075f6df496fd3b43237)...
Searching for 13 transactions in transactions_BERA...
Created block json containing 9 txFull items.
[TxProcessor] broadcasting block 15529602 (0x9bf1ea3b9548e3f4520ccdf6d20d0c2cd1e7eaf969fd9075f6df496fd3b43237)
BATCH COMPLETED
BATCH STARTED -- 11 requests
Skipping updateAccountNonces for BERA debugging
BATCH COMPLETED
BATCH STARTED -- 1 requests
Skipping updateAccountNonces for BERA debugging
Creating block JSON for BERA block 15529603 (0x595550b7f42dba0edc2dc2c18a1da765c1f9973cc6c7ab01b491ee701e24a8ae)...
Searching for 6 transactions in transactions_BERA...
Created block json containing 6 txFull items.
[TxProcessor] broadcasting block 15529603 (0x595550b7f42dba0edc2dc2c18a1da765c1f9973cc6c7ab01b491ee701e24a8ae)
BATCH COMPLETED
BATCH STARTED -- 5 requests
Skipping updateAccountNonces for BERA debugging
BATCH COMPLETED
BATCH STARTED -- 1 requests
Skipping updateAccountNonces for BERA debugging
Creating block JSON for BERA block 15529604 (0x40b32eb6af67cd88582c9486ec8a7758a9eef7f007ec690ca377ad9267dd57aa)...
Searching for 6 transactions in transactions_BERA...
Created block json containing 6 txFull items.
[TxProcessor] broadcasting block 15529604 (0x40b32eb6af67cd88582c9486ec8a7758a9eef7f007ec690ca377ad9267dd57aa)
BATCH COMPLETED
BATCH STARTED -- 5 requests
Skipping updateAccountNonces for BERA debugging
BATCH COMPLETED
BATCH STARTED -- 1 requests
Skipping updateAccountNonces for BERA debugging
Creating block JSON for BERA block 15529605 (0x1023af3d156c9919567d21cbfda697f40ec5ebe9e077a18a98d70a7e5a00cd34)...
Searching for 6 transactions in transactions_BERA...
Created block json containing 6 txFull items.
[TxProcessor] broadcasting block 15529605 (0x1023af3d156c9919567d21cbfda697f40ec5ebe9e077a18a98d70a7e5a00cd34)
BATCH COMPLETED
BATCH STARTED -- 5 requests
Skipping updateAccountNonces for BERA debugging
BATCH COMPLETED
BATCH STARTED -- 2 requests
Skipping updateAccountNonces for BERA debugging
Creating block JSON for BERA block 15529606 (0xfa0d620cd8277fcb1f2fa674c4f000723e2bd60a4492ecd9c88b1cb303f2f0ee)...
Searching for 2 transactions in transactions_BERA...
Created block json containing 2 txFull items.
[TxProcessor] broadcasting block 15529606 (0xfa0d620cd8277fcb1f2fa674c4f000723e2bd60a4492ecd9c88b1cb303f2f0ee)
BATCH COMPLETED
BATCH STARTED -- 4 requests
Skipping updateAccountNonces for BERA debugging
Creating block JSON for BERA block 15529607 (0x5371eb5127910da08177fa630af86726781bc052d73c0c9af443dd468054877b)...
Searching for 17 transactions in transactions_BERA...
Created block json containing 17 txFull items.
[TxProcessor] broadcasting block 15529607 (0x5371eb5127910da08177fa630af86726781bc052d73c0c9af443dd468054877b)
BATCH COMPLETED
BATCH STARTED -- 13 requests
Skipping updateAccountNonces for BERA debugging
BATCH COMPLETED
BATCH STARTED -- 10 requests
Skipping updateAccountNonces for BERA debugging
Creating block JSON for BERA block 15529608 (0x3c3b3e8d7c7eddbc52e39668c6852a8b0792e9b93f7c7f9b3bd26463963ebaa3)...
Searching for 10 transactions in transactions_BERA...
Created block json containing 10 txFull items.
[TxProcessor] broadcasting block 15529608 (0x3c3b3e8d7c7eddbc52e39668c6852a8b0792e9b93f7c7f9b3bd26463963ebaa3)
BATCH COMPLETED
BATCH STARTED -- 2 requests
Skipping updateAccountNonces for BERA debugging
Creating block JSON for BERA block 15529609 (0xefeaca206bd80230dc00651195301fbdc76407fde68ac83ab581027f668e36ee)...
Searching for 10 transactions in transactions_BERA...
Created block json containing 9 txFull items.
[TxProcessor] broadcasting block 15529609 (0xefeaca206bd80230dc00651195301fbdc76407fde68ac83ab581027f668e36ee)
BATCH COMPLETED
BATCH STARTED -- 8 requests
Skipping updateAccountNonces for BERA debugging
BATCH COMPLETED
BATCH STARTED -- 6 requests
Skipping updateAccountNonces for BERA debugging
Creating block JSON for BERA block 15529610 (0x048386f6978c4fb39a6bf007a1e8e1e2ec1608749abe819e75c249945dd786a7)...
Searching for 6 transactions in transactions_BERA...
Created block json containing 6 txFull items.
[TxProcessor] broadcasting block 15529610 (0x048386f6978c4fb39a6bf007a1e8e1e2ec1608749abe819e75c249945dd786a7)
BATCH COMPLETED
BATCH STARTED -- 2 requests
Skipping updateAccountNonces for BERA debugging
Creating block JSON for BERA block 15529611 (0xc9daa0215c888888f71f5d5eacaa1ced2520c66c8edeac703547dba945010f5a)...
Searching for 9 transactions in transactions_BERA...
Created block json containing 9 txFull items.
[TxProcessor] broadcasting block 15529611 (0xc9daa0215c888888f71f5d5eacaa1ced2520c66c8edeac703547dba945010f5a)
BATCH COMPLETED
BATCH STARTED -- 7 requests
Skipping updateAccountNonces for BERA debugging
BATCH COMPLETED
BATCH STARTED -- 2 requests
Skipping updateAccountNonces for BERA debugging
Creating block JSON for BERA block 15529612 (0xc9f616afc0a6df57678aed56999f37cccfc70bdc8bead0d31d291c77c8e9d436)...
Searching for 12 transactions in transactions_BERA...
Created block json containing 10 txFull items.
[TxProcessor] broadcasting block 15529612 (0xc9f616afc0a6df57678aed56999f37cccfc70bdc8bead0d31d291c77c8e9d436)
BATCH COMPLETED
BATCH STARTED -- 10 requests
Skipping updateAccountNonces for BERA debugging
BATCH COMPLETED
BATCH STARTED -- 2 requests
Skipping updateAccountNonces for BERA debugging
Creating block JSON for BERA block 15529613 (0x2093a74ea90e77f990f098a14bdd8871db676dc0ef774267f4762e807aeced02)...
Searching for 8 transactions in transactions_BERA...
Created block json containing 8 txFull items.
[TxProcessor] broadcasting block 15529613 (0x2093a74ea90e77f990f098a14bdd8871db676dc0ef774267f4762e807aeced02)
BATCH COMPLETED
BATCH STARTED -- 6 requests
Skipping updateAccountNonces for BERA debugging
BATCH COMPLETED
BATCH STARTED -- 2 requests
Skipping updateAccountNonces for BERA debugging
Creating block JSON for BERA block 15529614 (0x801bc57cd29351e1c1afb742249b38ed6437061101cda15df030466fddfaba35)...
Searching for 10 transactions in transactions_BERA...
Created block json containing 9 txFull items.
[TxProcessor] broadcasting block 15529614 (0x801bc57cd29351e1c1afb742249b38ed6437061101cda15df030466fddfaba35)
BATCH COMPLETED
BATCH STARTED -- 8 requests
Skipping updateAccountNonces for BERA debugging
BATCH COMPLETED
BATCH STARTED -- 2 requests
Skipping updateAccountNonces for BERA debugging
Creating block JSON for BERA block 15529615 (0x26a1f7bd24c90cbf99d8e8c39a10421c229579e702e3ec6e4cd264c18af60df1)...
Searching for 10 transactions in transactions_BERA...
Created block json containing 10 txFull items.
[TxProcessor] broadcasting block 15529615 (0x26a1f7bd24c90cbf99d8e8c39a10421c229579e702e3ec6e4cd264c18af60df1)
BATCH COMPLETED
BATCH STARTED -- 8 requests
Skipping updateAccountNonces for BERA debugging
BATCH COMPLETED
BATCH STARTED -- 3 requests
Skipping updateAccountNonces for BERA debugging
Creating block JSON for BERA block 15529616 (0xb00aa3b5f8ed2b97a5fb09214f9bf5c28da001926831e3adbe41e73730031754)...
Searching for 10 transactions in transactions_BERA...
Created block json containing 10 txFull items.
[TxProcessor] broadcasting block 15529616 (0xb00aa3b5f8ed2b97a5fb09214f9bf5c28da001926831e3adbe41e73730031754)
BATCH COMPLETED
BATCH STARTED -- 7 requests
Skipping updateAccountNonces for BERA debugging
BATCH COMPLETED
BATCH STARTED -- 1 requests
Skipping updateAccountNonces for BERA debugging
Creating block JSON for BERA block 15529617 (0x43cb4291f173932c74627f7a19f234af8c7b95e02685827838ec2cef1d433aaf)...
Searching for 8 transactions in transactions_BERA...
Created block json containing 8 txFull items.
[TxProcessor] broadcasting block 15529617 (0x43cb4291f173932c74627f7a19f234af8c7b95e02685827838ec2cef1d433aaf)
BATCH COMPLETED
BATCH STARTED -- 7 requests
Skipping updateAccountNonces for BERA debugging
BATCH COMPLETED
BATCH STARTED -- 1 requests
Skipping updateAccountNonces for BERA debugging
Creating block JSON for BERA block 15529618 (0xdd475f8229e2257e6bee1b860bd745fe7780eb72024693dcdb6644329b55b04f)...
Searching for 15 transactions in transactions_BERA...
Created block json containing 8 txFull items.
[TxProcessor] broadcasting block 15529618 (0xdd475f8229e2257e6bee1b860bd745fe7780eb72024693dcdb6644329b55b04f)
BATCH COMPLETED
BATCH STARTED -- 13 requests
Skipping updateAccountNonces for BERA debugging
BATCH COMPLETED
BATCH STARTED -- 1 requests
Skipping updateAccountNonces for BERA debugging
BATCH COMPLETED
BATCH STARTED -- 2 requests
Skipping updateAccountNonces for BERA debugging
Creating block JSON for BERA block 15529619 (0xbf31a1799f786cbce81c49e1dca8a260df0f870c1ddddbe33ff948047e0c7264)...
Searching for 11 transactions in transactions_BERA...
Created block json containing 8 txFull items.
[TxProcessor] broadcasting block 15529619 (0xbf31a1799f786cbce81c49e1dca8a260df0f870c1ddddbe33ff948047e0c7264)
BATCH COMPLETED
BATCH STARTED -- 9 requests
Skipping updateAccountNonces for BERA debugging
BATCH COMPLETED
BATCH STARTED -- 1 requests
Skipping updateAccountNonces for BERA debugging
Creating block JSON for BERA block 15529620 (0xa78330c098cf9d836d3562ee05d94f0c5e09bc6938313f20381b310700bf6a9d)...
Searching for 8 transactions in transactions_BERA...
Created block json containing 8 txFull items.
[TxProcessor] broadcasting block 15529620 (0xa78330c098cf9d836d3562ee05d94f0c5e09bc6938313f20381b310700bf6a9d)
BATCH COMPLETED
BATCH STARTED -- 7 requests
Skipping updateAccountNonces for BERA debugging
BATCH COMPLETED
BATCH STARTED -- 1 requests
Skipping updateAccountNonces for BERA debugging
Creating block JSON for BERA block 15529621 (0xbfa0da3eddf02da94c8a4a7224de273447c900b8e791c02de1c6e91ac2c16adc)...
Searching for 10 transactions in transactions_BERA...
Created block json containing 10 txFull items.
[TxProcessor] broadcasting block 15529621 (0xbfa0da3eddf02da94c8a4a7224de273447c900b8e791c02de1c6e91ac2c16adc)
BATCH COMPLETED
BATCH STARTED -- 9 requests
Skipping updateAccountNonces for BERA debugging
BATCH COMPLETED
BATCH STARTED -- 3 requests
Skipping updateAccountNonces for BERA debugging
Creating block JSON for BERA block 15529622 (0x3a78fe40278c943723a84a20e5ce21aa84e1fbe961c88611310f359dcac65040)...
Searching for 7 transactions in transactions_BERA...
Created block json containing 7 txFull items.
[TxProcessor] broadcasting block 15529622 (0x3a78fe40278c943723a84a20e5ce21aa84e1fbe961c88611310f359dcac65040)
BATCH COMPLETED
BATCH STARTED -- 4 requests
Skipping updateAccountNonces for BERA debugging
BATCH COMPLETED
BATCH STARTED -- 2 requests
Skipping updateAccountNonces for BERA debugging
Creating block JSON for BERA block 15529623 (0x22b7d560127cb6bcaaf307ae40916e0fd01d55d533a5b577c08ae59f74536b9f)...
Searching for 12 transactions in transactions_BERA...
Created block json containing 8 txFull items.
[TxProcessor] broadcasting block 15529623 (0x22b7d560127cb6bcaaf307ae40916e0fd01d55d533a5b577c08ae59f74536b9f)
BATCH COMPLETED
BATCH STARTED -- 10 requests
Skipping updateAccountNonces for BERA debugging
BATCH COMPLETED
BATCH STARTED -- 5 requests
Skipping updateAccountNonces for BERA debugging
Creating block JSON for BERA block 15529624 (0xc4881e293b3afa5d62898f4dc0eb87edbc50c6da253f1bc0643383c5dbeabd06)...
Searching for 5 transactions in transactions_BERA...
Created block json containing 5 txFull items.
[TxProcessor] broadcasting block 15529624 (0xc4881e293b3afa5d62898f4dc0eb87edbc50c6da253f1bc0643383c5dbeabd06)
BATCH COMPLETED
BATCH STARTED -- 1 requests
Skipping updateAccountNonces for BERA debugging
Creating block JSON for BERA block 15529625 (0x573fe0f3381d30245fc7dd467b08ab332c6391570a48f6108d4ea44d7864186e)...
Searching for 8 transactions in transactions_BERA...
Created block json containing 7 txFull items.
[TxProcessor] broadcasting block 15529625 (0x573fe0f3381d30245fc7dd467b08ab332c6391570a48f6108d4ea44d7864186e)
BATCH COMPLETED
BATCH STARTED -- 7 requests
Skipping updateAccountNonces for BERA debugging
BATCH COMPLETED
BATCH STARTED -- 2 requests
Skipping updateAccountNonces for BERA debugging
Creating block JSON for BERA block 15529626 (0x0cf96115b74c5bf9f67155c62f377ffba4825149ad6dbb8b76ebd5bc6a04516d)...
Searching for 5 transactions in transactions_BERA...
Created block json containing 5 txFull items.
[TxProcessor] broadcasting block 15529626 (0x0cf96115b74c5bf9f67155c62f377ffba4825149ad6dbb8b76ebd5bc6a04516d)
BATCH COMPLETED
BATCH STARTED -- 3 requests
Skipping updateAccountNonces for BERA debugging
BATCH COMPLETED
BATCH STARTED -- 1 requests
Skipping updateAccountNonces for BERA debugging
Creating block JSON for BERA block 15529627 (0xfb074bf76705652e4540bce9e40922c0fed222004e0f1c4cab16485b7c4ee78b)...
Searching for 10 transactions in transactions_BERA...
Created block json containing 7 txFull items.
[TxProcessor] broadcasting block 15529627 (0xfb074bf76705652e4540bce9e40922c0fed222004e0f1c4cab16485b7c4ee78b)
BATCH COMPLETED
BATCH STARTED -- 9 requests
Skipping updateAccountNonces for BERA debugging
BATCH COMPLETED
BATCH STARTED -- 2 requests
Skipping updateAccountNonces for BERA debugging
Creating block JSON for BERA block 15529628 (0x9594502f507a4316fccf8d49dc810f42700ecc31dc7e64a38370ba59469b43f1)...
Searching for 10 transactions in transactions_BERA...
Created block json containing 9 txFull items.
[TxProcessor] broadcasting block 15529628 (0x9594502f507a4316fccf8d49dc810f42700ecc31dc7e64a38370ba59469b43f1)
BATCH COMPLETED
BATCH STARTED -- 8 requests
Skipping updateAccountNonces for BERA debugging
BATCH COMPLETED
BATCH STARTED -- 2 requests
Skipping updateAccountNonces for BERA debugging
Creating block JSON for BERA block 15529629 (0x70f6a204760563aecec0cd915ec6ae02a37342b14ba607e267d1b83924d9074c)...
Searching for 6 transactions in transactions_BERA...
Created block json containing 6 txFull items.
[TxProcessor] broadcasting block 15529629 (0x70f6a204760563aecec0cd915ec6ae02a37342b14ba607e267d1b83924d9074c)
BATCH COMPLETED
BATCH STARTED -- 4 requests
Skipping updateAccountNonces for BERA debugging
BATCH COMPLETED
BATCH STARTED -- 1 requests
Skipping updateAccountNonces for BERA debugging
Creating block JSON for BERA block 15529630 (0x33c3cc05bacb0a2ae1ff79046129c43514de72b20797e66d7fd989cbccfdf0e1)...
Searching for 9 transactions in transactions_BERA...
Created block json containing 7 txFull items.
[TxProcessor] broadcasting block 15529630 (0x33c3cc05bacb0a2ae1ff79046129c43514de72b20797e66d7fd989cbccfdf0e1)
BATCH COMPLETED
BATCH STARTED -- 8 requests
Skipping updateAccountNonces for BERA debugging
BATCH COMPLETED
BATCH STARTED -- 2 requests
Skipping updateAccountNonces for BERA debugging
Creating block JSON for BERA block 15529631 (0x1f537f6091bcf2b7eb9ea4efa0e88f2a077a47ce8cefeae2835ad311eacbd983)...
Searching for 4 transactions in transactions_BERA...
Created block json containing 4 txFull items.
[TxProcessor] broadcasting block 15529631 (0x1f537f6091bcf2b7eb9ea4efa0e88f2a077a47ce8cefeae2835ad311eacbd983)
BATCH COMPLETED
BATCH STARTED -- 2 requests
Skipping updateAccountNonces for BERA debugging
BATCH COMPLETED
BATCH STARTED -- 1 requests
Skipping updateAccountNonces for BERA debugging
Creating block JSON for BERA block 15529632 (0xe703a98f9fa4f463737f7549b7cc2b6b3a770658a852e146c63d5bc37f3002ae)...
Searching for 13 transactions in transactions_BERA...
Created block json containing 7 txFull items.
[TxProcessor] broadcasting block 15529632 (0xe703a98f9fa4f463737f7549b7cc2b6b3a770658a852e146c63d5bc37f3002ae)
BATCH COMPLETED
BATCH STARTED -- 10 requests
Skipping updateAccountNonces for BERA debugging
BATCH COMPLETED
BATCH STARTED -- 2 requests
Skipping updateAccountNonces for BERA debugging
BATCH COMPLETED
BATCH STARTED -- 2 requests
Skipping updateAccountNonces for BERA debugging
Creating block JSON for BERA block 15529633 (0x8b835c843d606e68b739062ef7406ab3f6527d1110c6ef26461d0aec4715e262)...
Searching for 12 transactions in transactions_BERA...
Created block json containing 9 txFull items.
[TxProcessor] broadcasting block 15529633 (0x8b835c843d606e68b739062ef7406ab3f6527d1110c6ef26461d0aec4715e262)
BATCH COMPLETED
BATCH STARTED -- 10 requests
Skipping updateAccountNonces for BERA debugging
BATCH COMPLETED
BATCH STARTED -- 7 requests
Skipping updateAccountNonces for BERA debugging
Creating block JSON for BERA block 15529634 (0x87f46376d5c0623694856c15e9fa6f31bed1eafb44893e530a2461659271013d)...
Searching for 7 transactions in transactions_BERA...
Created block json containing 7 txFull items.
[TxProcessor] broadcasting block 15529634 (0x87f46376d5c0623694856c15e9fa6f31bed1eafb44893e530a2461659271013d)
BATCH COMPLETED
BATCH STARTED -- 1 requests
Skipping updateAccountNonces for BERA debugging
Creating block JSON for BERA block 15529635 (0x036061c10bf444c5b4fe2c8f4da5a562c9d71cad4a75807f7e4019f80ec489fe)...
Searching for 8 transactions in transactions_BERA...
Created block json containing 8 txFull items.
[TxProcessor] broadcasting block 15529635 (0x036061c10bf444c5b4fe2c8f4da5a562c9d71cad4a75807f7e4019f80ec489fe)
BATCH COMPLETED
BATCH STARTED -- 7 requests
Skipping updateAccountNonces for BERA debugging
BATCH COMPLETED
BATCH STARTED -- 3 requests
Skipping updateAccountNonces for BERA debugging
Creating block JSON for BERA block 15529636 (0xd4a5dbea1792cf11e7a3356037f00f6413416c1c8b431786ef27ed4ee764cf50)...
Searching for 9 transactions in transactions_BERA...
Created block json containing 9 txFull items.
[TxProcessor] broadcasting block 15529636 (0xd4a5dbea1792cf11e7a3356037f00f6413416c1c8b431786ef27ed4ee764cf50)
BATCH COMPLETED
BATCH STARTED -- 6 requests
Skipping updateAccountNonces for BERA debugging
BATCH COMPLETED
BATCH STARTED -- 1 requests
Skipping updateAccountNonces for BERA debugging
Creating block JSON for BERA block 15529637 (0xba5d7b2bee090da9f9bc0809ead8ac7d42e4acb475eec1f5a01ad683bd88175e)...
Searching for 11 transactions in transactions_BERA...
Created block json containing 7 txFull items.
[TxProcessor] broadcasting block 15529637 (0xba5d7b2bee090da9f9bc0809ead8ac7d42e4acb475eec1f5a01ad683bd88175e)
BATCH COMPLETED
BATCH STARTED -- 8 requests
Skipping updateAccountNonces for BERA debugging
BATCH COMPLETED
BATCH STARTED -- 2 requests
Skipping updateAccountNonces for BERA debugging
BATCH COMPLETED
BATCH STARTED -- 1 requests
Skipping updateAccountNonces for BERA debugging
Creating block JSON for BERA block 15529638 (0x506e2af8c52dd9b54b79302bc02d1ac74572601f81fb84fa70c4ed7476bfa906)...
Searching for 13 transactions in transactions_BERA...
Created block json containing 7 txFull items.
[TxProcessor] broadcasting block 15529638 (0x506e2af8c52dd9b54b79302bc02d1ac74572601f81fb84fa70c4ed7476bfa906)
BATCH COMPLETED
BATCH STARTED -- 9 requests
Skipping updateAccountNonces for BERA debugging
BATCH COMPLETED
BATCH STARTED -- 3 requests
Skipping updateAccountNonces for BERA debugging
BATCH COMPLETED
BATCH STARTED -- 1 requests
Skipping updateAccountNonces for BERA debugging
Creating block JSON for BERA block 15529639 (0x8c160ff4e73087c6b5e3d5496268b66e80a44a12089f8a2046aa8274b8e8ef9c)...
Searching for 9 transactions in transactions_BERA...
Created block json containing 6 txFull items.
[TxProcessor] broadcasting block 15529639 (0x8c160ff4e73087c6b5e3d5496268b66e80a44a12089f8a2046aa8274b8e8ef9c)
BATCH COMPLETED
BATCH STARTED -- 8 requests
Skipping updateAccountNonces for BERA debugging
BATCH COMPLETED
BATCH STARTED -- 1 requests
Skipping updateAccountNonces for BERA debugging
Creating block JSON for BERA block 15529640 (0x48875cd46af6ee647cdc04f28cdefa2a5cfae051c28cb50d520dad6bd20fc173)...
Searching for 5 transactions in transactions_BERA...
Created block json containing 5 txFull items.
[TxProcessor] broadcasting block 15529640 (0x48875cd46af6ee647cdc04f28cdefa2a5cfae051c28cb50d520dad6bd20fc173)
BATCH COMPLETED
BATCH STARTED -- 4 requests
Skipping updateAccountNonces for BERA debugging
BATCH COMPLETED
BATCH STARTED -- 1 requests
Skipping updateAccountNonces for BERA debugging
Creating block JSON for BERA block 15529641 (0x0758208287286179703dcc4b5dcc0c43f4800a54ddcb58173e8455446ea7cfc2)...
Searching for 5 transactions in transactions_BERA...
Created block json containing 5 txFull items.
[TxProcessor] broadcasting block 15529641 (0x0758208287286179703dcc4b5dcc0c43f4800a54ddcb58173e8455446ea7cfc2)
BATCH COMPLETED
BATCH STARTED -- 4 requests
Skipping updateAccountNonces for BERA debugging
BATCH COMPLETED
BATCH STARTED -- 2 requests
Skipping updateAccountNonces for BERA debugging
Creating block JSON for BERA block 15529642 (0x3ac267b015641fd222936647b49ea48686f24bc610d9185a1d4166e2c5074642)...
Searching for 14 transactions in transactions_BERA...
Created block json containing 9 txFull items.
[TxProcessor] broadcasting block 15529642 (0x3ac267b015641fd222936647b49ea48686f24bc610d9185a1d4166e2c5074642)
BATCH COMPLETED
BATCH STARTED -- 11 requests
Skipping updateAccountNonces for BERA debugging
BATCH COMPLETED
BATCH STARTED -- 1 requests
Skipping updateAccountNonces for BERA debugging
BATCH COMPLETED
BATCH STARTED -- 1 requests
Skipping updateAccountNonces for BERA debugging
Creating block JSON for BERA block 15529643 (0xae92c5c76c83a7e709382c179200cd48d561e3b6686b8165f5748e27c76c9f03)...
Searching for 10 transactions in transactions_BERA...
Created block json containing 8 txFull items.
[TxProcessor] broadcasting block 15529643 (0xae92c5c76c83a7e709382c179200cd48d561e3b6686b8165f5748e27c76c9f03)
BATCH COMPLETED
BATCH STARTED -- 9 requests
Skipping updateAccountNonces for BERA debugging
BATCH COMPLETED
BATCH STARTED -- 2 requests
Skipping updateAccountNonces for BERA debugging
Creating block JSON for BERA block 15529644 (0x3af5b578d91412fcfbb239e7f4d896a89941e998a2ea39b0c14e4991f472ed1f)...
Searching for 12 transactions in transactions_BERA...
Created block json containing 9 txFull items.
[TxProcessor] broadcasting block 15529644 (0x3af5b578d91412fcfbb239e7f4d896a89941e998a2ea39b0c14e4991f472ed1f)
BATCH COMPLETED
BATCH STARTED -- 10 requests
Skipping updateAccountNonces for BERA debugging
BATCH COMPLETED
BATCH STARTED -- 4 requests
Skipping updateAccountNonces for BERA debugging
Creating block JSON for BERA block 15529645 (0x279cd14413a6cbb865b3d369283094b61652617d851fdf95d7e813e4e857f77b)...
Searching for 16 transactions in transactions_BERA...
Created block json containing 12 txFull items.
[TxProcessor] broadcasting block 15529645 (0x279cd14413a6cbb865b3d369283094b61652617d851fdf95d7e813e4e857f77b)
BATCH COMPLETED
BATCH STARTED -- 12 requests
Skipping updateAccountNonces for BERA debugging
BATCH COMPLETED
BATCH STARTED -- 1 requests
Skipping updateAccountNonces for BERA debugging
Creating block JSON for BERA block 15529646 (0xfabe75ad719d45f9df6f30496c0537ad97b1b1b07bf9887270434da724a6aad8)...
Searching for 6 transactions in transactions_BERA...
Created block json containing 6 txFull items.
[TxProcessor] broadcasting block 15529646 (0xfabe75ad719d45f9df6f30496c0537ad97b1b1b07bf9887270434da724a6aad8)
BATCH COMPLETED
BATCH STARTED -- 5 requests
Skipping updateAccountNonces for BERA debugging
BATCH COMPLETED
BATCH STARTED -- 2 requests
Skipping updateAccountNonces for BERA debugging
Creating block JSON for BERA block 15529647 (0x12cc93b3f85bd254f9f868a56d242f58b9d61cc665dbc7019e89f8f142e80c64)...
Searching for 4 transactions in transactions_BERA...
Created block json containing 4 txFull items.
[TxProcessor] broadcasting block 15529647 (0x12cc93b3f85bd254f9f868a56d242f58b9d61cc665dbc7019e89f8f142e80c64)
BATCH COMPLETED
BATCH STARTED -- 2 requests
Skipping updateAccountNonces for BERA debugging
BATCH COMPLETED
BATCH STARTED -- 2 requests
Skipping updateAccountNonces for BERA debugging
Creating block JSON for BERA block 15529648 (0xbaa43aed363a9fab1d338ce5bf7460190784918ceba2e2d1bdb9054d43f8dddc)...
Searching for 17 transactions in transactions_BERA...
Created block json containing 10 txFull items.
[TxProcessor] broadcasting block 15529648 (0xbaa43aed363a9fab1d338ce5bf7460190784918ceba2e2d1bdb9054d43f8dddc)
BATCH COMPLETED
BATCH STARTED -- 11 requests
Skipping updateAccountNonces for BERA debugging
BATCH COMPLETED
BATCH STARTED -- 4 requests
Skipping updateAccountNonces for BERA debugging
BATCH COMPLETED
BATCH STARTED -- 2 requests
Skipping updateAccountNonces for BERA debugging
Creating block JSON for BERA block 15529649 (0xe4658a79aacfa3f01ea583746a782b157a2c74f5ceda51bc4180ad3a7a1d6744)...
Searching for 7 transactions in transactions_BERA...
Created block json containing 7 txFull items.
[TxProcessor] broadcasting block 15529649 (0xe4658a79aacfa3f01ea583746a782b157a2c74f5ceda51bc4180ad3a7a1d6744)
BATCH COMPLETED
BATCH STARTED -- 5 requests
Skipping updateAccountNonces for BERA debugging
BATCH COMPLETED
BATCH STARTED -- 1 requests
Skipping updateAccountNonces for BERA debugging
Creating block JSON for BERA block 15529650 (0xc5ee0a48aa30d23ac79bbbd1a13614a4220437e070feb9c8c1c09056860d77fc)...
Searching for 10 transactions in transactions_BERA...
Created block json containing 7 txFull items.
[TxProcessor] broadcasting block 15529650 (0xc5ee0a48aa30d23ac79bbbd1a13614a4220437e070feb9c8c1c09056860d77fc)
BATCH COMPLETED
BATCH STARTED -- 9 requests
Skipping updateAccountNonces for BERA debugging
BATCH COMPLETED
BATCH STARTED -- 2 requests
Skipping updateAccountNonces for BERA debugging
Creating block JSON for BERA block 15529651 (0x48981cdf359a71ce65fda557501d7a4b367ccf3337bf08515d9a5c6a12a2b6d4)...
Searching for 3 transactions in transactions_BERA...
Created block json containing 3 txFull items.
[TxProcessor] broadcasting block 15529651 (0x48981cdf359a71ce65fda557501d7a4b367ccf3337bf08515d9a5c6a12a2b6d4)
BATCH COMPLETED
BATCH STARTED -- 1 requests
Skipping updateAccountNonces for BERA debugging
BATCH COMPLETED
BATCH STARTED -- 1 requests
Skipping updateAccountNonces for BERA debugging
Creating block JSON for BERA block 15529652 (0xde7bfee1e4a64a00fadfb69299637292f92b11f1ecda5b007059e576dc7ac328)...
Searching for 11 transactions in transactions_BERA...
Created block json containing 6 txFull items.
[TxProcessor] broadcasting block 15529652 (0xde7bfee1e4a64a00fadfb69299637292f92b11f1ecda5b007059e576dc7ac328)
BATCH COMPLETED
BATCH STARTED -- 8 requests
Skipping updateAccountNonces for BERA debugging
BATCH COMPLETED
BATCH STARTED -- 2 requests
Skipping updateAccountNonces for BERA debugging
BATCH COMPLETED
BATCH STARTED -- 1 requests
Skipping updateAccountNonces for BERA debugging
Creating block JSON for BERA block 15529653 (0x23fb0b15d757ed130465dd436e68460b33eeecd3a6b85eda74185beccc3a6b82)...
Searching for 12 transactions in transactions_BERA...
Created block json containing 6 txFull items.
[TxProcessor] broadcasting block 15529653 (0x23fb0b15d757ed130465dd436e68460b33eeecd3a6b85eda74185beccc3a6b82)
BATCH COMPLETED
BATCH STARTED -- 8 requests
Skipping updateAccountNonces for BERA debugging
BATCH COMPLETED
BATCH STARTED -- 3 requests
Skipping updateAccountNonces for BERA debugging
BATCH COMPLETED
BATCH STARTED -- 6 requests
Skipping updateAccountNonces for BERA debugging
Creating block JSON for BERA block 15529654 (0x50ace1de95a5b4f033a1404a2e9d3d6811a43293e65748fc65287d32f976ed3d)...
Searching for 8 transactions in transactions_BERA...
Created block json containing 8 txFull items.
[TxProcessor] broadcasting block 15529654 (0x50ace1de95a5b4f033a1404a2e9d3d6811a43293e65748fc65287d32f976ed3d)
BATCH COMPLETED
BATCH STARTED -- 2 requests
Skipping updateAccountNonces for BERA debugging
BATCH COMPLETED
BATCH STARTED -- 1 requests
Skipping updateAccountNonces for BERA debugging
Creating block JSON for BERA block 15529655 (0xd85d1894c2342df5371f55d4d259a655b560a34bf194af1242d2f774610d5816)...
Searching for 12 transactions in transactions_BERA...
Created block json containing 6 txFull items.
[TxProcessor] broadcasting block 15529655 (0xd85d1894c2342df5371f55d4d259a655b560a34bf194af1242d2f774610d5816)
BATCH COMPLETED
BATCH STARTED -- 8 requests
Skipping updateAccountNonces for BERA debugging
BATCH COMPLETED
BATCH STARTED -- 3 requests
Skipping updateAccountNonces for BERA debugging
BATCH COMPLETED
BATCH STARTED -- 2 requests
Skipping updateAccountNonces for BERA debugging
Creating block JSON for BERA block 15529656 (0xe183ac5fb927fd957cbfc54d29693a06091a920516356ed400d813db41b05f75)...
Searching for 10 transactions in transactions_BERA...
Created block json containing 10 txFull items.
[TxProcessor] broadcasting block 15529656 (0xe183ac5fb927fd957cbfc54d29693a06091a920516356ed400d813db41b05f75)
BATCH COMPLETED
BATCH STARTED -- 8 requests
Skipping updateAccountNonces for BERA debugging
BATCH COMPLETED
BATCH STARTED -- 1 requests
Skipping updateAccountNonces for BERA debugging
Creating block JSON for BERA block 15529657 (0x242bc92e43ceefa05b99885f565e2e852aa7a150faccd63622986026ed419400)...
Searching for 9 transactions in transactions_BERA...
Created block json containing 7 txFull items.
[TxProcessor] broadcasting block 15529657 (0x242bc92e43ceefa05b99885f565e2e852aa7a150faccd63622986026ed419400)
BATCH COMPLETED
BATCH STARTED -- 8 requests
Skipping updateAccountNonces for BERA debugging
BATCH COMPLETED
BATCH STARTED -- 2 requests
Skipping updateAccountNonces for BERA debugging
Creating block JSON for BERA block 15529658 (0xc82f4f2aad5a84beac2dcd6f949ddd580d858a2f4d521187ff79161ff108742a)...
Searching for 11 transactions in transactions_BERA...
Created block json containing 8 txFull items.
[TxProcessor] broadcasting block 15529658 (0xc82f4f2aad5a84beac2dcd6f949ddd580d858a2f4d521187ff79161ff108742a)
BATCH COMPLETED
BATCH STARTED -- 9 requests
Skipping updateAccountNonces for BERA debugging
BATCH COMPLETED
BATCH STARTED -- 1 requests
Skipping updateAccountNonces for BERA debugging
Creating block JSON for BERA block 15529659 (0xc66b080fdcec4b39eb181a767c1a8224a3bfd3ec8f1d99b9c4ac0e2575262e20)...
Searching for 29 transactions in transactions_BERA...
Created block json containing 7 txFull items.
[TxProcessor] broadcasting block 15529659 (0xc66b080fdcec4b39eb181a767c1a8224a3bfd3ec8f1d99b9c4ac0e2575262e20)
BATCH COMPLETED
BATCH STARTED -- 9 requests
Skipping updateAccountNonces for BERA debugging
BATCH COMPLETED
BATCH STARTED -- 11 requests
Skipping updateAccountNonces for BERA debugging
BATCH COMPLETED
BATCH STARTED -- 8 requests
Skipping updateAccountNonces for BERA debugging
BATCH COMPLETED
BATCH STARTED -- 6 requests
Skipping updateAccountNonces for BERA debugging
Creating block JSON for BERA block 15529661 (0x17ffaa75d24aac2e39524f5c0d1f18c2ee27f8303bd49eabc2e4061026bba850)...
Searching for 4 transactions in transactions_BERA...
Creating block JSON for BERA block 15529662 (0x36f6697720c14c6efdd32705a96c9be3a7889642a5dbf322426c44061939e645)...
Searching for 6 transactions in transactions_BERA...
Created block json containing 6 txFull items.
[TxProcessor] broadcasting block 15529662 (0x36f6697720c14c6efdd32705a96c9be3a7889642a5dbf322426c44061939e645)
Created block json containing 4 txFull items.
[TxProcessor] broadcasting block 15529661 (0x17ffaa75d24aac2e39524f5c0d1f18c2ee27f8303bd49eabc2e4061026bba850)
BATCH COMPLETED
BATCH STARTED -- 6 requests
Skipping updateAccountNonces for BERA debugging
Creating block JSON for BERA block 15529663 (0x2210cc8cb86138ff9cb20ee7bc3d0223350cb12023fb417d71835716706eb10a)...
Searching for 6 transactions in transactions_BERA...
Created block json containing 6 txFull items.
[TxProcessor] broadcasting block 15529663 (0x2210cc8cb86138ff9cb20ee7bc3d0223350cb12023fb417d71835716706eb10a)
BATCH COMPLETED
BATCH STARTED -- 8 requests
Skipping updateAccountNonces for BERA debugging
Creating block JSON for BERA block 15529664 (0x2bfb6e4da980d941dfd1741557134cfbd192009e6dbd5fc8ad390d7480186f8c)...
Searching for 11 transactions in transactions_BERA...
Created block json containing 11 txFull items.
[TxProcessor] broadcasting block 15529664 (0x2bfb6e4da980d941dfd1741557134cfbd192009e6dbd5fc8ad390d7480186f8c)
BATCH COMPLETED
BATCH STARTED -- 7 requests
Skipping updateAccountNonces for BERA debugging
BATCH COMPLETED
BATCH STARTED -- 2 requests
Skipping updateAccountNonces for BERA debugging
Creating block JSON for BERA block 15529665 (0xb89faadbb3350c903b1cd6774eeb98f2b2a7cc28cfe3eb96575fe6942857c614)...
Searching for 10 transactions in transactions_BERA...
Created block json containing 9 txFull items.
[TxProcessor] broadcasting block 15529665 (0xb89faadbb3350c903b1cd6774eeb98f2b2a7cc28cfe3eb96575fe6942857c614)
BATCH COMPLETED
BATCH STARTED -- 8 requests
Skipping updateAccountNonces for BERA debugging
BATCH COMPLETED
BATCH STARTED -- 3 requests
Skipping updateAccountNonces for BERA debugging
Creating block JSON for BERA block 15529666 (0x30bd03d7fab10d1abb5227a3f9c31d688fe641280489837ce2bdb32051b1f64c)...
Searching for 8 transactions in transactions_BERA...
Created block json containing 8 txFull items.
[TxProcessor] broadcasting block 15529666 (0x30bd03d7fab10d1abb5227a3f9c31d688fe641280489837ce2bdb32051b1f64c)
BATCH COMPLETED
BATCH STARTED -- 5 requests
Skipping updateAccountNonces for BERA debugging
BATCH COMPLETED
BATCH STARTED -- 1 requests
Skipping updateAccountNonces for BERA debugging
Creating block JSON for BERA block 15529667 (0x54e24a68a9aa9c583f9c6d50cba03da396c1fdf6a18824465d7c0c779aa23e00)...
Searching for 10 transactions in transactions_BERA...
Created block json containing 7 txFull items.
[TxProcessor] broadcasting block 15529667 (0x54e24a68a9aa9c583f9c6d50cba03da396c1fdf6a18824465d7c0c779aa23e00)
BATCH COMPLETED
BATCH STARTED -- 9 requests
Skipping updateAccountNonces for BERA debugging
BATCH COMPLETED
BATCH STARTED -- 3 requests
Skipping updateAccountNonces for BERA debugging
Creating block JSON for BERA block 15529668 (0xa82181fd8613bf98beaa73c1ebee200403dd812676c3686d09f564bdea525f5a)...
Searching for 12 transactions in transactions_BERA...
Created block json containing 11 txFull items.
[TxProcessor] broadcasting block 15529668 (0xa82181fd8613bf98beaa73c1ebee200403dd812676c3686d09f564bdea525f5a)
BATCH COMPLETED
BATCH STARTED -- 9 requests
Skipping updateAccountNonces for BERA debugging
BATCH COMPLETED
BATCH STARTED -- 1 requests
Skipping updateAccountNonces for BERA debugging
Creating block JSON for BERA block 15529669 (0x91da73eec3d9adc7bf9e50d41e052e5252c9275452c5b81f8015d8727ee672dd)...
Searching for 7 transactions in transactions_BERA...
Created block json containing 7 txFull items.
[TxProcessor] broadcasting block 15529669 (0x91da73eec3d9adc7bf9e50d41e052e5252c9275452c5b81f8015d8727ee672dd)
BATCH COMPLETED
BATCH STARTED -- 6 requests
Skipping updateAccountNonces for BERA debugging
BATCH COMPLETED
BATCH STARTED -- 2 requests
Skipping updateAccountNonces for BERA debugging
Creating block JSON for BERA block 15529670 (0xe01c698ca2e51be08a194daaa23f4c95a57cf75b958456a64896016bbac89920)...
Searching for 10 transactions in transactions_BERA...
Created block json containing 10 txFull items.
[TxProcessor] broadcasting block 15529670 (0xe01c698ca2e51be08a194daaa23f4c95a57cf75b958456a64896016bbac89920)
BATCH COMPLETED
BATCH STARTED -- 8 requests
Skipping updateAccountNonces for BERA debugging
BATCH COMPLETED
BATCH STARTED -- 2 requests
Skipping updateAccountNonces for BERA debugging
Creating block JSON for BERA block 15529671 (0x1622c3f7015722f3150fdc36f8c2b0621fb8b0f49999bdf96c25e60d14f4daa0)...
Searching for 11 transactions in transactions_BERA...
Created block json containing 11 txFull items.
[TxProcessor] broadcasting block 15529671 (0x1622c3f7015722f3150fdc36f8c2b0621fb8b0f49999bdf96c25e60d14f4daa0)
BATCH COMPLETED
BATCH STARTED -- 9 requests
Skipping updateAccountNonces for BERA debugging
BATCH COMPLETED
BATCH STARTED -- 1 requests
Skipping updateAccountNonces for BERA debugging
Creating block JSON for BERA block 15529672 (0xc1be67d6d6dfb914a58e9119d1eed59f309add263026f3d8d5dc892846a3b21d)...
Searching for 6 transactions in transactions_BERA...
Created block json containing 6 txFull items.
[TxProcessor] broadcasting block 15529672 (0xc1be67d6d6dfb914a58e9119d1eed59f309add263026f3d8d5dc892846a3b21d)
BATCH COMPLETED
BATCH STARTED -- 5 requests
Skipping updateAccountNonces for BERA debugging
BATCH COMPLETED
BATCH STARTED -- 2 requests
Skipping updateAccountNonces for BERA debugging
Creating block JSON for BERA block 15529673 (0xfe73fe2927fdfbfaded3beb5452f24bf5096c5c23ec184e855657fd032c14e97)...
Searching for 7 transactions in transactions_BERA...
Created block json containing 7 txFull items.
[TxProcessor] broadcasting block 15529673 (0xfe73fe2927fdfbfaded3beb5452f24bf5096c5c23ec184e855657fd032c14e97)
BATCH COMPLETED
BATCH STARTED -- 5 requests
Skipping updateAccountNonces for BERA debugging
BATCH COMPLETED
BATCH STARTED -- 2 requests
Skipping updateAccountNonces for BERA debugging
Creating block JSON for BERA block 15529674 (0x767a0d2562f964dd4e651379712dc13c0855979f2b5581398ddfd5d43db1a4b0)...
Searching for 11 transactions in transactions_BERA...
Created block json containing 9 txFull items.
[TxProcessor] broadcasting block 15529674 (0x767a0d2562f964dd4e651379712dc13c0855979f2b5581398ddfd5d43db1a4b0)
BATCH COMPLETED
BATCH STARTED -- 9 requests
Skipping updateAccountNonces for BERA debugging
BATCH COMPLETED
BATCH STARTED -- 1 requests
Skipping updateAccountNonces for BERA debugging
Creating block JSON for BERA block 15529675 (0x5b8bdfd3a76f600c66abf16841307fd53479cc500ed2a09fd666e2019276ef6f)...
Searching for 9 transactions in transactions_BERA...
Created block json containing 7 txFull items.
[TxProcessor] broadcasting block 15529675 (0x5b8bdfd3a76f600c66abf16841307fd53479cc500ed2a09fd666e2019276ef6f)
BATCH COMPLETED
BATCH STARTED -- 8 requests
Skipping updateAccountNonces for BERA debugging
BATCH COMPLETED
BATCH STARTED -- 1 requests
Skipping updateAccountNonces for BERA debugging
Creating block JSON for BERA block 15529676 (0xd7c5b5045773a931d31de09c41b4a41892595f7304c8ee5bfd45c8f9aa854239)...
Searching for 6 transactions in transactions_BERA...
Created block json containing 6 txFull items.
[TxProcessor] broadcasting block 15529676 (0xd7c5b5045773a931d31de09c41b4a41892595f7304c8ee5bfd45c8f9aa854239)
BATCH COMPLETED
BATCH STARTED -- 5 requests
Skipping updateAccountNonces for BERA debugging
BATCH COMPLETED
BATCH STARTED -- 2 requests
Skipping updateAccountNonces for BERA debugging
Creating block JSON for BERA block 15529677 (0xdacbd0dee16a7369e3cd737f3b923175e3103f4644b45a2a3913dbcb4713210d)...
Searching for 10 transactions in transactions_BERA...
Created block json containing 8 txFull items.
[TxProcessor] broadcasting block 15529677 (0xdacbd0dee16a7369e3cd737f3b923175e3103f4644b45a2a3913dbcb4713210d)
BATCH COMPLETED
BATCH STARTED -- 8 requests
Skipping updateAccountNonces for BERA debugging
BATCH COMPLETED
BATCH STARTED -- 5 requests
Skipping updateAccountNonces for BERA debugging
Creating block JSON for BERA block 15529678 (0x7c84fc88ffca42d9a416a341256f7cbca03a7418ee07ae09e278dfdd2e4d9455)...
Searching for 7 transactions in transactions_BERA...
Created block json containing 7 txFull items.
[TxProcessor] broadcasting block 15529678 (0x7c84fc88ffca42d9a416a341256f7cbca03a7418ee07ae09e278dfdd2e4d9455)
BATCH COMPLETED
BATCH STARTED -- 2 requests
Skipping updateAccountNonces for BERA debugging
BATCH COMPLETED
BATCH STARTED -- 1 requests
Skipping updateAccountNonces for BERA debugging
Creating block JSON for BERA block 15529679 (0xf6447d8df0d24637e87f4ec6eee99b3d8a9901010f77784d61cf85d416f2e3f7)...
Searching for 16 transactions in transactions_BERA...
Created block json containing 6 txFull items.
[TxProcessor] broadcasting block 15529679 (0xf6447d8df0d24637e87f4ec6eee99b3d8a9901010f77784d61cf85d416f2e3f7)
BATCH COMPLETED
BATCH STARTED -- 9 requests
Skipping updateAccountNonces for BERA debugging
BATCH COMPLETED
BATCH STARTED -- 6 requests
Skipping updateAccountNonces for BERA debugging
BATCH COMPLETED
BATCH STARTED -- 2 requests
Skipping updateAccountNonces for BERA debugging
Creating block JSON for BERA block 15529680 (0xaaabcff436d1a8fc30c2fb4dcbe1e300e81024154535121c561fec54dfa0c7b5)...
Searching for 8 transactions in transactions_BERA...
Created block json containing 8 txFull items.
[TxProcessor] broadcasting block 15529680 (0xaaabcff436d1a8fc30c2fb4dcbe1e300e81024154535121c561fec54dfa0c7b5)
BATCH COMPLETED
BATCH STARTED -- 6 requests
Skipping updateAccountNonces for BERA debugging
BATCH COMPLETED
BATCH STARTED -- 1 requests
Skipping updateAccountNonces for BERA debugging
Creating block JSON for BERA block 15529681 (0xea6e0b61040dd847143b0062788e5a4f1b0459b9527a840c2641eb5f5c1ab579)...
Searching for 7 transactions in transactions_BERA...
Created block json containing 6 txFull items.
[TxProcessor] broadcasting block 15529681 (0xea6e0b61040dd847143b0062788e5a4f1b0459b9527a840c2641eb5f5c1ab579)
BATCH COMPLETED
BATCH STARTED -- 6 requests
Skipping updateAccountNonces for BERA debugging
BATCH COMPLETED
BATCH STARTED -- 1 requests
Skipping updateAccountNonces for BERA debugging
Creating block JSON for BERA block 15529682 (0x056c23311cfc46c73395786adfaeaea692a0e178769eb5c42dd365e5fa01a5e6)...
Searching for 8 transactions in transactions_BERA...
Created block json containing 7 txFull items.
[TxProcessor] broadcasting block 15529682 (0x056c23311cfc46c73395786adfaeaea692a0e178769eb5c42dd365e5fa01a5e6)
BATCH COMPLETED
BATCH STARTED -- 7 requests
Skipping updateAccountNonces for BERA debugging
BATCH COMPLETED
BATCH STARTED -- 1 requests
Skipping updateAccountNonces for BERA debugging
Creating block JSON for BERA block 15529683 (0xc4420e91a00b88aa07e87b5b4031f46f2ca0b155aaac879f02ebba3f8fd32a15)...
Searching for 4 transactions in transactions_BERA...
Created block json containing 4 txFull items.
[TxProcessor] broadcasting block 15529683 (0xc4420e91a00b88aa07e87b5b4031f46f2ca0b155aaac879f02ebba3f8fd32a15)
BATCH COMPLETED
BATCH STARTED -- 3 requests
Skipping updateAccountNonces for BERA debugging
BATCH COMPLETED
BATCH STARTED -- 2 requests
Skipping updateAccountNonces for BERA debugging
Creating block JSON for BERA block 15529684 (0x176b88acaef6cdaf103f97c836aa0c2ee1b84792da9dfd4b8bdfe25638fc3cdc)...
Searching for 19 transactions in transactions_BERA...
Created block json containing 8 txFull items.
[TxProcessor] broadcasting block 15529684 (0x176b88acaef6cdaf103f97c836aa0c2ee1b84792da9dfd4b8bdfe25638fc3cdc)
BATCH COMPLETED
BATCH STARTED -- 9 requests
Skipping updateAccountNonces for BERA debugging
BATCH COMPLETED
BATCH STARTED -- 8 requests
Skipping updateAccountNonces for BERA debugging
BATCH COMPLETED
BATCH STARTED -- 1 requests
Skipping updateAccountNonces for BERA debugging
Creating block JSON for BERA block 15529685 (0xb0c2f2bd6ec12bb9f2931167a993dda45e1215772bdb728415a83041be9037ab)...
Searching for 12 transactions in transactions_BERA...
Created block json containing 7 txFull items.
[TxProcessor] broadcasting block 15529685 (0xb0c2f2bd6ec12bb9f2931167a993dda45e1215772bdb728415a83041be9037ab)
BATCH COMPLETED
BATCH STARTED -- 9 requests
Skipping updateAccountNonces for BERA debugging
BATCH COMPLETED
BATCH STARTED -- 2 requests
Skipping updateAccountNonces for BERA debugging
BATCH COMPLETED
BATCH STARTED -- 1 requests
Skipping updateAccountNonces for BERA debugging
Creating block JSON for BERA block 15529686 (0x55aed6ec85c66617489ca285e70eb714329263b973e49d9da54eb1335d32c0f1)...
Searching for 9 transactions in transactions_BERA...
Created block json containing 6 txFull items.
[TxProcessor] broadcasting block 15529686 (0x55aed6ec85c66617489ca285e70eb714329263b973e49d9da54eb1335d32c0f1)
BATCH COMPLETED
BATCH STARTED -- 8 requests
Skipping updateAccountNonces for BERA debugging
BATCH COMPLETED
BATCH STARTED -- 1 requests
Skipping updateAccountNonces for BERA debugging
Creating block JSON for BERA block 15529687 (0x8fca0c06c3727a21dbaf76549039d3971bd7bbe7f14b161c64a5b88b914454b6)...
Searching for 6 transactions in transactions_BERA...
Created block json containing 6 txFull items.
[TxProcessor] broadcasting block 15529687 (0x8fca0c06c3727a21dbaf76549039d3971bd7bbe7f14b161c64a5b88b914454b6)
BATCH COMPLETED
BATCH STARTED -- 5 requests
Skipping updateAccountNonces for BERA debugging
BATCH COMPLETED
BATCH STARTED -- 1 requests
Skipping updateAccountNonces for BERA debugging
Creating block JSON for BERA block 15529688 (0x3dc71603945a7d469c9cff25f8057558850fe5aace3c6fd97a5d9899007786be)...
Searching for 4 transactions in transactions_BERA...
Created block json containing 4 txFull items.
[TxProcessor] broadcasting block 15529688 (0x3dc71603945a7d469c9cff25f8057558850fe5aace3c6fd97a5d9899007786be)
BATCH COMPLETED
BATCH STARTED -- 3 requests
Skipping updateAccountNonces for BERA debugging
BATCH COMPLETED
BATCH STARTED -- 2 requests
Skipping updateAccountNonces for BERA debugging
Creating block JSON for BERA block 15529689 (0x831851c99d7f3d8f49556f77d979b2e36ef1e522440e83d7c851b09fa2bef7e8)...
Searching for 11 transactions in transactions_BERA...
Created block json containing 8 txFull items.
[TxProcessor] broadcasting block 15529689 (0x831851c99d7f3d8f49556f77d979b2e36ef1e522440e83d7c851b09fa2bef7e8)
BATCH COMPLETED
BATCH STARTED -- 9 requests
Skipping updateAccountNonces for BERA debugging
BATCH COMPLETED
BATCH STARTED -- 2 requests
Skipping updateAccountNonces for BERA debugging
Creating block JSON for BERA block 15529690 (0x3b75f9fa2988b8b4de7ed0d4621293e7520036e9e3aa022ddae664071be88675)...
Searching for 6 transactions in transactions_BERA...
Created block json containing 6 txFull items.
[TxProcessor] broadcasting block 15529690 (0x3b75f9fa2988b8b4de7ed0d4621293e7520036e9e3aa022ddae664071be88675)
BATCH COMPLETED
BATCH STARTED -- 4 requests
Skipping updateAccountNonces for BERA debugging
BATCH COMPLETED
BATCH STARTED -- 1 requests
Skipping updateAccountNonces for BERA debugging
Creating block JSON for BERA block 15529691 (0xb3a509c03e924ce6b3d08e1a31836b4673f3bf28b352b43aca0cc703650bba71)...
Searching for 12 transactions in transactions_BERA...
Created block json containing 6 txFull items.
[TxProcessor] broadcasting block 15529691 (0xb3a509c03e924ce6b3d08e1a31836b4673f3bf28b352b43aca0cc703650bba71)
BATCH COMPLETED
BATCH STARTED -- 8 requests
Skipping updateAccountNonces for BERA debugging
BATCH COMPLETED
BATCH STARTED -- 3 requests
Skipping updateAccountNonces for BERA debugging
BATCH COMPLETED
BATCH STARTED -- 2 requests
Skipping updateAccountNonces for BERA debugging
Creating block JSON for BERA block 15529692 (0xcb56ec538c91504d449e7f07d26b66e1be74265af76fac4b285d043bf7f13005)...
Searching for 10 transactions in transactions_BERA...
Created block json containing 9 txFull items.
[TxProcessor] broadcasting block 15529692 (0xcb56ec538c91504d449e7f07d26b66e1be74265af76fac4b285d043bf7f13005)
BATCH COMPLETED
BATCH STARTED -- 8 requests
Skipping updateAccountNonces for BERA debugging
BATCH COMPLETED
BATCH STARTED -- 2 requests
Skipping updateAccountNonces for BERA debugging
Creating block JSON for BERA block 15529693 (0xafe3b052e4be781328e72c17c805999234ac2b2dadeffdc0c62a47a5a0c4e099)...
Searching for 7 transactions in transactions_BERA...
Created block json containing 7 txFull items.
[TxProcessor] broadcasting block 15529693 (0xafe3b052e4be781328e72c17c805999234ac2b2dadeffdc0c62a47a5a0c4e099)
BATCH COMPLETED
BATCH STARTED -- 5 requests
Skipping updateAccountNonces for BERA debugging
BATCH COMPLETED
BATCH STARTED -- 1 requests
Skipping updateAccountNonces for BERA debugging
Creating block JSON for BERA block 15529694 (0xd44a5a4ce54947e74d1386ae11dd6530f9e9fe9014b6b91724e72d64d48b8559)...
Searching for 14 transactions in transactions_BERA...
Created block json containing 7 txFull items.
[TxProcessor] broadcasting block 15529694 (0xd44a5a4ce54947e74d1386ae11dd6530f9e9fe9014b6b91724e72d64d48b8559)
BATCH COMPLETED
BATCH STARTED -- 10 requests
Skipping updateAccountNonces for BERA debugging
BATCH COMPLETED
BATCH STARTED -- 3 requests
Skipping updateAccountNonces for BERA debugging
BATCH COMPLETED
BATCH STARTED -- 1 requests
Skipping updateAccountNonces for BERA debugging
Creating block JSON for BERA block 15529695 (0x4967ec212da7a4746aad3c99378e4ebc6084705438b4fece359372df8e0375f2)...
Searching for 10 transactions in transactions_BERA...
Created block json containing 7 txFull items.
[TxProcessor] broadcasting block 15529695 (0x4967ec212da7a4746aad3c99378e4ebc6084705438b4fece359372df8e0375f2)
BATCH COMPLETED
BATCH STARTED -- 9 requests
Skipping updateAccountNonces for BERA debugging
BATCH COMPLETED
BATCH STARTED -- 2 requests
Skipping updateAccountNonces for BERA debugging
Creating block JSON for BERA block 15529696 (0xc5242930e8126edda5ea27399424184304ae34436f56ec70bc84486d514dc864)...
Searching for 9 transactions in transactions_BERA...
Created block json containing 8 txFull items.
[TxProcessor] broadcasting block 15529696 (0xc5242930e8126edda5ea27399424184304ae34436f56ec70bc84486d514dc864)
BATCH COMPLETED
BATCH STARTED -- 7 requests
Skipping updateAccountNonces for BERA debugging
BATCH COMPLETED
BATCH STARTED -- 1 requests
Skipping updateAccountNonces for BERA debugging
Creating block JSON for BERA block 15529697 (0xc449e73b49f000e6237f9973d6c6b53411d4b4da0d1818d9ee1c65af6bdb0272)...
Searching for 8 transactions in transactions_BERA...
Created block json containing 6 txFull items.
[TxProcessor] broadcasting block 15529697 (0xc449e73b49f000e6237f9973d6c6b53411d4b4da0d1818d9ee1c65af6bdb0272)
BATCH COMPLETED
BATCH STARTED -- 7 requests
Skipping updateAccountNonces for BERA debugging
BATCH COMPLETED
BATCH STARTED -- 2 requests
Skipping updateAccountNonces for BERA debugging
Creating block JSON for BERA block 15529698 (0xaf7d51d0ab1f1ead8baa8fca953b77cd4d3b9e693c63649d526895e2d0737b1d)...
Searching for 11 transactions in transactions_BERA...
Created block json containing 8 txFull items.
[TxProcessor] broadcasting block 15529698 (0xaf7d51d0ab1f1ead8baa8fca953b77cd4d3b9e693c63649d526895e2d0737b1d)
BATCH COMPLETED
BATCH STARTED -- 9 requests
Skipping updateAccountNonces for BERA debugging
BATCH COMPLETED
BATCH STARTED -- 5 requests
Skipping updateAccountNonces for BERA debugging
Creating block JSON for BERA block 15529699 (0x9d3fa8be0d7660ed6af31b2fa38df0f365a4f023c5b9bb62559cae2ba3de2022)...
Searching for 6 transactions in transactions_BERA...
Created block json containing 6 txFull items.
[TxProcessor] broadcasting block 15529699 (0x9d3fa8be0d7660ed6af31b2fa38df0f365a4f023c5b9bb62559cae2ba3de2022)
BATCH COMPLETED
BATCH STARTED -- 1 requests
Skipping updateAccountNonces for BERA debugging
BATCH COMPLETED
BATCH STARTED -- 2 requests
Skipping updateAccountNonces for BERA debugging
Creating block JSON for BERA block 15529700 (0xa3e5c177345de828983986ee91d8c39f322fdb0f4b8f984034914c42fda50f73)...
Searching for 17 transactions in transactions_BERA...
Created block json containing 9 txFull items.
[TxProcessor] broadcasting block 15529700 (0xa3e5c177345de828983986ee91d8c39f322fdb0f4b8f984034914c42fda50f73)
BATCH COMPLETED
BATCH STARTED -- 10 requests
Skipping updateAccountNonces for BERA debugging
BATCH COMPLETED
BATCH STARTED -- 5 requests
Skipping updateAccountNonces for BERA debugging
BATCH COMPLETED
BATCH STARTED -- 3 requests
Skipping updateAccountNonces for BERA debugging
Creating block JSON for BERA block 15529701 (0x962583b9fa6b4ecdfd15decf92d0aea98c87c23ad202a5d846ce6f68facc7d93)...
Searching for 8 transactions in transactions_BERA...
Created block json containing 8 txFull items.
[TxProcessor] broadcasting block 15529701 (0x962583b9fa6b4ecdfd15decf92d0aea98c87c23ad202a5d846ce6f68facc7d93)
BATCH COMPLETED
BATCH STARTED -- 5 requests
Skipping updateAccountNonces for BERA debugging
BATCH COMPLETED
BATCH STARTED -- 2 requests
Skipping updateAccountNonces for BERA debugging
Creating block JSON for BERA block 15529702 (0xa379ac4df8976d1bef0d6ac9e980b985c45c0828d0f16dfa9a018b4a5039b845)...
Searching for 6 transactions in transactions_BERA...
Created block json containing 6 txFull items.
[TxProcessor] broadcasting block 15529702 (0xa379ac4df8976d1bef0d6ac9e980b985c45c0828d0f16dfa9a018b4a5039b845)
BATCH COMPLETED
BATCH STARTED -- 4 requests
Skipping updateAccountNonces for BERA debugging
BATCH COMPLETED
BATCH STARTED -- 2 requests
Skipping updateAccountNonces for BERA debugging
Creating block JSON for BERA block 15529703 (0xa3b9e562d590845d12c8d5f545ca44a19cb7ca81963c6e6ab5e104cc6342aece)...
Searching for 6 transactions in transactions_BERA...
Created block json containing 6 txFull items.
[TxProcessor] broadcasting block 15529703 (0xa3b9e562d590845d12c8d5f545ca44a19cb7ca81963c6e6ab5e104cc6342aece)
BATCH COMPLETED
BATCH STARTED -- 4 requests
Skipping updateAccountNonces for BERA debugging
BATCH COMPLETED
BATCH STARTED -- 1 requests
Skipping updateAccountNonces for BERA debugging
Creating block JSON for BERA block 15529704 (0x3819170aa0643d9c4fe2722ddcabbdbafe7434729616ee3b0cf0b03f55ef962d)...
Searching for 6 transactions in transactions_BERA...
Created block json containing 6 txFull items.
[TxProcessor] broadcasting block 15529704 (0x3819170aa0643d9c4fe2722ddcabbdbafe7434729616ee3b0cf0b03f55ef962d)
BATCH COMPLETED
BATCH STARTED -- 5 requests
Skipping updateAccountNonces for BERA debugging
BATCH COMPLETED
BATCH STARTED -- 1 requests
Skipping updateAccountNonces for BERA debugging
Creating block JSON for BERA block 15529705 (0x9fb06f159a380af2d8251b21ce2e52459235fe4d85209e9c09096654233419e4)...
Searching for 7 transactions in transactions_BERA...
Created block json containing 6 txFull items.
[TxProcessor] broadcasting block 15529705 (0x9fb06f159a380af2d8251b21ce2e52459235fe4d85209e9c09096654233419e4)
BATCH COMPLETED
BATCH STARTED -- 6 requests
Skipping updateAccountNonces for BERA debugging
BATCH COMPLETED
BATCH STARTED -- 2 requests
Skipping updateAccountNonces for BERA debugging
Creating block JSON for BERA block 15529706 (0x374b4a4e5ce6e54f0c9b54ed39e5609d1f43d0fb9a436d5ab45a857bc90fe154)...
Searching for 7 transactions in transactions_BERA...
Created block json containing 7 txFull items.
[TxProcessor] broadcasting block 15529706 (0x374b4a4e5ce6e54f0c9b54ed39e5609d1f43d0fb9a436d5ab45a857bc90fe154)
BATCH COMPLETED
BATCH STARTED -- 5 requests
Skipping updateAccountNonces for BERA debugging
BATCH COMPLETED
BATCH STARTED -- 1 requests
Skipping updateAccountNonces for BERA debugging
Creating block JSON for BERA block 15529707 (0xcb07e27533433fb3d7539362544e5e0105cf57c9ba425e70d88002a886c95d38)...
Searching for 4 transactions in transactions_BERA...
Created block json containing 4 txFull items.
[TxProcessor] broadcasting block 15529707 (0xcb07e27533433fb3d7539362544e5e0105cf57c9ba425e70d88002a886c95d38)
BATCH COMPLETED
BATCH STARTED -- 3 requests
Skipping updateAccountNonces for BERA debugging
BATCH COMPLETED
BATCH STARTED -- 1 requests
Skipping updateAccountNonces for BERA debugging
Creating block JSON for BERA block 15529708 (0x2defaa8857db9abf8b388f0a9de91c3960a96e4d638a5adc89bcb4b2cac1bc30)...
Searching for 11 transactions in transactions_BERA...
Created block json containing 6 txFull items.
[TxProcessor] broadcasting block 15529708 (0x2defaa8857db9abf8b388f0a9de91c3960a96e4d638a5adc89bcb4b2cac1bc30)
BATCH COMPLETED
BATCH STARTED -- 8 requests
Skipping updateAccountNonces for BERA debugging
BATCH COMPLETED
BATCH STARTED -- 2 requests
Skipping updateAccountNonces for BERA debugging
BATCH COMPLETED
BATCH STARTED -- 1 requests
Skipping updateAccountNonces for BERA debugging
Creating block JSON for BERA block 15529709 (0x02c8becec08c07e9d28407555934eedf06f7be54bfdbaff9c596b7828fe98606)...
Searching for 9 transactions in transactions_BERA...
Created block json containing 5 txFull items.
[TxProcessor] broadcasting block 15529709 (0x02c8becec08c07e9d28407555934eedf06f7be54bfdbaff9c596b7828fe98606)
BATCH COMPLETED
BATCH STARTED -- 8 requests
Skipping updateAccountNonces for BERA debugging
BATCH COMPLETED
BATCH STARTED -- 1 requests
Skipping updateAccountNonces for BERA debugging
Creating block JSON for BERA block 15529710 (0x86583d174c41ad64141c24fd13d5730a7dfe989530c6afb5c891df17df1d09ad)...
Searching for 1 transactions in transactions_BERA...
Created block json containing 1 txFull items.
[TxProcessor] broadcasting block 15529710 (0x86583d174c41ad64141c24fd13d5730a7dfe989530c6afb5c891df17df1d09ad)
BATCH COMPLETED
BATCH STARTED -- 2 requests
Skipping updateAccountNonces for BERA debugging
Creating block JSON for BERA block 15529711 (0xce39353ccd7768fd91856368a11a758aba1e0995f7b9ca043a2af3e80b8ad979)...
Searching for 12 transactions in transactions_BERA...
Created block json containing 8 txFull items.
[TxProcessor] broadcasting block 15529711 (0xce39353ccd7768fd91856368a11a758aba1e0995f7b9ca043a2af3e80b8ad979)
BATCH COMPLETED
BATCH STARTED -- 9 requests
Skipping updateAccountNonces for BERA debugging
BATCH COMPLETED
BATCH STARTED -- 1 requests
Skipping updateAccountNonces for BERA debugging
BATCH COMPLETED
BATCH STARTED -- 1 requests
Skipping updateAccountNonces for BERA debugging
Creating block JSON for BERA block 15529712 (0x6a8b732e1d2b005cbb4f6292d52116c3103c3c71e94557c294bb721e132e4fd8)...
Searching for 8 transactions in transactions_BERA...
Created block json containing 7 txFull items.
[TxProcessor] broadcasting block 15529712 (0x6a8b732e1d2b005cbb4f6292d52116c3103c3c71e94557c294bb721e132e4fd8)
BATCH COMPLETED
BATCH STARTED -- 7 requests
Skipping updateAccountNonces for BERA debugging
BATCH COMPLETED
BATCH STARTED -- 1 requests
Skipping updateAccountNonces for BERA debugging
Creating block JSON for BERA block 15529713 (0x15ba4a57e31ce0634b04cd773c5448246b2cfabb0df959b8495c0c8a27a33cfd)...
Searching for 9 transactions in transactions_BERA...
Created block json containing 7 txFull items.
[TxProcessor] broadcasting block 15529713 (0x15ba4a57e31ce0634b04cd773c5448246b2cfabb0df959b8495c0c8a27a33cfd)
BATCH COMPLETED
BATCH STARTED -- 8 requests
Skipping updateAccountNonces for BERA debugging
BATCH COMPLETED
BATCH STARTED -- 1 requests
Skipping updateAccountNonces for BERA debugging
Creating block JSON for BERA block 15529714 (0xb78435ccf88c0fb8dbe4dea33ae8b98fbc3e80057648f08386fde816850a67cc)...
Searching for 8 transactions in transactions_BERA...
Created block json containing 7 txFull items.
[TxProcessor] broadcasting block 15529714 (0xb78435ccf88c0fb8dbe4dea33ae8b98fbc3e80057648f08386fde816850a67cc)
BATCH COMPLETED
BATCH STARTED -- 7 requests
Skipping updateAccountNonces for BERA debugging
BATCH COMPLETED
BATCH STARTED -- 1 requests
Skipping updateAccountNonces for BERA debugging
Creating block JSON for BERA block 15529715 (0x866a1f0c0e5fa73e25f4bf477e2884a1cc9d917e5c120b05276ad5800004d523)...
Searching for 6 transactions in transactions_BERA...
Created block json containing 6 txFull items.
[TxProcessor] broadcasting block 15529715 (0x866a1f0c0e5fa73e25f4bf477e2884a1cc9d917e5c120b05276ad5800004d523)
BATCH COMPLETED
BATCH STARTED -- 5 requests
Skipping updateAccountNonces for BERA debugging
BATCH COMPLETED
BATCH STARTED -- 1 requests
Skipping updateAccountNonces for BERA debugging
Creating block JSON for BERA block 15529716 (0x5d8fa4100b63b7c8c49ba467078484053f1d30b97cbf880146a1fc14b6aee95a)...
Searching for 9 transactions in transactions_BERA...
Created block json containing 7 txFull items.
[TxProcessor] broadcasting block 15529716 (0x5d8fa4100b63b7c8c49ba467078484053f1d30b97cbf880146a1fc14b6aee95a)
BATCH COMPLETED
BATCH STARTED -- 8 requests
Skipping updateAccountNonces for BERA debugging
BATCH COMPLETED
BATCH STARTED -- 1 requests
Skipping updateAccountNonces for BERA debugging
Creating block JSON for BERA block 15529717 (0x0c82c3cf4fd5dc7fbdf3b9993c1953ca47a97ad28573ad8f3daae2d3de132ecf)...
Searching for 9 transactions in transactions_BERA...
Created block json containing 7 txFull items.
[TxProcessor] broadcasting block 15529717 (0x0c82c3cf4fd5dc7fbdf3b9993c1953ca47a97ad28573ad8f3daae2d3de132ecf)
BATCH COMPLETED
BATCH STARTED -- 8 requests
Skipping updateAccountNonces for BERA debugging
BATCH COMPLETED
